lot,n,tipologie
http://w3id.org/zac/87369_lot_2,25,ARGENTI | BAULI | ARMI | AVORI | MERLETTI | Emaillirte Gläser | Musik-Instrumente; Spielkarten | Gruppen; Figuren | Medaillen; Münzen | DISEGNI | MAIOLICHE | OGGETTI IN LATTA | OGGETTI IN LEGNO | OGGETTI IN RAME | OGGETTI IN ORO | OGGETTI VARI | OTTONI | OGGETTI IN FERRO | Rüstungen | Schwerter; Säbel | PIATTI | SCATOLE | VASI | SMALTI | Prunk-Hellebarden; Trabanten-Hellebarden
http://w3id.org/zac/87369_lot_3,20,BIANCHERIA | ARMI | BRONZI | ARGENTI | CAMEI | Medaillen; Münzen | Gefäße | Gruppen; Figuren | MAIOLICHE | OGGETTI IN LEGNO | OGGETTI IN FERRO | OGGETTI IN LATTA | OGGETTI IN ORO | Speere; Spieße | SCATOLE | VASI | Prunk-Hellebarden; Trabanten-Hellebarden | Rüstungen | Ronsarts; Partisanen; Spontons | Stickereien; Stoffe; Spitzen
http://w3id.org/zac/88467_lot_1,19,ACQUEFORTI | ANTICHITA' | BRONZI | CORNICI | ARGENTI | Bronze; Messing | Holz- und Marmorskulpturen; Vasen | MAIOLICHE | OGGETTI D'ARTE ORIENTALE | Kissen; Stickereien; Stoffe; Teppiche | OGGETTI IN ORO | OGGETTI IN LATTA | OTTONI | OGGETTI VARI | PIATTI | VETRI | SCOMPARTI | Porzellane; Fayencen; Steingut | VASI
http://w3id.org/zac/81913_lot_2,18,ARMI | BRONZI; FERRI; OGGETTI VARI IN METALLO | MOBILI | MAIOLICHE | PENDOLE; OROLOGI | PIATTI | OGGETTI IN LEGNO | OMBRELLI | OROLOGI | OGGETTI LITURGICI | OGGETTI VARI | Stoffe; tappeti | Stoffe; Tappeti | STOFFE; TAPPETI | STRUMENTI MUSICALI | PORCELLANE; MAIOLICHE | VASI | Porcellane; maioliche | SCATOLE | Porcellane; Maioliche | STAMPE E INCISIONI | POLTRONE
http://w3id.org/zac/87421_lot_2,18,BAULI | CAMEI | ARREDAMENTI | MAIOLICHE | MINIATURE | FOTOGRAFIE | MEDAGLIE | MOBILI | OGGETTI VARI | OGGETTI IN ORO | OROLOGI | OGGETTI IN METALLO | TESSUTI | SCATOLE | VETRI | PORCELLANE | VASI | TERRECOTTE
http://w3id.org/zac/84275_lot_I,17,BASSORILIEVI | bronzes; pendules | BRONZES; PENDULES | Bronzes; Pendules | BIANCHERIA | ARREDAMENTI | BRONZI | MEDAGLIE | MAIOLICHE | MOBILI | OGGETTI VARI | OGGETTI IN LEGNO | TORCE | SEDIE | PORCELLANE | STRUMENTI SCIENTIFICI | SCULTURE | VASI | STAMPE E INCISIONI
http://w3id.org/zac/81800_lot_2,16,BRONZI | ARGENTI | CORNICI | MONETE | GIOIELLI | MAIOLICHE | LIBRI | MARMI | MINIATURE | MOBILI | OGGETTI VARI | OGGETTI IN LEGNO | TESSUTI | VASI | REPERTI ARCHEOLOGICI | VETRI
http://w3id.org/zac/87369_lot_4,16,ARMI | Bronze; Messing | ARGENTI | MAIOLICHE | Gefäße | OGGETTI IN METALLO | OGGETTI IN FERRO | OGGETTI IN LATTA | OGGETTI IN ORO | Rüstungen | Speere; Spieße | SCULTURE | Streitkolben; Schlachtbeile; Streitäxte | Streithämmer; Reiterhammer | Pulverhörner | Stickereien; Stoffe; Spitzen
http://w3id.org/zac/88058_lot_3,16,COPPE | CORNICI | BESTECKE; WAFFEN; BUCHER; EINBANDE | MOBEL; SPIEGEL; STANDUHREN | FAYENCE; MAJOLIKA; STEINGUT; GLAS | MINIATUREN; OLBILDER; STICHE | DOSEN; TASCHENUHREN; FACHER | OGGETTI IN RAME | OGGETTI IN CERA | OGGETTI IN FERRO | OGGETTI IN ORO | OGGETTI IN LATTA | OGGETTI VARI | VASI | SILBER; EMAIL; DOSEN; TASCHENUHREN; FACHER | PIATTI
http://w3id.org/zac/88058_lot_4,16,BESTECKE; WAFFEN; BUCHER; EINBANDE | CORNICI | DOSEN; TASCHENUHREN; FACHER | MINIATUREN; OLBILDER; STICHE | MOBEL; SPIEGEL; STANDUHREN | FAYENCE; MAJOLIKA; STEINGUT; GLAS | MINIATUREN; BILDER; STICHE | LAMPADE | OGGETTI IN LATTA | OGGETTI IN RAME | OGGETTI VARI | OGGETTI IN CERA | OGGETTI IN ORO | SILBER; EMAIL; DOSEN; TASCHENUHREN; FACHER | VASI | SCATOLE
http://w3id.org/zac/88058_lot_5,16,MOBEL; SPIEGEL; STANDUHREN | FAYENCE; MAJOLIKA; STEINGUT; GLAS | MINIATUREN; BILDER; STICHE | LAMPADE | DOSEN; TASCHENUHREN; FACHER | MINIATUREN; OLBILDER; STICHE | OGGETTI IN ORO | OGGETTI IN LEGNO | OGGETTI IN RAME | OGGETTI IN CERA | OGGETTI VARI | OGGETTI IN LATTA | SILBER; EMAIL; DOSEN; TASCHENUHREN; FACHER | SCATOLE | SCOMPARTI | SPECCHI
http://w3id.org/zac/88499_lot_1,16,ARGENTI | BRONZI | Bronzen; Uhren | ACQUEFORTI | Mobel; Stiche | MAIOLICHE | OGGETTI IN LATTA | OGGETTI VARI | OGGETTI IN ORO | PORCELLANE | Silber; Gold; Schmuck | VETRI | STAMPE E INCISIONI | SCOMPARTI | Stoffe; Stickereien | SPECCHI
http://w3id.org/zac/81744_lot_2,15,ARMURES; CASQUES; BOUCLIERS | BRONZI | COSTUMES; GANTS | LIBRI | MEDAGLIE | EPEES; DAGUES; POIGNARDS; HACHES; LANCES | OGGETTI LITURGICI | OGGETTI IN LEGNO | PIATTI | OGGETTI IN METALLO | OGGETTI VARI | VETRI | STAMPE E INCISIONI | STRUMENTI MUSICALI | PLACCHETTE
http://w3id.org/zac/81771_lot_2,15,CORNICI | AVORI | DIPINTI | BRONZI | ARGENTI | BISCOTTI | MAIOLICHE | MOBILI | LAMPADE | MARMI | MINIATURE | OGGETTI VARI | VETRI | TESSUTI | VASI
http://w3id.org/zac/81913_lot_4,15,ARMI | BRONZI; FERRI; OGGETTI VARI IN METALLO | BASTONI; OMBRELLI; MAZZE | MOBILI | MAIOLICHE | MARMI | OGGETTI LITURGICI | OROLOGI | PIATTI | OGGETTI VARI | Porcellane; maioliche | TAPPETI | STAMPE E INCISIONI | SCULTURE | Porcellane; Maioliche | PORCELLANE; MAIOLICHE | SCATOLE
http://w3id.org/zac/81913_lot_5,15,BRONZI; FERRI; OGGETTI VARI IN METALLO | BOTTIGLIE | BASTONI; OMBRELLI; MAZZE | ARMI | MOBILI | MODELLI | OGGETTI VARI | PIATTI | PENDOLE; OROLOGI | OMBRELLI | PORCELLANE; MAIOLICHE | Porcellane; Maioliche | SCULTURE | Porcellane; maioliche | STAMPE E INCISIONI | STOFFE; TAPPETI | Stoffe; Tappeti | SCATOLE; TABACCHIERE | Stoffe; tappeti
http://w3id.org/zac/87358_lot_2,15,ARGENTI | BRONZI | DIPINTI | CORNICI | AVORI | ARMI | MINIATURE | OGGETTI IN PELLE | OGGETTI IN FERRO | OGGETTI IN LEGNO | STAGNI | VETRI | SMALTI | TESSUTI | TERRECOTTE
http://w3id.org/zac/87363_lot_2,15,Bilder; Miniaturen | Bronce; Messingwaaren | MOBILI | Kostumstucke; Kostume; Stickereien | Fayence; glasirte Thonwaaren | Kriegs- und Jagd-Waffen; Jagdgerathschaften | OGGETTI IN LATTA | OGGETTI IN FERRO | OGGETTI IN LEGNO | OGGETTI VARI | OROLOGI | Rahmen; Spiegel; Schnitzereien | VETRI | TESSUTI | VASI
http://w3id.org/zac/87363_lot_3,15,CORNICI | Bronce; Messingwaaren | MOBILI | Kriegs- und Jagd-Waffen; Jagdgerathschaften | Kostumstucke; Kostume; Stickereien | Fayence; glasirte Thonwaaren | OROLOGI | OGGETTI IN LEGNO | OGGETTI IN LATTA | OGGETTI IN FERRO | OGGETTI VARI | OGGETTI IN PELLE | SPARTITI MUSICALI | TESSUTI | VETRI
http://w3id.org/zac/87363_lot_6,15,BRONZI | Bilder; Miniaturen | Bronce; Messingwaaren | Kriegs- und Jagd-Waffen; Jagdgerathschaften | Kostumstucke; Kostume; Stickereien | MOBILI | OROLOGI | OGGETTI VARI | OGGETTI IN LEGNO | OGGETTI IN FERRO | OGGETTI IN LATTA | VETRI | SPARTITI MUSICALI | TESSUTI | VASI
http://w3id.org/zac/88058_lot_10,15,BIANCHERIA | CORNICI | ARREDAMENTI | MOBEL; SPIEGEL; STANDUHREN | DOSEN; TASCHENUHREN; FACHER | FAYENCE; MAJOLIKA; STEINGUT; GLAS | MINIATUREN; OLBILDER; STICHE | OGGETTI IN LATTA | OGGETTI VARI | OGGETTI IN LEGNO | OGGETTI IN RAME | OGGETTI IN ORO | PIATTI | VASI | SILBER; EMAIL; DOSEN; TASCHENUHREN; FACHER
http://w3id.org/zac/88485_lot_1,15,BRONZI | BAULI | Messer | Holzschnitzereien; Skulpturen | MOBILI | MAIOLICHE | Gold; Silber; Uhren; Schmuck | OGGETTI D'ARTE ORIENTALE | OGGETTI IN LEGNO | OGGETTI VARI | OGGETTI IN LATTA | OGGETTI IN ORO | VETRI | Stickereien; Stoffe | Porzellan; Fayence | PORZELLAN; FAYENCE
http://w3id.org/zac/88550_lot_2,15,BIANCHERIA | BRONZI | MINIATUREN; DOSEN | DISEGNI | MAIOLICHE | DIPINTI | Miniaturen; Dosen | OGGETTI IN LEGNO | OGGETTI IN ORO | OGGETTI IN CERA | OGGETTI IN LATTA | SCOMPARTI | VASI | PORCELLANE | Stoffe; Stickereien | PIATTI
http://w3id.org/zac/81799_lot_2,14,BRONZI | ARGENTI | CORNICI | GIOIELLI | LIBRI | MOBILI | MAIOLICHE | MONETE | MARMI | OGGETTI VARI | OGGETTI IN LEGNO | REPERTI ARCHEOLOGICI | TESSUTI | VASI
http://w3id.org/zac/81913_lot_3,14,COPPE | ARMI | BRONZI; FERRI; OGGETTI VARI IN METALLO | MAIOLICHE | MOBILI | OROLOGI | PIATTI | OGGETTI VARI | OMBRELLI | OGGETTI LITURGICI | Porcellane; maioliche | Stoffe; tappeti | Stoffe; Tappeti | STOFFE; TAPPETI | SCATOLE | STAMPE E INCISIONI | PORCELLANE; MAIOLICHE | Porcellane; Maioliche
http://w3id.org/zac/81913_lot_7,14,ARMI | BRONZI; FERRI; OGGETTI VARI IN METALLO | MAIOLICHE | MOBILI | LAMPADE | OGGETTI VARI | PENDOLE; OROLOGI | OROLOGI | Porcellane; Maioliche | Porcellane; maioliche | SCATOLE; TABACCHIERE | STAMPE E INCISIONI | PORCELLANE; MAIOLICHE | VASI | SCATOLE | SCULTURE
http://w3id.org/zac/87363_lot_5,14,BRONZI | Bronce; Messingwaaren | MOBILI | Kriegs- und Jagd-Waffen; Jagdgerathschaften | Kostumstucke; Kostume; Stickereien | MAIOLICHE | Fayence; glasirte Thonwaaren | OGGETTI IN ORO | OGGETTI IN FERRO | OGGETTI IN RAME | OGGETTI IN LATTA | OGGETTI IN LEGNO | TESSUTI | VETRI
http://w3id.org/zac/87421_lot_3,14,BISCOTTI | MEDAGLIE | FOTOGRAFIE | MAIOLICHE | MOBILI | MINIATURE | OGGETTI IN LEGNO | OGGETTI VARI | OGGETTI IN ORO | OGGETTI IN METALLO | OROLOGI | VETRI | TERRECOTTE | PORCELLANE
http://w3id.org/zac/87763_lot_4,14,Altertumer; Kunstgegenstande | DIPINTI | Gobelets; Canettes; Gourdes; Becher; Kannen; Schrauben | MEDAGLIE | Munzen; Medaillen | MINIATURE | MUNZEN; MEDAILLEN | OGGETTI IN RAME | OGGETTI IN ORO | OGGETTI IN LEGNO | Tableaux; Peintures; Gravures | PIATTI | plats; assiettes; Platten; Teller | PLACCHETTE | SCATOLE
http://w3id.org/zac/88058_lot_12,14,BESTECKE; WAFFEN; BUCHER; EINBANDE | CORNICI | LAMPADE | MOBEL; SPIEGEL; STANDUHREN | MINIATUREN; OLBILDER; STICHE | MINIATURE | DOSEN; TASCHENUHREN; FACHER | FAYENCE; MAJOLIKA; STEINGUT; GLAS | MINIATUREN; BILDER; STICHE | OGGETTI IN ORO | OGGETTI VARI | OGGETTI IN CERA | OGGETTI IN LEGNO | SILBER; EMAIL; DOSEN; TASCHENUHREN; FACHER
http://w3id.org/zac/88058_lot_17,14,CORNICI | BESTECKE; WAFFEN; BUCHER; EINBANDE | MOBEL; SPIEGEL; STANDUHREN | MINIATUREN; OLBILDER; STICHE | DOSEN; TASCHENUHREN; FACHER | FAYENCE; MAJOLIKA; STEINGUT; GLAS | OGGETTI IN CERA | OGGETTI VARI | OGGETTI IN LATTA | OGGETTI IN RAME | SCATOLE | SPECCHI | SILBER; EMAIL; DOSEN; TASCHENUHREN; FACHER | VASI
http://w3id.org/zac/88058_lot_7,14,BESTECKE; WAFFEN; BUCHER; EINBANDE | CORNICI | CANDELABRI | LAMPADE | MOBEL; SPIEGEL; STANDUHREN | FAYENCE; MAJOLIKA; STEINGUT; GLAS | DOSEN; TASCHENUHREN; FACHER | MINIATUREN; BILDER; STICHE | OGGETTI IN LATTA | OGGETTI IN CERA | OGGETTI IN RAME | OGGETTI VARI | SILBER; EMAIL; DOSEN; TASCHENUHREN; FACHER | STAMPE E INCISIONI
http://w3id.org/zac/88058_lot_9,14,BESTECKE; WAFFEN; BUCHER; EINBANDE | CORNICI | MOBEL; SPIEGEL; STANDUHREN | DOSEN; TASCHENUHREN; FACHER | LAMPADE | MINIATUREN; OLBILDER; STICHE | MINIATUREN; BILDER; STICHE | FAYENCE; MAJOLIKA; STEINGUT; GLAS | FOTOGRAFIE | OGGETTI IN CERA | OGGETTI IN RAME | SILBER; EMAIL; DOSEN; TASCHENUHREN; FACHER | SCATOLE | STAMPE E INCISIONI
http://w3id.org/zac/88067_lot_3,14,BRONZI | ARREDAMENTI | CERAMICHE | Mobel; Einrichtungsgenstande | Gemalde; Kupferstiche | MINIATURE | Fayence; Majoliken | OGGETTI IN ORO | VETRI | PIATTI | SCATOLE | PORCELLANE | Steinzeug; Hafnerware | VASI
http://w3id.org/zac/88096_lot_2,14,CERAMICHE | BRONZI | DIPINTI | ARMI | Edelmetall; Schmuck | Medaillen; Plaketten | Mobel; Holzarbeiten | MOBEL; HOLZARBEITEN | OGGETTI IN LEGNO | OROLOGI | OGGETTI D'ARTE | Zinn; Blei | SMALTI | PIATTI | Stickereien; Spitzen
http://w3id.org/zac/81772_lot_3,13,BASSORILIEVI | 31 Marzo 1908 | 4 Aprile 1908 | 30 Marzo 1908 | 3 aprile | 10 Aprile | 1. aprile | 9 aprile | 8 Aprile | 7 Aprile 1908 | 6 aprile | VASI | POLTRONE
http://w3id.org/zac/81799_lot_3,13,ARGENTI | BANDIERE | BRONZI | LIBRI | MONETE | MAIOLICHE | MARMI | MOBILI | OGGETTI IN ORO | OGGETTI VARI | OGGETTI IN LEGNO | TESSUTI | REPERTI ARCHEOLOGICI
http://w3id.org/zac/81913_lot_6,13,ARMI | BRONZI; FERRI; OGGETTI VARI IN METALLO | COPPE | MOBILI | MODELLI | OROLOGI | OGGETTI VARI | PIATTI | OGGETTI IN LEGNO | STAMPE E INCISIONI | Porcellane; Maioliche | Porcellane; maioliche | PORCELLANE; MAIOLICHE | SCATOLE | SCULTURE
http://w3id.org/zac/83709_lot_3,13,AUTOMOBILI | BOTTIGLIE | LAQUES; EMAUX CLOISONNES | MERLETTI | PERLES; DIAMANTS | OGGETTI IN LEGNO | OGGETTI VARI | PORCELAINES; FAIENCES | TENTURES; BRODERIES; GUIPURES | VENTAGLI | SCULTURE | VASI | Porcelaines; faiences | Porcelaines; Faiences | SEDIE
http://w3id.org/zac/87363_lot_11,13,Bronce; Messingwaaren | Kostumstucke; Kostume; Stickereien | MOBILI | Kriegs- und Jagd-Waffen; Jagdgerathschaften | OGGETTI IN LEGNO | OGGETTI IN LATTA | OGGETTI IN FERRO | OGGETTI IN RAME | OGGETTI VARI | SCATOLE | VETRI | TESSUTI | PIATTI
http://w3id.org/zac/87363_lot_8,13,BRONZI | Bronce; Messingwaaren | Leinenwaaren; Weissstickereien | Kostumstucke; Kostume; Stickereien | MERLETTI | Fayence; glasirte Thonwaaren | Kriegs- und Jagd-Waffen; Jagdgerathschaften | MAIOLICHE | MOBILI | OGGETTI IN FERRO | OGGETTI IN LATTA | OGGETTI VARI | TESSUTI
http://w3id.org/zac/87382_lot_2,13,ARGENTI | BRONZI | Anhänger; Colliers | CORNICI | ALTERTÜMER | OROLOGI | OGGETTI IN RAME | OGGETTI IN FERRO | SMALTI | TAFEL-GERÄTE | SCATOLE | Riechbüchschen; Flacons | STAGNI
http://w3id.org/zac/87763_lot_5,13,BIANCHERIA | Altertumer; Kunstgegenstande | MEDAGLIE | OGGETTI VARI | OGGETTI IN LEGNO | OGGETTI LITURGICI | Taufbecken; Kelche; Weihwasserbecken; Kirchenlampen | PLACCHETTE | Tableaux; Peintures; Gravures | Plaquettes; Plaquetten | plats; assiettes; Platten; Teller | Services a the; Services a cafe; Thee-Service; Kaffee-Service | PIATTI
http://w3id.org/zac/88058_lot_2,13,BESTECKE; WAFFEN; BUCHER; EINBANDE | DOSEN; TASCHENUHREN; FACHER | MOBEL; SPIEGEL; STANDUHREN | FAYENCE; MAJOLIKA; STEINGUT; GLAS | MINIATUREN; OLBILDER; STICHE | MINIATURE | OGGETTI IN RAME | OGGETTI IN ORO | OGGETTI IN CERA | OGGETTI VARI | SPECCHI | VASI | SILBER; EMAIL; DOSEN; TASCHENUHREN; FACHER
http://w3id.org/zac/88219_lot_1,13,BRONZI | ACQUEFORTI | FRANCOBOLLI | Holzskulpturen; Broncen | MINIATURE | MAIOLICHE | OROLOGI | OGGETTI IN LATTA | VETRI | PORCELLANE | Waffen; Musikinstrumente | VASI | STAMPE E INCISIONI
http://w3id.org/zac/88321_lot_4,13,CORNICI | ARTI GRAFICHE | Gold; Silber | FAYENCE; MAJOLIKA | GOLD; SILBER | Fayence; Majolika | OGGETTI IN ORO | OGGETTI IN LEGNO | OGGETTI IN LATTA | TESSUTI | PORCELLANE | PLAKETTEN; MUNZEN; MINIATUREN; BUCHER | STEIN; METALL | SCULTURE | STAMPE E INCISIONI
http://w3id.org/zac/88743_lot_4,13,ARMI | ARGENTI | MOBEL; SITZMOBEL | MOBILI | FOTOGRAFIE | LAMPADE | MAIOLICHE | OGGETTI VARI | OGGETTI IN LEGNO | ORIGINALAQUARELLE; ZEICHNUNGEN | OGGETTI IN LATTA | TESSUTI | PORCELLANE
http://w3id.org/zac/88755_lot_2,13,Bronze; Zinn; Bildwerke | BRONZI | MOBILI | MINIATURE | OGGETTI IN PELLE | OGGETTI IN RAME | OGGETTI IN LEGNO | OGGETTI VARI | Porzellan; Fayence | PORZELLAN; FAYENCE | Siberarbeiten; Mobel | PIATTI | TESSUTI | TAPPETI
http://w3id.org/zac/50064_lot_I,12,BIANCHERIA | CERAMICHE | ACQUEFORTI | ETOFFES; BRODERIES | MOBILI | OGGETTI VARI | OROLOGI | PASTELS; DESSINS | VASI | STAMPE E INCISIONI | PORCELLANE | SCULTURE
http://w3id.org/zac/5444_lot_2,12,BIANCHERIA | ARAZZI | ARREDAMENTI | Mardi 10 Mai | Mercredi 11 Mai | MOBILI | OGGETTI IN LEGNO | OGGETTI VARI | Tapisseries; Etoffes | TAPISSERIES; ETOFFES | SCULTURE | Vendredi 13 Mai | STAMPE E INCISIONI
http://w3id.org/zac/81772_lot_2,12,7 Aprile 1908 | 31 Marzo 1908 | 10 Aprile | 4 Aprile 1908 | 3 aprile | 30 Marzo 1908 | 1. aprile | 6 aprile | 8 Aprile | 9 aprile | POLTRONE | VASI DA FARMACIA
http://w3id.org/zac/81800_lot_3,12,ARGENTI | BOTTIGLIE | BRONZI | MAIOLICHE | MOBILI | MONETE | LIBRI | GIOIELLI | OGGETTI VARI | OGGETTI IN LEGNO | VETRI | REPERTI ARCHEOLOGICI
http://w3id.org/zac/81913_lot_8,12,ARMI | BOTTIGLIE | MAIOLICHE | OGGETTI VARI | PENDOLE; OROLOGI | PIATTI | SCATOLE; TABACCHIERE | Porcellane; maioliche | PORCELLANE; MAIOLICHE | Porcellane; Maioliche | SCATOLE | VASI | SCULTURE | STAMPE E INCISIONI
http://w3id.org/zac/87358_lot_3,12,DIPINTI | BRONZI | ARGENTI | AVORI | OGGETTI IN FERRO | OGGETTI IN PELLE | OGGETTI IN LEGNO | SMALTI | TERRECOTTE | SCATOLE | VETRI | STAGNI
http://w3id.org/zac/87363_lot_10,12,Bilder; Miniaturen | Bronce; Messingwaaren | Kostumstucke; Kostume; Stickereien | Fayence; glasirte Thonwaaren | Kriegs- und Jagd-Waffen; Jagdgerathschaften | OGGETTI IN LATTA | OGGETTI IN LEGNO | OGGETTI IN FERRO | OGGETTI VARI | TESSUTI | PIATTI | VETRI
http://w3id.org/zac/87742_lot_10,12,Aquarelle; Kupferstiche; Glasbilder; Oelgemald | ARMI | Mobel; Holzgegenstande | Messing; Kupfersachen | Glas; Krystall; Spiegel | FOTOGRAFIE | OGGETTI IN RAME | OGGETTI VARI | Porzellan; Fayencen; Marmor; Steingut | VETRI | Portieren; Geweihe | SCATOLE
http://w3id.org/zac/87763_lot_2,12,ARAZZI | Altertumer; Kunstgegenstande | Gobelets; Canettes; Gourdes; Becher; Kannen; Schrauben | OGGETTI IN LATTA | OGGETTI IN RAME | OGGETTI VARI | VASI | Taufbecken; Kelche; Weihwasserbecken; Kirchenlampen | plats; assiettes; Platten; Teller | PLACCHETTE | Tableaux; Peintures; Gravures | PIATTI
http://w3id.org/zac/87763_lot_9,12,CORNICI | Altertumer; Kunstgegenstande | MEDAGLIE | MINIATURE | Munzen; Medaillen | MUNZEN; MEDAILLEN | OGGETTI IN LEGNO | Taufbecken; Kelche; Weihwasserbecken; Kirchenlampen | PLACCHETTE | plats; assiettes; Platten; Teller | PIATTI | STAMPE E INCISIONI | Tableaux; Peintures; Gravures
http://w3id.org/zac/88058_lot_13,12,BESTECKE; WAFFEN; BUCHER; EINBANDE | MINIATUREN; BILDER; STICHE | FAYENCE; MAJOLIKA; STEINGUT; GLAS | MINIATUREN; OLBILDER; STICHE | DOSEN; TASCHENUHREN; FACHER | OGGETTI IN CERA | OGGETTI IN FERRO | OGGETTI IN RAME | OGGETTI VARI | SCATOLE | SPECCHI | SILBER; EMAIL; DOSEN; TASCHENUHREN; FACHER
http://w3id.org/zac/88321_lot_3,12,CORNICI | GOLD; SILBER | Gold; Silber | OGGETTI IN LEGNO | OGGETTI VARI | SCULTURE | PORCELLANE | TESSUTI | STAMPE E INCISIONI | SCOMPARTI | VASI | PLAKETTEN; MUNZEN; MINIATUREN; BUCHER | PIATTI
http://w3id.org/zac/88550_lot_1,12,BRONZI | ALABASTRI | MAIOLICHE | OGGETTI IN LATTA | OGGETTI IN ORO | OGGETTI IN LEGNO | OGGETTI VARI | OROLOGI | TESSUTI | PIATTI | PORCELLANE | VASI
http://w3id.org/zac/88743_lot_6,12,ARMI | ARGENTI | MAIOLICHE | MOBILI | FOTOGRAFIE | LAMPADE | MOBEL; SITZMOBEL | ORIGINALAQUARELLE; ZEICHNUNGEN | OGGETTI VARI | OGGETTI IN LEGNO | OGGETTI IN LATTA | PORCELLANE
http://w3id.org/zac/51205_lot_2,11,CERAMICHE | BIANCHERIA | FURNITURE; JAPANESE LACQUER | MERLETTI | LAMPADE | LUSTRI | OGGETTI IN METALLO | OGGETTI LITURGICI | PORCELLANE | POTTERY; PORCELAINS | VETRI
http://w3id.org/zac/5444_lot_3,11,CANDELABRI | Jeudi 12 Mai | MOBILI | Mercredi 11 Mai | Mardi 17 Mai | OGGETTI VARI | OGGETTI IN LEGNO | Vendredi 13 Mai | VASI | SCULTURE | STAMPE E INCISIONI
http://w3id.org/zac/81771_lot_3,11,DIPINTI | ARGENTI | MARMI | MAIOLICHE | MOBILI | LUSTRI | OGGETTI VARI | OGGETTI IN LEGNO | VETRI | TESSUTI | VASI
http://w3id.org/zac/81775_lot_2,11,DIPINTI | Bronzi; Marmi; Terrecotte; Avorii; Legni | CORNICI | Maioliche; porcellane | MINIATURE | Medaglie; Placchette | Libri; Legature; Autograf | MAIOLICHE; PORCELLANE | MOBILI | Maioliche; Porcellane | OGGETTI IN LEGNO | STAMPE E INCISIONI | VASI
http://w3id.org/zac/81775_lot_3,11,CORNICI | DIPINTI | Bronzi; Marmi; Terrecotte; Avorii; Legni | MAIOLICHE; PORCELLANE | MOBILI | Maioliche; Porcellane | Libri; Legature; Autograf | Maioliche; porcellane | MINIATURE | Medaglie; Placchette | PORCELLANE | STAMPE E INCISIONI | VASI
http://w3id.org/zac/83709_lot_2,11,ARGENTI | LAQUES; EMAUX CLOISONNES | OGGETTI IN LEGNO | PERLES; DIAMANTS | OGGETTI VARI | PIATTI | OGGETTI IN METALLO | TENTURES; BRODERIES; GUIPURES | SCULTURE | Porcelaines; faiences | PORCELAINES; FAIENCES | SEDIE | Porcelaines; Faiences
http://w3id.org/zac/83709_lot_6,11,AUTOMOBILI | MOBILI | LAQUES; EMAUX CLOISONNES | PERLES; DIAMANTS | PIATTI | OGGETTI IN LEGNO | OGGETTI LACCATI | PORCELAINES; FAIENCES | TENTURES; BRODERIES; GUIPURES | Porcelaines; Faiences | VENTAGLI | Porcelaines; faiences | SEDIE
http://w3id.org/zac/83835_lot_I,11,BRONZES; CUIVRES | DIPINTI | BASSORILIEVI | ANTIQUES; OBJETS DIVERS | Bronzes; Cuivres | MINIATURE | ETOFFES; DENTELLES | MAIOLICHE | Le Mercredi 4 Avril 1906 | OGGETTI IN LEGNO | STAMPE E INCISIONI | SCULTURE
http://w3id.org/zac/84273_lot_I,11,BRONZI | Bronzes; Pendules | BRONZES; PENDULES | bronzes; pendules | CAMINI | MOBILI | OGGETTI IN LEGNO | OGGETTI D'ARTE | OGGETTI VARI | SEDIE | STAMPE E INCISIONI | VASI | SCULTURE
http://w3id.org/zac/87363_lot_12,11,Bilder; Miniaturen | ABITI | Bronce; Messingwaaren | Kostumstucke; Kostume; Stickereien | Fayence; glasirte Thonwaaren | MOBILI | Kriegs- und Jagd-Waffen; Jagdgerathschaften | OGGETTI IN LEGNO | OGGETTI IN LATTA | OGGETTI IN FERRO | VETRI
http://w3id.org/zac/87363_lot_4,11,BRONZI | Bronce; Messingwaaren | Fayence; glasirte Thonwaaren | Kriegs- und Jagd-Waffen; Jagdgerathschaften | Kostumstucke; Kostume; Stickereien | OGGETTI IN LEGNO | OROLOGI | OGGETTI VARI | OGGETTI IN FERRO | TESSUTI | VETRI
http://w3id.org/zac/87369_lot_5,11,ARGENTI | MAIOLICHE | Medaillen; Münzen | OGGETTI IN LATTA | OGGETTI IN ORO | OGGETTI VARI | OGGETTI IN FERRO | OGGETTI IN LEGNO | PORCELLANE | PIATTI | SCULTURE
http://w3id.org/zac/87382_lot_3,11,ARGENTI | Anhänger; Colliers | CORNICI | ALTERTÜMER | BRONZI | OGGETTI IN FERRO | SCATOLE | STAGNI | TAFEL-GERÄTE | Riechbüchschen; Flacons | SPECCHI
http://w3id.org/zac/87389_lot_2,11,BRONZI | AVORI | MARMI | Glas; Email-Nippsachen; Bronze; Uhren; Schmuck; Miniaturen | LAMPADE | OGGETTI IN ORO | Orden; silberne Pokale; Prachtdegen; Reitpeitschen | OGGETTI VARI | STAMPE E INCISIONI | Porzellan-Figuren; Gefasse; Tassen; Teller | PIATTI
http://w3id.org/zac/87545_lot_1,11,BRONZI | Bucher; Einbande | DIPINTI | Farbenstiche; Schabkunst- und Linienstiche | MINIATURE | FOTOGRAFIE | OGGETTI VARI | OGGETTI IN FERRO | OGGETTI IN ORO | STAGNI | Wand- und Fussteppiche; Textilarbeiten
http://w3id.org/zac/87742_lot_7,11,ARMI | ARGENTI | Mobel; Holzgegenstande | Messing; Kupfersachen | Glas; Krystall; Spiegel | OGGETTI VARI | OROLOGI | OGGETTI IN LATTA | Portieren; Geweihe | VETRI | Porzellan; Fayencen; Marmor; Steingut
http://w3id.org/zac/87763_lot_10,11,Altertumer; Kunstgegenstande | BISCOTTI | MINIATURE | Munzen; Medaillen | MUNZEN; MEDAILLEN | MEDAGLIE | OGGETTI VARI | PLACCHETTE | plats; assiettes; Platten; Teller | Plaquettes; Plaquetten | Taufbecken; Kelche; Weihwasserbecken; Kirchenlampen | Tableaux; Peintures; Gravures
http://w3id.org/zac/87763_lot_12,11,CANDELABRI | Altertumer; Kunstgegenstande | MINIATURE | OGGETTI IN RAME | OGGETTI IN LATTA | PIATTI | Services a the; Services a cafe; Thee-Service; Kaffee-Service | Tableaux; Peintures; Gravures | Taufbecken; Kelche; Weihwasserbecken; Kirchenlampen | SPECCHI | plats; assiettes; Platten; Teller
http://w3id.org/zac/87773_lot_4,11,DIPINTI | Mobel; Figuren | OGGETTI VARI | SPECCHI | POLTRONE | SCULTURE | Porzellane; Fayencen; Steinzeug | VASI | VETRI | Silber; Bronze | Waffen; Gobelin; Facher
http://w3id.org/zac/88058_lot_11,11,CORNICI | BESTECKE; WAFFEN; BUCHER; EINBANDE | DOSEN; TASCHENUHREN; FACHER | MINIATUREN; OLBILDER; STICHE | FAYENCE; MAJOLIKA; STEINGUT; GLAS | MINIATUREN; BILDER; STICHE | MOBEL; SPIEGEL; STANDUHREN | OGGETTI IN CERA | OGGETTI VARI | SILBER; EMAIL; DOSEN; TASCHENUHREN; FACHER | VASI
http://w3id.org/zac/88058_lot_15,11,BESTECKE; WAFFEN; BUCHER; EINBANDE | CORNICI | FAYENCE; MAJOLIKA; STEINGUT; GLAS | MINIATUREN; OLBILDER; STICHE | DOSEN; TASCHENUHREN; FACHER | OGGETTI IN FERRO | OGGETTI IN RAME | OGGETTI IN CERA | OGGETTI IN ORO | SCATOLE | SILBER; EMAIL; DOSEN; TASCHENUHREN; FACHER
http://w3id.org/zac/88058_lot_8,11,FAYENCE; MAJOLIKA; STEINGUT; GLAS | MINIATUREN; BILDER; STICHE | MINIATUREN; OLBILDER; STICHE | DOSEN; TASCHENUHREN; FACHER | MOBEL; SPIEGEL; STANDUHREN | OGGETTI IN PELLE | OGGETTI IN RAME | OGGETTI IN CERA | OGGETTI VARI | SILBER; EMAIL; DOSEN; TASCHENUHREN; FACHER | VASI
http://w3id.org/zac/88067_lot_2,11,BRONZI | CERAMICHE | Gemalde; Kupferstiche | OGGETTI D'ARTE ORIENTALE | Fayence; Majoliken | MINIATURE | OGGETTI IN LEGNO | OGGETTI IN LATTA | Steinzeug; Hafnerware | PORCELLANE | VETRI
http://w3id.org/zac/88067_lot_7,11,BRONZI | CORNICI | Gemalde; Kupferstiche | Fayence; Majoliken | Mobel; Einrichtungsgenstande | MAIOLICHE | MINIATURE | OGGETTI VARI | VASI | PORCELLANE | VETRI
http://w3id.org/zac/88321_lot_2,11,ARTI GRAFICHE | CORNICI | FAYENCE; MAJOLIKA | GOLD; SILBER | Gold; Silber | Fayence; Majolika | OGGETTI IN LEGNO | SCULTURE | STEIN; METALL | PLAKETTEN; MUNZEN; MINIATUREN; BUCHER | TESSUTI | PORCELLANE | STAMPE E INCISIONI
http://w3id.org/zac/88322_lot_5,11,CORNICI | DIPINTI | Kupferstiche; Radierungen; Holzschnitte; Schabkunstblatter | OGGETTI VARI | OGGETTI IN RAME | OGGETTI IN LEGNO | OGGETTI IN LATTA | Zinn; Messing | PIATTI | STAMPE E INCISIONI | Schmuck; Silber
http://w3id.org/zac/88743_lot_5,11,ARGENTI | ARMI | FOTOGRAFIE | MOBILI | MAIOLICHE | LAMPADE | OGGETTI IN LATTA | OGGETTI VARI | ORIGINALAQUARELLE; ZEICHNUNGEN | TESSUTI | PIATTI
http://w3id.org/zac/88743_lot_7,11,ARGENTI | ARMI | MAIOLICHE | FOTOGRAFIE | MOBILI | ORIGINALAQUARELLE; ZEICHNUNGEN | OGGETTI VARI | OGGETTI IN LATTA | VASI | PIATTI | TESSUTI
http://w3id.org/zac/88743_lot_8,11,ARGENTI | ARMI | LAMPADE | MAIOLICHE | MOBILI | FOTOGRAFIE | OGGETTI VARI | OGGETTI IN LATTA | ORIGINALAQUARELLE; ZEICHNUNGEN | PORCELLANE | TESSUTI
http://w3id.org/zac/88745_lot_3,11,ARGENTI | CORNICI | DIPINTI | METALL; STEIN; GLAS | HAUSRAT; WANDTELLER; GIPSBUSTEN | ORIGINALRADIERUNGEN; REPRODUKTIONEN; PRACHTWERKE; BUCHER | TEPPICHE; DECKEN | VASEN; KRUGE; SCHALEN | WIRTSCHAFTSGEGENSTANDE; GESCHIRR | PORZELLAN; KERAMIK; ELFENBEINFIGUREN; ZWISCHENGOLDGLASER; BRONZEN | PORCELLANE
http://w3id.org/zac/B2246_lot_3,11,BIANCHERIA | ARREDAMENTI | BIGIOTTERIA | ARMI | BRONZI | MINIATURE | LAMPADE | MARMI | OGGETTI IN LEGNO | OGGETTI VARI | PORCELLANE
http://w3id.org/zac/5760_lot_2,10,BROCADES; DAMASKS; VELVETS | AVORI | MOBILI | FAIENCE; LUSTRE WARE | LUSTRI | OGGETTI VARI | OGGETTI IN ORO | SPECCHI | VASI | PLACCHETTE
http://w3id.org/zac/5760_lot_3,10,BROCADES; DAMASKS; VELVETS | AVORI | FAIENCE; LUSTRE WARE | MOBILI | LUSTRI | OGGETTI IN ORO | TESSUTI | SMALTI | VASI | SPECCHI
http://w3id.org/zac/81799_lot_4,10,BRONZI | ARGENTI | MONETE | LIBRI | MAIOLICHE | MOBILI | OGGETTI VARI | OGGETTI IN LEGNO | VASI | REPERTI ARCHEOLOGICI
http://w3id.org/zac/83709_lot_4,10,AUTOMOBILI | LAQUES; EMAUX CLOISONNES | MERLETTI | MOBILI | PERLES; DIAMANTS | OGGETTI IN LEGNO | OGGETTI VARI | SEDIE | VENTAGLI | SCULTURE
http://w3id.org/zac/83721_lot_11,10,BOTTIGLIE | bronzes; pendules | Bronzes; Pendules | BRONZES; PENDULES | LAMPADE | OGGETTI IN LEGNO | OGGETTI VARI | OTTONI | PIATTI | TORCE | SCATOLE | PORCELLANE
http://w3id.org/zac/83879_lot_3,10,BISCOTTI | ACQUEFORTI | BISCUITS; PORCELAINES DE SEVRES | OGGETTI D'ARTE ORIENTALE | LAMPADE | JADES; CRISTAUX DE ROCHE | OGGETTI VARI | OGGETTI IN LEGNO | PORCELLANE | VASI
http://w3id.org/zac/87357_lot_6,10,ARREDAMENTI | BOTTIGLIE | ARAZZI | BRONZI | OGGETTI IN RAME | OGGETTI VARI | OGGETTI IN METALLO | Porzellan; Biscuit | SCATOLE | PORCELLANE
http://w3id.org/zac/87358_lot_4,10,DIPINTI | ARGENTI | AVORI | BRONZI | MINIATURE | OGGETTI IN LEGNO | OGGETTI IN PELLE | OGGETTI IN ORO | OGGETTI IN FERRO | TERRECOTTE
http://w3id.org/zac/87358_lot_5,10,AVORI | ARGENTI | BRONZI | MINIATURE | OGGETTI IN FERRO | OGGETTI IN LEGNO | OGGETTI VARI | OGGETTI IN PELLE | SMALTI | TERRECOTTE
http://w3id.org/zac/87358_lot_6,10,ARGENTI | BRONZI | MINIATURE | OGGETTI IN LEGNO | OGGETTI IN PELLE | OGGETTI IN ORO | OGGETTI IN FERRO | TESSUTI | SMALTI | PORCELLANE
http://w3id.org/zac/87361_lot_4,10,ARMI | DIPINTI | LIBRI | OGGETTI IN FERRO | OGGETTI IN LEGNO | OGGETTI IN METALLO | OGGETTI VARI | OGGETTI IN RAME | Porzellan; Emailen | VETRI
http://w3id.org/zac/87363_lot_13,10,ARMI | Bronce; Messingwaaren | Bilder; Miniaturen | LAMPADE | Kriegs- und Jagd-Waffen; Jagdgerathschaften | Fayence; glasirte Thonwaaren | MOBILI | Kostumstucke; Kostume; Stickereien | OGGETTI IN FERRO | VETRI
http://w3id.org/zac/87363_lot_17,10,Bilder; Miniaturen | Kriegs- und Jagd-Waffen; Jagdgerathschaften | Kostumstucke; Kostume; Stickereien | Fayence; glasirte Thonwaaren | OGGETTI IN FERRO | OGGETTI IN LEGNO | OGGETTI IN RAME | OGGETTI IN LATTA | TESSUTI | VETRI
http://w3id.org/zac/87363_lot_7,10,BAULI | Bronce; Messingwaaren | Fayence; glasirte Thonwaaren | Kriegs- und Jagd-Waffen; Jagdgerathschaften | LAMPADE | OGGETTI IN FERRO | OGGETTI IN LATTA | VETRI | SPARTITI MUSICALI | TESSUTI
http://w3id.org/zac/87363_lot_9,10,BRONZI | Bronce; Messingwaaren | Kostumstucke; Kostume; Stickereien | Kriegs- und Jagd-Waffen; Jagdgerathschaften | OGGETTI IN RAME | OGGETTI IN LATTA | OGGETTI VARI | OGGETTI IN FERRO | PIATTI | VETRI
http://w3id.org/zac/87389_lot_3,10,BRONZI | LAMPADE | Glas; Email-Nippsachen; Bronze; Uhren; Schmuck; Miniaturen | MARMI | Orden; silberne Pokale; Prachtdegen; Reitpeitschen | OGGETTI IN CERA | STAMPE E INCISIONI | SCOMPARTI | SCATOLE | Porzellan-Figuren; Gefasse; Tassen; Teller
http://w3id.org/zac/87389_lot_6,10,BRONZI | AVORI | BISCOTTI | MINIATURE | Glas; Email-Nippsachen; Bronze; Uhren; Schmuck; Miniaturen | Orden; silberne Pokale; Prachtdegen; Reitpeitschen | OGGETTI IN ORO | OGGETTI VARI | Porzellan-Figuren; Gefasse; Tassen; Teller | SCATOLE
http://w3id.org/zac/87389_lot_8,10,AVORI | BRONZI | Glas; Email-Nippsachen; Bronze; Uhren; Schmuck; Miniaturen | MARMI | OGGETTI VARI | Orden; silberne Pokale; Prachtdegen; Reitpeitschen | OGGETTI IN ORO | PIATTI | SCATOLE | Porzellan-Figuren; Gefasse; Tassen; Teller
http://w3id.org/zac/87424_lot_5,10,DIPINTI | ARGENTI | BRONZI | Gemalde; Stiche | Holz; Meubles | OGGETTI VARI | OTTONI | Porzellan; Fayence; Steingut; Glaser | Textilsachen; Spitzen | SCATOLE
http://w3id.org/zac/87742_lot_17,10,ARMI | Messing; Kupfersachen | Mobel; Holzgegenstande | Glas; Krystall; Spiegel | OGGETTI IN LEGNO | OGGETTI IN LATTA | OGGETTI VARI | Zinn; Bleigegenstande | Porzellan; Fayencen; Marmor; Steingut | VETRI
http://w3id.org/zac/87742_lot_5,10,ARMI | ARGENTI | Mobel; Holzgegenstande | Messing; Kupfersachen | Glas; Krystall; Spiegel | OGGETTI IN LATTA | OGGETTI VARI | Portieren; Geweihe | Zinn; Bleigegenstande | VETRI
http://w3id.org/zac/87763_lot_3,10,Altertumer; Kunstgegenstande | Gobelets; Canettes; Gourdes; Becher; Kannen; Schrauben | MINIATURE | OGGETTI VARI | OGGETTI IN PELTRO | Plaquettes; Plaquetten | Tableaux; Peintures; Gravures | plats; assiettes; Platten; Teller | PLACCHETTE | PIATTI
http://w3id.org/zac/87763_lot_6,10,Altertumer; Kunstgegenstande | ARAZZI | MUNZEN; MEDAILLEN | Munzen; Medaillen | OGGETTI IN RAME | OGGETTI IN LEGNO | Tableaux; Peintures; Gravures | Plaquettes; Plaquetten | plats; assiettes; Platten; Teller | PLACCHETTE | Services a the; Services a cafe; Thee-Service; Kaffee-Service
http://w3id.org/zac/87773_lot_2,10,DIPINTI | BRONZI | Mobel; Figuren | OGGETTI IN LATTA | OGGETTI IN LEGNO | Silber; Bronze | PORCELLANE | VETRI | Porzellane; Fayencen; Steinzeug | Waffen; Gobelin; Facher
http://w3id.org/zac/88026_lot_17,10,ARMI | Ansichten | Bein; Perlmutter; Holzschnitzereien | ACQUERELLI | Aquarelle; Zeichnungen | BRONZI | DIPINTI | OGGETTI IN PIOMBO | STAMPE E INCISIONI | PORCELLANE
http://w3id.org/zac/88058_lot_18,10,CANDELABRI | BESTECKE; WAFFEN; BUCHER; EINBANDE | MOBEL; SPIEGEL; STANDUHREN | MINIATUREN; OLBILDER; STICHE | MINIATUREN; BILDER; STICHE | DOSEN; TASCHENUHREN; FACHER | FAYENCE; MAJOLIKA; STEINGUT; GLAS | OGGETTI VARI | OGGETTI IN CERA | OGGETTI IN PELLE
http://w3id.org/zac/88058_lot_20,10,CORNICI | BESTECKE; WAFFEN; BUCHER; EINBANDE | DOSEN; TASCHENUHREN; FACHER | MOBEL; SPIEGEL; STANDUHREN | MINIATUREN; BILDER; STICHE | MINIATUREN; OLBILDER; STICHE | FAYENCE; MAJOLIKA; STEINGUT; GLAS | OGGETTI VARI | SILBER; EMAIL; DOSEN; TASCHENUHREN; FACHER | SCATOLE
http://w3id.org/zac/88058_lot_21,10,BESTECKE; WAFFEN; BUCHER; EINBANDE | CORNICI | DOSEN; TASCHENUHREN; FACHER | FAYENCE; MAJOLIKA; STEINGUT; GLAS | MINIATUREN; OLBILDER; STICHE | MOBEL; SPIEGEL; STANDUHREN | OGGETTI VARI | OGGETTI IN LATTA | SCATOLE | VASI
http://w3id.org/zac/88058_lot_6,10,CORNICI | MINIATUREN; OLBILDER; STICHE | MINIATUREN; BILDER; STICHE | FAYENCE; MAJOLIKA; STEINGUT; GLAS | MOBEL; SPIEGEL; STANDUHREN | DOSEN; TASCHENUHREN; FACHER | OGGETTI LACCATI | OGGETTI IN ORO | OGGETTI IN CERA | SILBER; EMAIL; DOSEN; TASCHENUHREN; FACHER
http://w3id.org/zac/88067_lot_4,10,ARMI | BRONZI | CERAMICHE | Mobel; Einrichtungsgenstande | Gemalde; Kupferstiche | MINIATURE | Fayence; Majoliken | OGGETTI IN LATTA | PORCELLANE | VETRI
http://w3id.org/zac/88321_lot_6,10,ARTI GRAFICHE | Fayence; Majolika | MINIATURE | FAYENCE; MAJOLIKA | Gold; Silber | GOLD; SILBER | OGGETTI IN LEGNO | OGGETTI IN RAME | TESSUTI | SCULTURE | STAMPE E INCISIONI | PORCELLANE
http://w3id.org/zac/88444_lot_7,10,MOBILI | OGGETTI D'ARTE ORIENTALE | MAIOLICHE | OGGETTI IN LATTA | OGGETTI D'ARTE | TAPPETI | PORCELLANE | STAMPE E INCISIONI | VETRI | TESSUTI
http://w3id.org/zac/88444_lot_8,10,ARGENTI | OGGETTI D'ARTE ORIENTALE | MOBILI | MAIOLICHE | OGGETTI IN ORO | OGGETTI IN LEGNO | OGGETTI IN LATTA | OGGETTI IN RAME | OGGETTI D'ARTE | PORCELLANE
http://w3id.org/zac/88462_lot_6,10,ARGENTI | CERAMICHE | KUPFERSTICHE; FARBDRUCKE | OGGETTI D'ARTE ORIENTALE | OGGETTI VARI | SPECCHI | TESSUTI | PIATTI | SCULTURE | VETRI
http://w3id.org/zac/88462_lot_7,10,CERAMICHE | ARGENTI | OGGETTI D'ARTE ORIENTALE | KUPFERSTICHE; FARBDRUCKE | OGGETTI VARI | OGGETTI IN ORO | TESSUTI | VETRI | VASI | SCULTURE
http://w3id.org/zac/88521_lot_1,10,COPPE | ABITI | ARAZZI | MOBILI | Gold; Silber; Schmuckgegenstande | OGGETTI D'ARTE ORIENTALE | OGGETTI IN LEGNO | SCULTURE | Stoffe; Decken; Teppiche | PORCELLANE
http://w3id.org/zac/88743_lot_10,10,ARMI | ARGENTI | MOBILI | MOBEL; SITZMOBEL | FOTOGRAFIE | LAMPADE | OGGETTI VARI | OGGETTI IN LATTA | PORCELLANE | TESSUTI
http://w3id.org/zac/88743_lot_2,10,ARMI | FOTOGRAFIE | MOBILI | LAMPADE | MOBEL; SITZMOBEL | ORIGINALAQUARELLE; ZEICHNUNGEN | OGGETTI VARI | TESSUTI | PORCELLANE | PIATTI
http://w3id.org/zac/88743_lot_3,10,ARGENTI | ARMI | FOTOGRAFIE | MAIOLICHE | MOBEL; SITZMOBEL | MOBILI | OGGETTI VARI | ORIGINALAQUARELLE; ZEICHNUNGEN | TESSUTI | PIATTI
http://w3id.org/zac/88743_lot_9,10,ARMI | FOTOGRAFIE | MOBEL; SITZMOBEL | MAIOLICHE | LAMPADE | MOBILI | OGGETTI VARI | OGGETTI IN LATTA | ORIGINALAQUARELLE; ZEICHNUNGEN | PORCELLANE
http://w3id.org/zac/88765_lot_13,10,BRONZI | COPPE | ANTICHITA' | JADEARBEITEN; KERAMIK; BRONZEN; CHINESISCHERKNUPFTEPPICH | MOBEL; KERAMIK; SILBER; BRONZEN; UHREN; OSTASIATISCHES KUNSTGEWERBE | OGGETTI IN ORO | OGGETTI IN LEGNO | SPECCHI | VASI | PIATTI
http://w3id.org/zac/90087_lot_20,10,ARMI | GIOIELLI | Fayencen; Majoliken | JAGDBESTECKE; JAGDUTENSILIEN | OGGETTI IN ORO | OGGETTI IN FERRO | OGGETTI IN RAME | ROSENKRANZE; ROSENKRANZANHANGER | VETRI | TABACCHIERE
http://w3id.org/zac/90087_lot_50,10,ARBEITEN IN BRONZE; MESSING; KUPFER | MOBILI | MAIOLICHE | OGGETTI IN ORO | OGGETTI VARI | OGGETTI IN LEGNO | OGGETTI IN METALLO | VETRI | STAGNI | ROSENKRANZE; ROSENKRANZANHANGER
http://w3id.org/zac/4454_lot_3,9,BIANCHERIA | ACQUEFORTI | BRONZI | LAMPADE | LUSTRI | OGGETTI VARI | PIATTI | VETRI | PORCELLANE
http://w3id.org/zac/4554_lot_3,9,ARAZZI | ARREDAMENTI | DECORAZIONI DA PARETE | BIANCHERIA | MOBILI | LAMPADE | PIATTI | SCATOLE | SCOMPARTI
http://w3id.org/zac/51205_lot_3,9,ARGENTI | CERAMICHE | BIANCHERIA | FURNITURE; JAPANESE LACQUER | MERLETTI | OGGETTI LITURGICI | OGGETTI IN METALLO | POTTERY; PORCELAINS | PORCELLANE
http://w3id.org/zac/5731_lot_2,9,BRONZI | ARMI | ARREDAMENTI | MAIOLICHE | MOBILI | OGGETTI VARI | OGGETTI IN LEGNO | PORCELLANE | VETRI
http://w3id.org/zac/5760_lot_I,9,BRONZI | BROCADES; DAMASKS; VELVETS | AVORI | MAIOLICHE | MINIATURE | FAIENCE; LUSTRE WARE | MOBILI | OGGETTI IN ORO | OGGETTI VARI
http://w3id.org/zac/81744_lot_3,9,COSTUMES; GANTS | EPEES; DAGUES; POIGNARDS; HACHES; LANCES | LIBRI | MAIOLICHE | OGGETTI VARI | STRUMENTI MUSICALI | STAMPE E INCISIONI | PLACCHETTE | VETRI
http://w3id.org/zac/81772_lot_7,9,1. aprile | 6 aprile | 30 Marzo 1908 | 31 Marzo 1908 | 8 Aprile | 7 Aprile 1908 | 10 Aprile | OGGETTI VARI | VASI
http://w3id.org/zac/81773_lot_12,9,LAMPADE | MONETE | MINIATURE | PIATTI | PANNELLI | POLTRONE | VASI | SCATOLE | STAMPE E INCISIONI
http://w3id.org/zac/81800_lot_4,9,BRONZI | MOBILI | GIOIELLI | LIBRI | MONETE | MAIOLICHE | OGGETTI VARI | REPERTI ARCHEOLOGICI | VASI
http://w3id.org/zac/81800_lot_6,9,LIBRI | MINIATURE | MAIOLICHE | OGGETTI IN LEGNO | OGGETTI VARI | VASI | REPERTI ARCHEOLOGICI | TESSUTI | STAMPE E INCISIONI
http://w3id.org/zac/81800_lot_8,9,BRONZI | BOTTIGLIE | ARGENTI | GIOIELLI | MINIATURE | LIBRI | MAIOLICHE | MOBILI | REPERTI ARCHEOLOGICI
http://w3id.org/zac/81821_lot_2,9,ARMI | OGGETTI D'ARTE | MOBILI | OGGETTI VARI | PIATTI | Terrecotte; Stucchi | POLTRONE | Stoffe; Merletti | SCULTURE
http://w3id.org/zac/81821_lot_3,9,MOBILI | OGGETTI D'ARTE | OGGETTI VARI | PIATTI | Terrecotte; Stucchi | Stucchi; Terrecotte | Stucchi; terrecotte | SCULTURE | POLTRONE | Stoffe; Merletti
http://w3id.org/zac/81821_lot_4,9,MOBILI | MODELLI | OGGETTI VARI | OGGETTI D'ARTE | Terrecotte; Stucchi | Stoffe; Merletti | SCULTURE | Stucchi; terrecotte | Stucchi; Terrecotte | POLTRONE
http://w3id.org/zac/81831_lot_3,9,DIPINTI | CORNICI | MAIOLICHE | MOBILI | MARMI | OGGETTI D'ARTE | VASI | SEDIE | TESSUTI
http://w3id.org/zac/81831_lot_8,9,CORNICI | DIPINTI | MINIATURE | MARMI | OGGETTI D'ARTE | PIATTI | SCATOLE | VASI | POLTRONE
http://w3id.org/zac/81832_lot_3,9,DIPINTI | LIBRI | MINIATURE | MERLETTI | MOBILI | OGGETTI D'ARTE | OGGETTI VARI | VASI | STOFFE; TRINE
http://w3id.org/zac/81920_lot_2,9,CANDELABRI | LAMPADE | NATURE MORTE | OGGETTI VARI | SPECCHI | SCOMPARTI | SEDIE | VASI | POLTRONE
http://w3id.org/zac/83709_lot_7,9,BIGIOTTERIA | LAQUES; EMAUX CLOISONNES | MOBILI | PERLES; DIAMANTS | OGGETTI IN LEGNO | VENTAGLI | Porcelaines; faiences | PORCELAINES; FAIENCES | Porcelaines; Faiences | TENTURES; BRODERIES; GUIPURES | SEDIE
http://w3id.org/zac/83755_lot_I,9,CUIVRES; FERS; ETAINS | MOBILI | MAIOLICHE | OGGETTI IN LEGNO | PANNELLI | Tapisseries; Tapis | VETRI | VASI | SCULTURE | TAPISSERIES; TAPIS
http://w3id.org/zac/83768_lot_8,9,ARMI | ARREDAMENTI | BAULI | MINIATURE | OGGETTI IN LEGNO | OGGETTI IN METALLO | OGGETTI IN PELTRO | STAMPE E INCISIONI | SCATOLE
http://w3id.org/zac/84114_lot_I,9,DECORAZIONI DA PARETE | BAULI | ARREDAMENTI | PANNELLI | OGGETTI VARI | OGGETTI IN LEGNO | OGGETTI IN METALLO | SCATOLE | STAMPE E INCISIONI
http://w3id.org/zac/87358_lot_7,9,AVORI | ARGENTI | BRONZI | MINIATURE | OGGETTI IN LEGNO | OGGETTI IN FERRO | TERRECOTTE | TESSUTI | PORCELLANE
http://w3id.org/zac/87358_lot_8,9,ARGENTI | BRONZI | AVORI | OGGETTI VARI | OGGETTI IN CERA | OGGETTI IN LEGNO | TESSUTI | TERRECOTTE | STAGNI
http://w3id.org/zac/87362_lot_2,9,MAIOLICHE | Gemalde; Kupferstiche | MOBILI | OGGETTI VARI | OGGETTI IN METALLO | OGGETTI IN ORO | PORCELLANE | VASI | TESSUTI
http://w3id.org/zac/87363_lot_1,9,ABITI | Fayence; glasirte Thonwaaren | MOBILI | MAIOLICHE | OGGETTI IN LEGNO | OGGETTI IN FERRO | OGGETTI VARI | TESSUTI | VETRI
http://w3id.org/zac/87382_lot_4,9,BRONZI | ALTERTÜMER | ARGENTI | OGGETTI VARI | OGGETTI IN FERRO | OGGETTI IN ORO | TAFEL-GERÄTE | SCATOLE | Riechbüchschen; Flacons
http://w3id.org/zac/87389_lot_10,9,CAMINI | AVORI | Glas; Email-Nippsachen; Bronze; Uhren; Schmuck; Miniaturen | MINIATURE | OGGETTI VARI | Orden; silberne Pokale; Prachtdegen; Reitpeitschen | OGGETTI IN ORO | VASI | Porzellan-Figuren; Gefasse; Tassen; Teller
http://w3id.org/zac/87389_lot_14,9,BRONZI | AVORI | MINIATURE | Glas; Email-Nippsachen; Bronze; Uhren; Schmuck; Miniaturen | OGGETTI IN ORO | OGGETTI VARI | OGGETTI IN METALLO | Orden; silberne Pokale; Prachtdegen; Reitpeitschen | Porzellan-Figuren; Gefasse; Tassen; Teller
http://w3id.org/zac/87389_lot_17,9,AVORI | LAMPADE | Glas; Email-Nippsachen; Bronze; Uhren; Schmuck; Miniaturen | MINIATURE | OGGETTI IN ORO | Orden; silberne Pokale; Prachtdegen; Reitpeitschen | OGGETTI VARI | SCATOLE | Porzellan-Figuren; Gefasse; Tassen; Teller
http://w3id.org/zac/87389_lot_19,9,BRONZI | AVORI | LAMPADE | MINIATURE | Glas; Email-Nippsachen; Bronze; Uhren; Schmuck; Miniaturen | Orden; silberne Pokale; Prachtdegen; Reitpeitschen | OGGETTI VARI | Porzellan-Figuren; Gefasse; Tassen; Teller | SCATOLE
http://w3id.org/zac/87389_lot_4,9,AVORI | BRONZI | MARMI | MINIATURE | Glas; Email-Nippsachen; Bronze; Uhren; Schmuck; Miniaturen | OGGETTI VARI | Orden; silberne Pokale; Prachtdegen; Reitpeitschen | Porzellan-Figuren; Gefasse; Tassen; Teller | VASI
http://w3id.org/zac/87389_lot_9,9,AVORI | Glas; Email-Nippsachen; Bronze; Uhren; Schmuck; Miniaturen | MINIATURE | MARMI | Orden; silberne Pokale; Prachtdegen; Reitpeitschen | OGGETTI IN LEGNO | OGGETTI IN ORO | SCATOLE | Porzellan-Figuren; Gefasse; Tassen; Teller
http://w3id.org/zac/87424_lot_2,9,ANTICHITA' | ARGENTI | Bronce; Kupfer; Messing | Gemalde; Stiche | Elfenbein; Horn; Bernstein; Speckstein; Alabaster | Holz; Meubles | OGGETTI IN ORO | Waffen; Rehgeweihe; Stocke; Musikinstrumente | Porzellan; Fayence; Steingut; Glaser
http://w3id.org/zac/87424_lot_7,9,ARGENTI | BRONZI | Bronce; Kupfer; Messing | Holz; Meubles | Gemalde; Stiche | Elfenbein; Horn; Bernstein; Speckstein; Alabaster | Porzellan; Fayence; Steingut; Glaser | PIATTI | Textilsachen; Spitzen
http://w3id.org/zac/87545_lot_I,9,CORNICI | DECORAZIONI DA PARETE | DIPINTI | MINIATURE | MARMI | Farbenstiche; Schabkunst- und Linienstiche | OGGETTI VARI | OGGETTI IN LEGNO | OGGETTI IN RAME
http://w3id.org/zac/87742_lot_14,9,ARGENTI | ARMI | Mobel; Holzgegenstande | Glas; Krystall; Spiegel | Messing; Kupfersachen | OGGETTI IN LATTA | OGGETTI VARI | VASI | Porzellan; Fayencen; Marmor; Steingut
http://w3id.org/zac/87742_lot_6,9,MINIATURE | Glas; Krystall; Spiegel | Mobel; Holzgegenstande | Messing; Kupfersachen | OGGETTI IN LATTA | OGGETTI VARI | Porzellan; Fayencen; Marmor; Steingut | SCATOLE | Portieren; Geweihe
http://w3id.org/zac/87763_lot_7,9,Altertumer; Kunstgegenstande | MUNZEN; MEDAILLEN | Munzen; Medaillen | FOTOGRAFIE | MINIATURE | OGGETTI IN LEGNO | Taufbecken; Kelche; Weihwasserbecken; Kirchenlampen | Plaquettes; Plaquetten | SCATOLE | PLACCHETTE
http://w3id.org/zac/87763_lot_8,9,Altertumer; Kunstgegenstande | CORNICI | MUNZEN; MEDAILLEN | Munzen; Medaillen | MINIATURE | OGGETTI VARI | SCOMPARTI | PLACCHETTE | PIATTI | Tableaux; Peintures; Gravures
http://w3id.org/zac/87772_lot_4,9,ARMI | CORNICI | LIBRI | MOBILI | LAMPADE | OGGETTI IN LATTA | OGGETTI IN RAME | Porzellan; Fayence; Steingut | VETRI
http://w3id.org/zac/87979_lot_I,9,CORNICI | DIPINTI | CAMINI | Elfenbein; Miniaturen | LAMPADE | OGGETTI IN LEGNO | OGGETTI VARI | STAMPE E INCISIONI | VASI
http://w3id.org/zac/87985_lot_I,9,CERAMICHE | MINIATURE | DISEGNI | LIBRI | MANOSCRITTI | VETRI | SCULTURE | Schmuck; Edelmetallarbeiten | TESSUTI
http://w3id.org/zac/88026_lot_5,9,Aquarelle; Zeichnungen | BRONZI | ARMI | OGGETTI IN LATTA | OGGETTI LITURGICI | OGGETTI IN ORO | VETRI | PORCELLANE | STAMPE E INCISIONI
http://w3id.org/zac/88058_lot_19,9,CORNICI | FAYENCE; MAJOLIKA; STEINGUT; GLAS | MINIATUREN; OLBILDER; STICHE | MOBEL; SPIEGEL; STANDUHREN | MINIATUREN; BILDER; STICHE | DOSEN; TASCHENUHREN; FACHER | OGGETTI VARI | OGGETTI IN RAME | OGGETTI IN LEGNO
http://w3id.org/zac/88067_lot_10,9,BRONZI | BAULI | CORNICI | MINIATURE | OGGETTI IN RAME | SCATOLE | PORCELLANE | VASI | VETRI
http://w3id.org/zac/88067_lot_11,9,ARMI | BRONZI | LAMPADE | Fayence; Majoliken | Mobel; Einrichtungsgenstande | Gemalde; Kupferstiche | PORCELLANE | VETRI | VASI
http://w3id.org/zac/88067_lot_12,9,BRONZI | ARMI | MINIATURE | Fayence; Majoliken | OGGETTI IN ORO | OGGETTI IN LATTA | VETRI | PORCELLANE | SCOMPARTI
http://w3id.org/zac/88067_lot_5,9,CERAMICHE | BRONZI | CORNICI | ARMI | Fayence; Majoliken | MINIATURE | Mobel; Einrichtungsgenstande | PORCELLANE | VETRI
http://w3id.org/zac/88067_lot_6,9,CORNICI | CERAMICHE | BRONZI | Gemalde; Kupferstiche | Fayence; Majoliken | OGGETTI IN LATTA | Steinzeug; Hafnerware | PORCELLANE | VETRI
http://w3id.org/zac/88092_lot_2,9,CRISTALLI | ARGENTI | Bronze; Messing | FOTOGRAFIE | OGGETTI IN LATTA | OGGETTI IN RAME | PIATTI | SCULTURE | TERRECOTTE
http://w3id.org/zac/88092_lot_4,9,CRISTALLI | MAIOLICHE | FOTOGRAFIE | OGGETTI IN LATTA | OGGETTI IN RAME | VASI | TERRECOTTE | SCATOLE | SCULTURE
http://w3id.org/zac/88096_lot_3,9,ARMI | BAULI | BRONZI | MOBEL; HOLZARBEITEN | Edelmetall; Schmuck | Medaillen; Plaketten | Mobel; Holzarbeiten | OGGETTI IN LEGNO | OGGETTI IN LATTA | SMALTI
http://w3id.org/zac/88102_lot_2,9,BRONZEN; PLAKETTEN; MEDAILLEN; MUNZEN | Fayence; Majolika; Steinzeug | FAYENCE; MAJOLIKA; STEINZEUG | MOBEL; DEKORATIONSGEGENSTANDE; STOFFE | GLAS; PORZELLAN; ELFENBEIN; GOLD; SILBER; SCHMUCK | OGGETTI IN LEGNO | OGGETTI IN ORO | ORIENTALISCHE BRONZEN; WAFFEN | TAPPETI | SPECCHI
http://w3id.org/zac/88102_lot_6,9,CORNICI | BIANCHERIA | BRONZEN; PLAKETTEN; MEDAILLEN; MUNZEN | MOBEL; DEKORATIONSGEGENSTANDE; STOFFE | FAYENCE; MAJOLIKA; STEINZEUG | Fayence; Majolika; Steinzeug | GLAS; PORZELLAN; ELFENBEIN; GOLD; SILBER; SCHMUCK | OGGETTI IN ORO | TAPPETI | VASI
http://w3id.org/zac/88167_lot_I,9,BRONZI | MARMI | OGGETTI IN RAME | OGGETTI IN PIOMBO | OGGETTI IN METALLO | OGGETTI IN LEGNO | OGGETTI IN PIETRA | STAMPE E INCISIONI | PIATTI
http://w3id.org/zac/88197_lot_4,9,CORNICI | DIPINTI | BAULI | MOBILI | MINIATURE | OGGETTI IN METALLO | OGGETTI IN PELLE | OGGETTI D'ARTE | TESSUTI
http://w3id.org/zac/88198_lot_4,9,MINIATURE | MONETE | MINIATUREN; SILHOUETTEN; STICHE | Munzen; Medaillen | MUNZEN; MEDAILLEN | OGGETTI IN LEGNO | STEINZEUG; FAYENCEN | Schranke; Sofas; Tische; Stuhle | Steinzeug; Fayencen | Porzellan; Bronze | Tassen; Teller; Kannen; Figuren
http://w3id.org/zac/88233_lot_8,9,CORNICI | ACQUERELLI | DISEGNI | Dosen; Silhouetten | Eisen; Zinn; Messing; Kupfer; Bronze | OGGETTI VARI | OGGETTI IN LEGNO | STAMPE E INCISIONI | PORCELLANE
http://w3id.org/zac/88237_lot_8,9,ARGENTI | CORNICI | ARMI | Miniaturen; Silhouetten | OGGETTI D'ARTE ORIENTALE | Kupferstiche; Radierungen; Lithographien | TERRECOTTE | VETRI | TEXTILIEN; TEPPICHE | Textilien; Teppiche
http://w3id.org/zac/88265_lot_1,9,BRONZI | DIPINTI | MOBILI | OGGETTI IN FERRO | OGGETTI IN METALLO | OGGETTI VARI | OGGETTI IN LATTA | STRUMENTI MUSICALI | SCULTURE
http://w3id.org/zac/88320_lot_3,9,MINIATURE | MOBILI | MAIOLICHE | OGGETTI VARI | OGGETTI IN METALLO | VETRI | PORCELLANE | TESSUTI | SCATOLE
http://w3id.org/zac/88321_lot_5,9,ACQUEFORTI | ARTI GRAFICHE | Gold; Silber | GOLD; SILBER | PLAKETTEN; MUNZEN; MINIATUREN; BUCHER | STEIN; METALL | TESSUTI | SCULTURE | PORCELLANE | STAMPE E INCISIONI
http://w3id.org/zac/88321_lot_7,9,ARTI GRAFICHE | FAYENCE; MAJOLIKA | Fayence; Majolika | OGGETTI IN RAME | OGGETTI IN LEGNO | TESSUTI | STAMPE E INCISIONI | STEIN; METALL | VASI | PORCELLANE
http://w3id.org/zac/88322_lot_8,9,DIPINTI | CORNICI | Kupferstiche; Radierungen; Holzschnitte; Schabkunstblatter | Miniaturen; Silhouetten | OGGETTI IN LATTA | OGGETTI IN LEGNO | OGGETTI IN RAME | VETRI | STAMPE E INCISIONI
http://w3id.org/zac/88396_lot_2,9,AVORI | MAIOLICHE | MOBILI | DIPINTI | LAMPADE | OGGETTI VARI | OGGETTI IN RAME | PORCELLANE | ZINN; KUPFER; MESSING; BRONZE
http://w3id.org/zac/88396_lot_5,9,LAMPADE | MAIOLICHE | FOTOGRAFIE | Kaminuhr; Kandelabern | DIPINTI | OGGETTI VARI | OGGETTI IN RAME | PORCELLANE | SCATOLE
http://w3id.org/zac/88400_lot_19,9,FAYENCEN; STEINGUT | GLASER; MINIATUREN | FAYENCE; PORZELLAN | Fayencen; Steingut | Fayence; Porzellan | OGGETTI IN LEGNO | PORCELLANE | TESSUTI | SCATOLE | PIATTI | PORZELLAN; Waffen
http://w3id.org/zac/88400_lot_2,9,FAYENCEN; STEINGUT | GLASER; MINIATUREN | FAYENCE; PORZELLAN | Fayencen; Steingut | Fayence; Porzellan | OGGETTI IN METALLO | OGGETTI IN PIOMBO | OGGETTI VARI | TESSUTI | PIATTI | PORCELLANE
http://w3id.org/zac/88400_lot_24,9,FAYENCEN; STEINGUT | FAYENCE; PORZELLAN | Fayencen; Steingut | MINIATURE | Fayence; Porzellan | OGGETTI IN LATTA | OGGETTI IN ORO | OGGETTI VARI | PORCELLANE | PORZELLAN; Waffen | TESSUTI
http://w3id.org/zac/88400_lot_9,9,ARMI | GLASER; MINIATUREN | Fayencen; Steingut | FAYENCE; PORZELLAN | FAYENCEN; STEINGUT | Fayence; Porzellan | OGGETTI IN ORO | TESSUTI | PORZELLAN; Waffen | SCATOLE | PORCELLANE
http://w3id.org/zac/88422_lot_13,9,CANDELABRI | MAIOLICHE | OGGETTI IN LEGNO | OGGETTI VARI | OGGETTI D'ARTE | VETRI | VASI | PORCELLANE | TESSUTI
http://w3id.org/zac/88422_lot_4,9,ARGENTI | MAIOLICHE | MINIATURE | OGGETTI IN LEGNO | OGGETTI D'ARTE | OGGETTI VARI | OGGETTI IN ORO | PORCELLANE | VASI
http://w3id.org/zac/88422_lot_5,9,CANDELABRI | ARGENTI | MAIOLICHE | LAMPADE | OGGETTI IN LEGNO | OGGETTI D'ARTE | PORCELLANE | VASI | VETRI
http://w3id.org/zac/88444_lot_3,9,ARGENTI | MOBILI | MAIOLICHE | OGGETTI D'ARTE ORIENTALE | OGGETTI IN METALLO | OGGETTI D'ARTE | OGGETTI IN LEGNO | OGGETTI IN LATTA | VETRI
http://w3id.org/zac/88444_lot_4,9,OGGETTI D'ARTE ORIENTALE | MOBILI | MAIOLICHE | LAMPADE | OGGETTI IN LATTA | OGGETTI D'ARTE | TESSUTI | VETRI | PORCELLANE
http://w3id.org/zac/88462_lot_3,9,ARGENTI | CERAMICHE | OGGETTI D'ARTE ORIENTALE | KUPFERSTICHE; FARBDRUCKE | OGGETTI IN LEGNO | VASI | TESSUTI | STAMPE E INCISIONI | SCATOLE
http://w3id.org/zac/88487_lot_1,9,CORNICI | CRISTALLI | OGGETTI D'ARTE ORIENTALE | LAMPADE | MINIATURE | OGGETTI VARI | PORCELLANE | PIATTI | TERRECOTTE
http://w3id.org/zac/88576_lot_1,9,ARGENTI | MINIATURE | MOBILI | OGGETTI IN LATTA | PORCELLANE | SCATOLE | Waffen; Ristungen | VASI | Porzellan; Fayence; Glas
http://w3id.org/zac/88679_lot_7,9,CORNICI | ANTICHITA' | Gobelins; Perserteppiche | OGGETTI IN METALLO | OGGETTI IN ORO | OGGETTI VARI | STAMPE E INCISIONI | TERRECOTTE | VASI
http://w3id.org/zac/88680_lot_I,9,DIE WAHRSAGERIN. | BANDIERE | ARREDAMENTI | KINDERMORD IN BETHLEHEM | IDYLLISCHE LANDSCHAFT | DIPINTI | HIRTENIN ABENDLANDSCHAFT | OGGETTI IN METALLO | OGGETTI VARI
http://w3id.org/zac/88745_lot_4,9,MOBILI | DIPINTI | OGGETTI IN METALLO | ORIGINALRADIERUNGEN; REPRODUKTIONEN; PRACHTWERKE; BUCHER | SCATOLE | PORZELLAN; KERAMIK; ELFENBEINFIGUREN; ZWISCHENGOLDGLASER; BRONZEN | PIATTI | VASI | TEPPICHE; DECKEN
http://w3id.org/zac/88745_lot_5,9,AVORI | ARGENTI | MOBILI | ORIGINALRADIERUNGEN; REPRODUKTIONEN; PRACHTWERKE; BUCHER | VASEN; KRUGE; SCHALEN | WIRTSCHAFTSGEGENSTANDE; GESCHIRR | VORHANGE; DECKEN; BETTEN | STICHE; GEMALDE; PLASTIK | TEPPICHE; DECKEN
http://w3id.org/zac/88745_lot_6,9,OGGETTI VARI | SCATOLE | WIRTSCHAFTSGEGENSTANDE; GESCHIRR | VORHANGE; DECKEN; BETTEN | VETRI | TEPPICHE; DECKEN | PORCELLANE | VASI | TAPPETI
http://w3id.org/zac/88745_lot_7,9,ARGENTI | OGGETTI VARI | ORIGINALRADIERUNGEN; REPRODUKTIONEN; PRACHTWERKE; BUCHER | WIRTSCHAFTSGEGENSTANDE; GESCHIRR | STICHE; GEMALDE; PLASTIK | PORZELLAN; KERAMIK; ELFENBEINFIGUREN; ZWISCHENGOLDGLASER; BRONZEN | TEPPICHE; DECKEN | VASEN; KRUGE; SCHALEN | VORHANGE; DECKEN; BETTEN
http://w3id.org/zac/88765_lot_12,9,ANTICHITA' | BRONZI | CERAMICHE | MOBEL; KERAMIK; SILBER; BRONZEN; UHREN; OSTASIATISCHES KUNSTGEWERBE | JADEARBEITEN; KERAMIK; BRONZEN; CHINESISCHERKNUPFTEPPICH | FAYENCEN; PORZELLANE | SCATOLE | SPECCHI | PIATTI
http://w3id.org/zac/90087_lot_10,9,ARGENTI | ARBEITEN IN BRONZE; MESSING; KUPFER | MEDAGLIE | GIOIELLI | OGGETTI IN FERRO | VETRI | SPARTITI MUSICALI | ROSENKRANZE; ROSENKRANZANHANGER | TERRECOTTE
http://w3id.org/zac/90087_lot_15,9,ARMI | ARBEITEN IN BRONZE; MESSING; KUPFER | OGGETTI IN METALLO | OGGETTI IN LATTA | OGGETTI IN FERRO | SPARTITI MUSICALI | STAGNI | TERRECOTTE | VETRI
http://w3id.org/zac/90087_lot_2,9,COPPE | MATHEMATISCHE INSTRUMENTE; OPTISCHE INSTRUMENTE | GIOIELLI | MOBILI | OGGETTI IN LEGNO | OGGETTI IN ORO | VETRI | TERRECOTTE | SPECCHI
http://w3id.org/zac/90087_lot_3,9,AVORI | ARBEITEN IN BRONZE; MESSING; KUPFER | ARGENTI | ARMI | JAGDBESTECKE; JAGDUTENSILIEN | GIOIELLI | OGGETTI VARI | VETRI | TERRECOTTE
http://w3id.org/zac/90087_lot_5,9,AVORI | JAGDBESTECKE; JAGDUTENSILIEN | OGGETTI VARI | OGGETTI IN ORO | Samte; Brokate; Damaste; Stickereien; Spitzen | SCATOLE | VETRI | TERRECOTTE | STAGNI
http://w3id.org/zac/4554_lot_2,8,CANDELABRI | ARAZZI | BISCOTTI | MOBILI | MINIATURE | OGGETTI VARI | OGGETTI IN LEGNO | VASI
http://w3id.org/zac/4868_lot_2,8,CORNICI | DIPINTI | GIOIE; ORI; ARGENTI | MOBILI | OGGETTI IN LEGNO | OGGETTI VARI | STAMPE E INCISIONI | POLTRONE
http://w3id.org/zac/4868_lot_4,8,DIPINTI | LAMPADE | GIOIE; ORI; ARGENTI | MOBILI | OGGETTI VARI | OGGETTI IN LEGNO | OGGETTI IN ORO | POLTRONE
http://w3id.org/zac/50364_lot_I,8,ARGENTI | MOBILI | MAIOLICHE | OGGETTI D'ARTE ORIENTALE | OGGETTI IN METALLO | OGGETTI IN ORO | OGGETTI IN LEGNO | SCULTURE
http://w3id.org/zac/50791_lot_2,8,ARREDAMENTI | BASSORILIEVI | CANDELABRI | OGGETTI VARI | PIATTI | PANNELLI | OGGETTI IN LEGNO | VASI
http://w3id.org/zac/51176_lot_I,8,BRONZI | BROCADES; NEEDLEWORK | MAIOLICHE | MOBILI | FERRO BATTUTO | OGGETTI IN ORO | OGGETTI VARI | VASI
http://w3id.org/zac/51201_lot_I,8,CANDELABRI | ARAZZI | MOBILI | OGGETTI IN METALLO | OGGETTI VARI | SPECCHI | POLTRONE | VASI
http://w3id.org/zac/51205_lot_4,8,CERAMICHE | BIANCHERIA | BASSORILIEVI | MERLETTI | OGGETTI VARI | SCATOLE | POTTERY; PORCELAINS | PORCELLANE
http://w3id.org/zac/81744_lot_6,8,DECORAZIONI DA PARETE | MAIOLICHE | EPEES; DAGUES; POIGNARDS; HACHES; LANCES | LIBRI | PANNELLI | OGGETTI IN LEGNO | OGGETTI VARI | STAMPE E INCISIONI
http://w3id.org/zac/81770_lot_10,8,DIPINTI | CORNICI | Bronzi; marmi; terracotte | BISCOTTI | Merletti; Stoffe | PIATTI | OGGETTI VARI | SCATOLE
http://w3id.org/zac/81770_lot_12,8,Argenterie; oreficerie | CORNICI | DIPINTI | Bronzi; marmi; terracotte | INSETTI | MINIATURE | SCATOLE | VASI
http://w3id.org/zac/81770_lot_17,8,CORNICI | DIPINTI | Argenterie; oreficerie | MAIOLICHE | DISEGNI | PIATTI | STAMPE E INCISIONI | PORCELLANE
http://w3id.org/zac/81770_lot_20,8,CORNICI | DIPINTI | Argenterie; oreficerie | MAIOLICHE | MINIATURE | SCATOLE | PORCELLANE | STAMPE E INCISIONI
http://w3id.org/zac/81770_lot_4,8,CORNICI | DIPINTI | Merletti; Stoffe | MAIOLICHE | OGGETTI VARI | STAMPE E INCISIONI | SCATOLE | VASI
http://w3id.org/zac/81772_lot_4,8,31 Marzo 1908 | 7 Aprile 1908 | 30 Marzo 1908 | 6 aprile | 10 Aprile | 3 aprile | 1. aprile | CORNICI
http://w3id.org/zac/81772_lot_5,8,7 Aprile 1908 | 1. aprile | 9 aprile | 10 Aprile | 8 Aprile | 3 aprile | 6 aprile | 30 Marzo 1908
http://w3id.org/zac/81773_lot_5,8,BASSORILIEVI | ACQUEFORTI | MINIATURE | MONETE | OGGETTI IN LEGNO | POLTRONE | SCOMPARTI | VASI
http://w3id.org/zac/81775_lot_10,8,DIPINTI | CORNICI | Bronzi; Marmi; Terrecotte; Avorii; Legni | Maioliche; porcellane | LIBRI | MOBILI | Maioliche; Porcellane | MINIATURE | MAIOLICHE; PORCELLANE | VASI
http://w3id.org/zac/81775_lot_4,8,DIPINTI | CORNICI | MINIATURE | Merletti; Stoffe | Medaglie; Placchette | Libri; Legature; Autograf | MOBILI | OGGETTI IN METALLO
http://w3id.org/zac/81793_lot_2,8,BRONZI | MOBILI | Etoffes; Tapis persans | Etoffes; tapis persans | Etofes; Tapis persans | Etoffes; tapisseries; tapis persans | OGGETTI IN LEGNO | OGGETTI VARI | SCOMPARTI
http://w3id.org/zac/81799_lot_8,8,CAMEI | ARGENTI | BRONZI | BOTTIGLIE | LIBRI | GIOIELLI | MINIATURE | REPERTI ARCHEOLOGICI
http://w3id.org/zac/81831_lot_11,8,CORNICI | DIPINTI | MAIOLICHE | MARMI | MOBILI | OGGETTI IN LEGNO | OGGETTI D'ARTE | TESSUTI
http://w3id.org/zac/81832_lot_6,8,ARREDAMENTI | DIPINTI | LIBRI | MOBILI | LAMPADE | OGGETTI VARI | OGGETTI IN LEGNO | OGGETTI D'ARTE
http://w3id.org/zac/81913_lot_10,8,ARMI | COPPE | MAIOLICHE | MOBILI | PIATTI | OGGETTI VARI | STAMPE E INCISIONI | Porcellane; Maioliche | PORCELLANE; MAIOLICHE | Porcellane; maioliche
http://w3id.org/zac/81913_lot_9,8,ARMI | MOBILI | PIATTI | OGGETTI VARI | Porcellane; maioliche | SCULTURE | Porcellane; Maioliche | STAMPE E INCISIONI | SCATOLE; TABACCHIERE | PORCELLANE; MAIOLICHE
http://w3id.org/zac/83707_lot_I,8,BRONZI | MAIOLICHE | PIATTI | OGGETTI IN METALLO | OGGETTI IN LEGNO | OGGETTI LITURGICI | OGGETTI VARI | STAMPE E INCISIONI
http://w3id.org/zac/83709_lot_10,8,ACQUEFORTI | PERLES; DIAMANTS | OGGETTI VARI | OGGETTI IN LEGNO | TORCE | PORCELAINES; FAIENCES | Porcelaines; Faiences | VASI | Porcelaines; faiences | SEDIE
http://w3id.org/zac/84250_lot_5,8,ARREDAMENTI | ARAZZI | BRONZI | PANNELLI | OGGETTI VARI | OGGETTI IN LEGNO | VETRI | VASI
http://w3id.org/zac/87358_lot_9,8,ARGENTI | AVORI | OGGETTI VARI | OGGETTI IN ORO | OGGETTI IN CERA | TERRECOTTE | TESSUTI | STAGNI
http://w3id.org/zac/87363_lot_14,8,Bilder; Miniaturen | Bronce; Messingwaaren | MOBILI | Fayence; glasirte Thonwaaren | Kriegs- und Jagd-Waffen; Jagdgerathschaften | OGGETTI IN LATTA | OGGETTI IN FERRO | VETRI
http://w3id.org/zac/87363_lot_15,8,Bilder; Miniaturen | Bronce; Messingwaaren | Fayence; glasirte Thonwaaren | Kriegs- und Jagd-Waffen; Jagdgerathschaften | OGGETTI IN FERRO | OGGETTI VARI | OGGETTI IN LEGNO | OGGETTI IN LATTA
http://w3id.org/zac/87363_lot_16,8,BRONZI | Kriegs- und Jagd-Waffen; Jagdgerathschaften | Leinenwaaren; Weissstickereien | Fayence; glasirte Thonwaaren | OGGETTI IN LATTA | OGGETTI IN FERRO | VETRI | TESSUTI
http://w3id.org/zac/87363_lot_18,8,Bronce; Messingwaaren | Bilder; Miniaturen | Fayence; glasirte Thonwaaren | Kriegs- und Jagd-Waffen; Jagdgerathschaften | OGGETTI IN FERRO | OGGETTI VARI | OGGETTI IN LEGNO | OGGETTI IN LATTA
http://w3id.org/zac/87363_lot_26,8,Bilder; Miniaturen | Kriegs- und Jagd-Waffen; Jagdgerathschaften | Fayence; glasirte Thonwaaren | Kostumstucke; Kostume; Stickereien | OGGETTI IN LATTA | OGGETTI IN LEGNO | OGGETTI IN FERRO | VASI
http://w3id.org/zac/87369_lot_6,8,Bestecke; Essgeräthe | OGGETTI IN LEGNO | OGGETTI IN FERRO | OGGETTI IN ORO | Rüstungen | PIATTI | Stickereien; Stoffe; Spitzen | Sicheln; Sensen; Glafen; Morgensterne
http://w3id.org/zac/87374_lot_25,8,Bronze; Kupfer | BRONZE; KUPFER | Adels-Diplome; Wappen-Diplome; Privilegien-Briefe; Stammbaume | LETTERE | Krige; Majoliken; glasirte Topfereien; Arbeiten in Thon | LIBRI | Munzen; Medaillen | MUNZEN; MEDAILLEN | OGGETTI IN CERA | OGGETTI IN METALLO
http://w3id.org/zac/87389_lot_20,8,BRONZI | MINIATURE | Glas; Email-Nippsachen; Bronze; Uhren; Schmuck; Miniaturen | Orden; silberne Pokale; Prachtdegen; Reitpeitschen | OGGETTI IN ORO | SCATOLE | VASI | Porzellan-Figuren; Gefasse; Tassen; Teller
http://w3id.org/zac/87420_lot_15,8,ARMI | CERAMICHE | Holzschnitzereien; Elfenbeinarbeiten | LIBRI | OGGETTI IN METALLO | OGGETTI IN LATTA | OGGETTI IN ORO | Stoffe; Teppiche; Vorhinge
http://w3id.org/zac/87421_lot_4,8,BISCOTTI | MOBILI | MEDAGLIE | FOTOGRAFIE | MINIATURE | OGGETTI VARI | OROLOGI | PORCELLANE
http://w3id.org/zac/87421_lot_5,8,FOTOGRAFIE | MOBILI | MEDAGLIE | OGGETTI IN METALLO | OROLOGI | OGGETTI VARI | TESSUTI | VETRI
http://w3id.org/zac/87424_lot_3,8,BRONZI | ANTICHITA' | ARGENTI | Gemalde; Stiche | MONETE | Glasgemalde; Miniaturen | OGGETTI IN ORO | OGGETTI IN LEGNO
http://w3id.org/zac/87424_lot_6,8,MONETE | Glasgemalde; Miniaturen | Gemalde; Stiche | OGGETTI IN ORO | OGGETTI IN LEGNO | OTTONI | PORCELLANE | Textilsachen; Spitzen
http://w3id.org/zac/87425_lot_1,8,DIPINTI | ARMI | BIGIOTTERIA | MAIOLICHE | MINIATURE | TESSUTI | TAPPETI | SMALTI
http://w3id.org/zac/87496_lot_10,8,ACQUERELLI | Arbeiten in Glas; Glasscheiben | Arbeiten in Email; Miniaturen | OGGETTI VARI | OGGETTI IN RAME | OGGETTI IN LEGNO | STAGNI | VASI
http://w3id.org/zac/87544_lot_I,8,BRONZI | CORNICI | DIPINTI | MARMI | Farbenstiche; Schabkunst- und Linienstiche | MINIATURE | OGGETTI IN LEGNO | OGGETTI IN RAME
http://w3id.org/zac/87742_lot_11,8,ARGENTI | ARMI | Glas; Krystall; Spiegel | Messing; Kupfersachen | Mobel; Holzgegenstande | OGGETTI IN LATTA | OGGETTI VARI | Portieren; Geweihe
http://w3id.org/zac/87742_lot_13,8,ARGENTI | ARMI | Glas; Krystall; Spiegel | Mobel; Holzgegenstande | Messing; Kupfersachen | OGGETTI IN RAME | Portieren; Geweihe | SCATOLE
http://w3id.org/zac/87742_lot_18,8,ARGENTI | ARMI | Mobel; Holzgegenstande | Glas; Krystall; Spiegel | Messing; Kupfersachen | OGGETTI IN FERRO | OGGETTI VARI | Porzellan; Fayencen; Marmor; Steingut
http://w3id.org/zac/87742_lot_19,8,ARGENTI | BANDIERE | ARMI | LUSTRI | Mobel; Holzgegenstande | OGGETTI IN PELLE | SCATOLE | VETRI
http://w3id.org/zac/87742_lot_2,8,ARGENTI | ARMI | Aquarelle; Kupferstiche; Glasbilder; Oelgemald | Glas; Krystall; Spiegel | Mobel; Holzgegenstande | OGGETTI VARI | OGGETTI IN ORO | OGGETTI IN LATTA
http://w3id.org/zac/87742_lot_20,8,ARMI | ARGENTI | Mobel; Holzgegenstande | Glas; Krystall; Spiegel | Messing; Kupfersachen | OGGETTI IN LATTA | OGGETTI VARI | Porzellan; Fayencen; Marmor; Steingut
http://w3id.org/zac/87742_lot_28,8,ARGENTI | ARMI | Glas; Krystall; Spiegel | Mobel; Holzgegenstande | Messing; Kupfersachen | SCATOLE | Porzellan; Fayencen; Marmor; Steingut | VETRI
http://w3id.org/zac/87742_lot_8,8,ARGENTI | ARMI | Mobel; Holzgegenstande | Glas; Krystall; Spiegel | Messing; Kupfersachen | OGGETTI IN METALLO | OGGETTI VARI | OTTONI
http://w3id.org/zac/87772_lot_5,8,ARMI | MOBILI | LIBRI | OGGETTI IN ORO | OGGETTI IN LEGNO | OGGETTI VARI | OGGETTI IN LATTA | Porzellan; Fayence; Steingut
http://w3id.org/zac/87773_lot_3,8,BRONZI | DIPINTI | MINIATURE | Mobel; Figuren | MAIOLICHE | VASI | Waffen; Gobelin; Facher | Porzellane; Fayencen; Steinzeug
http://w3id.org/zac/87773_lot_5,8,DIPINTI | ARGENTI | MINIATURE | Mobel; Figuren | Waffen; Gobelin; Facher | VETRI | Silber; Bronze | Porzellane; Fayencen; Steinzeug
http://w3id.org/zac/87807_lot_10,8,ACQUERELLI | BAULI | ARGENTI | Antiquitaten; Kunstgegenstande; Mobel | OGGETTI IN ORO | OGGETTI IN LATTA | OGGETTI IN METALLO | PORCELLANE
http://w3id.org/zac/88026_lot_4,8,Ansichten | Aquarelle; Zeichnungen | BRONZI | OGGETTI IN LATTA | PORCELLANE | VETRI | SCULTURE | Stickerei; Wachsmodellierung
http://w3id.org/zac/88058_lot_14,8,CORNICI | BESTECKE; WAFFEN; BUCHER; EINBANDE | DOSEN; TASCHENUHREN; FACHER | FAYENCE; MAJOLIKA; STEINGUT; GLAS | OGGETTI IN PELLE | OGGETTI IN ORO | OGGETTI VARI | VASI
http://w3id.org/zac/88058_lot_16,8,BESTECKE; WAFFEN; BUCHER; EINBANDE | DOSEN; TASCHENUHREN; FACHER | MINIATUREN; OLBILDER; STICHE | FAYENCE; MAJOLIKA; STEINGUT; GLAS | OGGETTI VARI | OGGETTI IN CERA | OGGETTI IN RAME | SCOMPARTI
http://w3id.org/zac/88058_lot_23,8,MINIATUREN; OLBILDER; STICHE | FAYENCE; MAJOLIKA; STEINGUT; GLAS | MOBEL; SPIEGEL; STANDUHREN | DOSEN; TASCHENUHREN; FACHER | OGGETTI IN RAME | VASI | SCATOLE | SPECCHI
http://w3id.org/zac/88067_lot_13,8,BRONZI | BAULI | Fayence; Majoliken | Mobel; Einrichtungsgenstande | OGGETTI IN CERA | OGGETTI IN LATTA | PORCELLANE | VETRI
http://w3id.org/zac/88067_lot_15,8,BRONZI | Fayence; Majoliken | OGGETTI IN ORO | PIATTI | VASI | PORCELLANE | Steinzeug; Hafnerware | VETRI
http://w3id.org/zac/88067_lot_17,8,BRONZI | Mobel; Einrichtungsgenstande | Fayence; Majoliken | OGGETTI IN LATTA | PORCELLANE | VASI | VETRI | Steinzeug; Hafnerware
http://w3id.org/zac/88067_lot_18,8,MAIOLICHE | Gemalde; Kupferstiche | Fayence; Majoliken | OGGETTI VARI | OGGETTI IN LATTA | Steinzeug; Hafnerware | PORCELLANE | VETRI
http://w3id.org/zac/88067_lot_8,8,ARREDAMENTI | BRONZI | Fayence; Majoliken | Mobel; Einrichtungsgenstande | OGGETTI IN ORO | OGGETTI VARI | VETRI | PORCELLANE
http://w3id.org/zac/88092_lot_5,8,CRISTALLI | ARMI | MAIOLICHE | FOTOGRAFIE | OGGETTI IN LATTA | OGGETTI IN RAME | TERRECOTTE | PIATTI
http://w3id.org/zac/88092_lot_6,8,Bronze; Messing | CRISTALLI | MAIOLICHE | FOTOGRAFIE | OGGETTI IN RAME | OTTONI | PIATTI | TERRECOTTE
http://w3id.org/zac/88092_lot_8,8,Bronze; Messing | ARGENTI | BRONZI | OGGETTI IN RAME | OGGETTI VARI | TERRECOTTE | PIATTI | VASI
http://w3id.org/zac/88098_lot_5,8,DIPINTI | BIANCHERIA | Mobel; Holzsculpturen | MINIATURE | MUNZEN; MEDAILLEN | Munzen; Medaillen | OGGETTI IN LEGNO | OGGETTI IN LATTA | Silber; Elfenbein
http://w3id.org/zac/88102_lot_11,8,BRONZEN; PLAKETTEN; MEDAILLEN; MUNZEN | FAYENCE; MAJOLIKA; STEINZEUG | Fayence; Majolika; Steinzeug | GLAS; PORZELLAN; ELFENBEIN; GOLD; SILBER; SCHMUCK | ORIENTALISCHE BRONZEN; WAFFEN | OGGETTI IN LEGNO | SPECCHI | PIATTI | TAPPETI
http://w3id.org/zac/88102_lot_12,8,BRONZEN; PLAKETTEN; MEDAILLEN; MUNZEN | GLAS; PORZELLAN; ELFENBEIN; GOLD; SILBER; SCHMUCK | Fayence; Majolika; Steinzeug | FAYENCE; MAJOLIKA; STEINZEUG | ORIENTALISCHE BRONZEN; WAFFEN | OGGETTI IN LEGNO | VASI | TAPPETI | PIATTI
http://w3id.org/zac/88141_lot_12,8,MOBILI | EMAIL; SILBER; BRONZE; ZINN | MINIATURE | FOTOGRAFIE | MAIOLICHE | PIATTI | VETRI | PORCELLANE
http://w3id.org/zac/88141_lot_4,8,MOBILI | MINIATURE | MAIOLICHE | OGGETTI IN ORO | PORCELLANE | SPECCHI | VETRI | SCATOLE
http://w3id.org/zac/88141_lot_6,8,MOBILI | MINIATURE | EMAIL; SILBER; BRONZE; ZINN | MAIOLICHE | OGGETTI IN ORO | PORCELLANE | VETRI | VASI
http://w3id.org/zac/88167_lot_18,8,BRONZI | AVORI | MEDAGLIE | OGGETTI IN LEGNO | OGGETTI IN LATTA | OGGETTI IN RAME | STRUMENTI MUSICALI | VASI
http://w3id.org/zac/88237_lot_3,8,ARMI | ARGENTI | Aquarelle; Handzeichnungen; Stahlstiche | Kupferstiche; Radierungen; Lithographien | Miniaturen; Silhouetten | OGGETTI D'ARTE ORIENTALE | Elfenbein; Meerschaum | OGGETTI VARI
http://w3id.org/zac/88237_lot_6,8,ARGENTI | Aquarelle; Handzeichnungen; Stahlstiche | OGGETTI D'ARTE ORIENTALE | Kupferstiche; Radierungen; Lithographien | Miniaturen; Silhouetten | Einrichtungsgegenstande; Mobel | Textilien; Teppiche | TEXTILIEN; TEPPICHE | TERRECOTTE
http://w3id.org/zac/88320_lot_22,8,MINIATURE | MAIOLICHE | MOBILI | OGGETTI IN ORO | OGGETTI IN METALLO | PORCELLANE | TESSUTI | VETRI
http://w3id.org/zac/88321_lot_8,8,ARTI GRAFICHE | Fayence; Majolika | FAYENCE; MAJOLIKA | STAMPE E INCISIONI | PLAKETTEN; MUNZEN; MINIATUREN; BUCHER | SCULTURE | STEIN; METALL | TESSUTI | PORCELLANE
http://w3id.org/zac/88322_lot_3,8,DIPINTI | Miniaturen; Silhouetten | Kupferstiche; Radierungen; Holzschnitte; Schabkunstblatter | OGGETTI IN LATTA | OGGETTI IN RAME | Zinn; Messing | VASI | Schmuck; Silber
http://w3id.org/zac/88327_lot_8,8,ARGENTI | Handzeichnungen; Aquarelle | Miniaturen; Silhouetten | Holzschnitte; Kupferstiche; Radierungen | OGGETTI IN RAME | PORCELLANE | VETRI | Steinzeug; Fayencen | STEINZEUG; FAYENCEN
http://w3id.org/zac/88367_lot_12,8,BIANCHERIA | MOBILI | MINIATURE | OGGETTI IN ORO | STAMPE E INCISIONI | SCATOLE | Teppiche; Gobelins; Stoffe | PORCELLANE
http://w3id.org/zac/88377_lot_10,8,ARAZZI | CORNICI | HOLZSKULPTUREN; PERSISCHE TEPPICHE | OGGETTI IN LEGNO | OGGETTI VARI | OGGETTI IN ORO | SILBERNE GERATE; CHINESISCHES PORZELLAN; ELFENBEINMINIATUREN; SPITZEN; FACHERSAMMLUNG | VASI
http://w3id.org/zac/88400_lot_10,8,ACQUEFORTI | CORNICI | ARMI | GLASER; MINIATUREN | Fayence; Porzellan | Fayencen; Steingut | FAYENCEN; STEINGUT | FAYENCE; PORZELLAN | PORCELLANE | TESSUTI
http://w3id.org/zac/88400_lot_11,8,GLASER; MINIATUREN | FOTOGRAFIE | FAYENCE; PORZELLAN | Fayence; Porzellan | FAYENCEN; STEINGUT | Fayencen; Steingut | OGGETTI IN RAME | PORCELLANE | PIATTI | TESSUTI
http://w3id.org/zac/88400_lot_17,8,Fayence; Porzellan | FAYENCE; PORZELLAN | FAYENCEN; STEINGUT | Fayencen; Steingut | GLASER; MINIATUREN | OGGETTI VARI | OGGETTI IN RAME | TESSUTI | PIATTI | PORZELLAN; Waffen
http://w3id.org/zac/88400_lot_18,8,Fayence; Porzellan | GLASER; MINIATUREN | FAYENCEN; STEINGUT | Fayencen; Steingut | FAYENCE; PORZELLAN | TESSUTI | PORCELLANE | PORZELLAN; Waffen | PIATTI | VASI
http://w3id.org/zac/88400_lot_28,8,CORNICI | FAYENCE; PORZELLAN | Fayence; Porzellan | Fayencen; Steingut | FAYENCEN; STEINGUT | OGGETTI IN LEGNO | OGGETTI VARI | TESSUTI | PORZELLAN; Waffen | VASI
http://w3id.org/zac/88400_lot_6,8,ARMI | Fayencen; Steingut | FAYENCEN; STEINGUT | GLASER; MINIATUREN | FOTOGRAFIE | OGGETTI IN RAME | TESSUTI | PORZELLAN; Waffen | PORCELLANE
http://w3id.org/zac/88416_lot_8,8,CORNICI | Mobel; Einrichtungsgegenstande | MOBEL; EINRICHTUNGSGEGENSTANDE | OGGETTI IN LEGNO | OGGETTI IN ORO | OGGETTI IN FERRO | TESSUTI | Terracotta; Steingut | PIATTI
http://w3id.org/zac/88422_lot_6,8,ARGENTI | MAIOLICHE | OGGETTI D'ARTE | OGGETTI IN RAME | OGGETTI VARI | OGGETTI IN LEGNO | PORCELLANE | VETRI
http://w3id.org/zac/88424_lot_3,8,BIANCHERIA | ACQUEFORTI | MOBILI | MINIATURE | OGGETTI VARI | OGGETTI IN ORO | TEXTILIEN; TEPPICHE | STAMPE E INCISIONI | Textilien; Teppiche
http://w3id.org/zac/88444_lot_10,8,MOBILI | MAIOLICHE | OGGETTI D'ARTE | OGGETTI IN LATTA | TESSUTI | TAPPETI | PORCELLANE | VETRI
http://w3id.org/zac/88444_lot_12,8,ARGENTI | 28. Oktober 1920 | MAIOLICHE | OGGETTI IN LEGNO | OGGETTI VARI | OGGETTI IN LATTA | VETRI | PORCELLANE
http://w3id.org/zac/88444_lot_13,8,CORNICI | ARGENTI | MAIOLICHE | OGGETTI D'ARTE | TAPPETI | VETRI | PORCELLANE | TESSUTI
http://w3id.org/zac/88444_lot_2,8,MAIOLICHE | OGGETTI D'ARTE ORIENTALE | OGGETTI IN LATTA | OGGETTI IN LEGNO | OGGETTI IN ORO | OGGETTI D'ARTE | PORCELLANE | VETRI
http://w3id.org/zac/88444_lot_6,8,OGGETTI D'ARTE ORIENTALE | MOBILI | OGGETTI IN RAME | OGGETTI D'ARTE | OGGETTI IN LATTA | VETRI | PORCELLANE | TESSUTI
http://w3id.org/zac/88444_lot_9,8,26.Oktober 1920 | MOBILI | OGGETTI IN LATTA | OGGETTI VARI | OGGETTI D'ARTE | TESSUTI | VETRI | PORCELLANE
http://w3id.org/zac/88462_lot_2,8,CERAMICHE | KUPFERSTICHE; FARBDRUCKE | OGGETTI D'ARTE ORIENTALE | Kupfer; Zinn | KUPFER; ZINN | OGGETTI IN RAME | OGGETTI IN LEGNO | TESSUTI | SCULTURE
http://w3id.org/zac/88462_lot_23,8,ARGENTI | LAMPADE | KUPFERSTICHE; FARBDRUCKE | OGGETTI D'ARTE ORIENTALE | OGGETTI IN LEGNO | PIATTI | TESSUTI | VETRI
http://w3id.org/zac/88462_lot_4,8,CERAMICHE | ARGENTI | KUPFERSTICHE; FARBDRUCKE | OGGETTI D'ARTE ORIENTALE | OGGETTI IN ORO | OGGETTI VARI | OGGETTI IN LEGNO | TESSUTI
http://w3id.org/zac/88462_lot_9,8,CERAMICHE | ARGENTI | OGGETTI D'ARTE ORIENTALE | KUPFER; ZINN | Kupfer; Zinn | OGGETTI IN ORO | OGGETTI VARI | TESSUTI | SPECCHI
http://w3id.org/zac/88483_lot_1,8,CRISTALLI | ARGENTI | ACQUERELLI | CORNICI | OGGETTI D'ARTE ORIENTALE | OGGETTI VARI | PIATTI | TERRECOTTE
http://w3id.org/zac/88491_lot_1,8,BIANCHERIA | MINIATURE | OGGETTI D'ARTE ORIENTALE | OGGETTI VARI | OGGETTI IN LATTA | OGGETTI IN ORO | VASI | PORCELLANE
http://w3id.org/zac/88565_lot_3,8,ARREDAMENTI | CORNICI | Elfenbein; Miniaturen; Kleinkunst | MOBILI | OGGETTI D'ARTE ORIENTALE | OGGETTI IN RAME | STAMPE E INCISIONI | SMALTI
http://w3id.org/zac/88565_lot_5,8,AVORI | MOBILI | Elfenbein; Miniaturen; Kleinkunst | OGGETTI D'ARTE ORIENTALE | OGGETTI IN METALLO | OGGETTI IN LEGNO | OGGETTI VARI | SMALTI
http://w3id.org/zac/88565_lot_6,8,ARGENTI | BRONZI | AVORI | Elfenbein; Miniaturen; Kleinkunst | MOBILI | OGGETTI D'ARTE ORIENTALE | OGGETTI IN LEGNO | STAMPE E INCISIONI
http://w3id.org/zac/88646_lot_4,8,BISCOTTI | FOTOGRAFIE | MOBEL; HOLZSCHNITZEREIEN; PORZELLAN; FAYENCEN | PERSERTEPPICHE; KELIMS | OGGETTI VARI | STAMPE E INCISIONI | PORCELLANE | VETRI
http://w3id.org/zac/88646_lot_6,8,BRONZI | ARAZZI | MOBEL; HOLZSCHNITZEREIEN; PORZELLAN; FAYENCEN | OGGETTI VARI | PERSERTEPPICHE; KELIMS | STAMPE E INCISIONI | VETRI | PORZELLAN; BRONZEN; GLAS
http://w3id.org/zac/88743_lot_12,8,ARGENTI | ARMI | MOBILI | LAMPADE | OGGETTI IN LATTA | OGGETTI VARI | OGGETTI IN LEGNO | TESSUTI
http://w3id.org/zac/88743_lot_15,8,ARMI | MOBILI | MOBEL; SITZMOBEL | LAMPADE | OGGETTI IN LATTA | OGGETTI VARI | PIATTI | SCATOLE
http://w3id.org/zac/88745_lot_17,8,MOBILI | LAMPADE | METALL; STEIN; GLAS | ORIGINALRADIERUNGEN; REPRODUKTIONEN; PRACHTWERKE; BUCHER | PORCELLANE | VASEN; KRUGE; SCHALEN | SCATOLE | STICHE; GEMALDE; PLASTIK
http://w3id.org/zac/88745_lot_2,8,ARGENTI | ORIGINALRADIERUNGEN; REPRODUKTIONEN; PRACHTWERKE; BUCHER | VASEN; KRUGE; SCHALEN | TEPPICHE; DECKEN | PORCELLANE | STICHE; GEMALDE; PLASTIK | WIRTSCHAFTSGEGENSTANDE; GESCHIRR | PIATTI
http://w3id.org/zac/88765_lot_10,8,ANTICHITA' | BRONZI | MOBEL; KERAMIK; SILBER; BRONZEN; UHREN; OSTASIATISCHES KUNSTGEWERBE | JADEARBEITEN; KERAMIK; BRONZEN; CHINESISCHERKNUPFTEPPICH | OGGETTI IN FERRO | OGGETTI IN PELLE | VASI | PIATTI
http://w3id.org/zac/88765_lot_14,8,ANTICHITA' | BRONZI | CERAMICHE | MINIATURE | FAYENCEN; PORZELLANE | JADEARBEITEN; KERAMIK; BRONZEN; CHINESISCHERKNUPFTEPPICH | MOBEL; KERAMIK; SILBER; BRONZEN; UHREN; OSTASIATISCHES KUNSTGEWERBE | OGGETTI IN ORO
http://w3id.org/zac/88765_lot_17,8,BRONZI | CERAMICHE | ANTICHITA' | MAIOLICHE | FAYENCEN; PORZELLANE | VASI | SPECCHI | TABACCHIERE
http://w3id.org/zac/88765_lot_3,8,BRONZI | CERAMICHE | FAYENCEN; PORZELLANE | MOBEL; KERAMIK; SILBER; BRONZEN; UHREN; OSTASIATISCHES KUNSTGEWERBE | JADEARBEITEN; KERAMIK; BRONZEN; CHINESISCHERKNUPFTEPPICH | TABACCHIERE | PIATTI | SPECCHI
http://w3id.org/zac/88765_lot_4,8,ANTICHITA' | BRONZI | CERAMICHE | FAYENCEN; PORZELLANE | MOBEL; KERAMIK; SILBER; BRONZEN; UHREN; OSTASIATISCHES KUNSTGEWERBE | JADEARBEITEN; KERAMIK; BRONZEN; CHINESISCHERKNUPFTEPPICH | SPECCHI | PIATTI
http://w3id.org/zac/88765_lot_5,8,ARAZZI | BIANCHERIA | ANTICHITA' | BRONZI | MOBEL; KERAMIK; SILBER; BRONZEN; UHREN; OSTASIATISCHES KUNSTGEWERBE | FAYENCEN; PORZELLANE | OGGETTI IN ORO | SPECCHI
http://w3id.org/zac/90087_lot_18,8,MOBILI | MEDAGLIE | MATHEMATISCHE INSTRUMENTE; OPTISCHE INSTRUMENTE | OGGETTI IN RAME | OGGETTI IN ORO | OGGETTI VARI | VETRI | TABACCHIERE
http://w3id.org/zac/B1210_lot_2,8,BAULI | ACQUEFORTI | LAMPADE | OGGETTI IN LEGNO | TORCE | PIATTI | SCATOLE | SCOMPARTI
http://w3id.org/zac/B15101_lot_1,8,ARREDAMENTI | BASSORILIEVI | CANDELABRI | GIOIELLI | LAMPADE | DIPINTI | VASI | PORCELLANE
http://w3id.org/zac/B2246_lot_2,8,BRONZI | DECORAZIONI DA PARETE | ARMI | OGGETTI IN LEGNO | OGGETTI VARI | PORCELLANE | SPECCHI | VASI
http://w3id.org/zac/B2246_lot_4,8,BIANCHERIA | BISCOTTI | BRONZI | ARMI | OGGETTI IN LEGNO | OGGETTI VARI | PORCELLANE | VASI
http://w3id.org/zac/4454_lot_2,7,BIANCHERIA | BASSORILIEVI | BRONZI | OGGETTI IN LEGNO | PIATTI | OGGETTI VARI | VETRI
http://w3id.org/zac/4868_lot_3,7,DIPINTI | MOBILI | LAMPADE | GIOIE; ORI; ARGENTI | OGGETTI IN ORO | OGGETTI VARI | VASI
http://w3id.org/zac/4868_lot_6,7,CORNICI | DIPINTI | ARREDAMENTI | GIOIE; ORI; ARGENTI | MOBILI | OGGETTI IN LEGNO | OGGETTI VARI
http://w3id.org/zac/50114_lot_13,7,BAULI | DIPINTI | OGGETTI IN LEGNO | ORFEVRERIES; BIJOUX; OBJETS DE VITRINE | SCOMPARTI | VELOURS; SOIES; BRODERIES | SCULTURE
http://w3id.org/zac/50791_lot_3,7,ARREDAMENTI | BASSORILIEVI | LUSTRI | OGGETTI VARI | PIATTI | OGGETTI IN LEGNO | VASI
http://w3id.org/zac/5444_lot_5,7,BASSORILIEVI | Mardi 17 Mai | OGGETTI IN LEGNO | PIATTI | STAMPE E INCISIONI | Vendredi 13 Mai | VASI
http://w3id.org/zac/5731_lot_3,7,ARMI | BRONZI | MOBILI | OGGETTI VARI | STAMPE E INCISIONI | VASI | VETRI
http://w3id.org/zac/81744_lot_4,7,COSTUMES; GANTS | EPEES; DAGUES; POIGNARDS; HACHES; LANCES | MAIOLICHE | LIBRI | OGGETTI VARI | STAMPE E INCISIONI | VASI
http://w3id.org/zac/81770_lot_11,7,Bronzi; marmi; terracotte | DIPINTI | CORNICI | MAIOLICHE | PIATTI | SCATOLE | PORCELLANE
http://w3id.org/zac/81770_lot_13,7,CORNICI | Bronzi; marmi; terracotte | DIPINTI | Argenterie; oreficerie | MAIOLICHE | MINIATURE | PORCELLANE
http://w3id.org/zac/81770_lot_8,7,DIPINTI | Bronzi; marmi; terracotte | Argenterie; oreficerie | CORNICI | MINIATURE | SCATOLE | PORCELLANE
http://w3id.org/zac/81771_lot_4,7,DIPINTI | BISCOTTI | MOBILI | MARMI | MAIOLICHE | OGGETTI VARI | SCOMPARTI
http://w3id.org/zac/81771_lot_5,7,BRONZI | DIPINTI | MAIOLICHE | MOBILI | OGGETTI VARI | VETRI | SCOMPARTI
http://w3id.org/zac/81772_lot_6,7,BASSORILIEVI | 3 aprile | 31 Marzo 1908 | 30 Marzo 1908 | 10 Aprile | OGGETTI VARI | POLTRONE
http://w3id.org/zac/81773_lot_9,7,BISCOTTI | MONETE | MINIATURE | INSETTI | OGGETTI VARI | OGGETTI IN LEGNO | VASI
http://w3id.org/zac/81775_lot_16,7,Bronzi; Marmi; Terrecotte; Avorii; Legni | CORNICI | DIPINTI | Medaglie; Placchette | Merletti; Stoffe | MINIATURE | VASI
http://w3id.org/zac/81775_lot_18,7,DIPINTI | CORNICI | Maioliche; Porcellane | MOBILI | Libri; Legature; Autograf | Maioliche; porcellane | MAIOLICHE; PORCELLANE | MINIATURE | VASI
http://w3id.org/zac/81795_lot_2,7,CORNICI | ARREDAMENTI | DIPINTI | Bronzi; Marmi; Terrecotte | MAIOLICHE; PORCELLANE | MOBILI | Maioliche; Porcellane | Maioliche; porcellane | STAMPE E INCISIONI
http://w3id.org/zac/81799_lot_5,7,LIBRI | MOBILI | MINIATURE | MARMI | OGGETTI IN LEGNO | OGGETTI VARI | REPERTI ARCHEOLOGICI
http://w3id.org/zac/81799_lot_6,7,MAIOLICHE | MINIATURE | LIBRI | OGGETTI IN LEGNO | OGGETTI VARI | TESSUTI | REPERTI ARCHEOLOGICI
http://w3id.org/zac/81799_lot_7,7,MAIOLICHE | LIBRI | OGGETTI VARI | OGGETTI IN LEGNO | REPERTI ARCHEOLOGICI | SCOMPARTI | TESSUTI
http://w3id.org/zac/81800_lot_5,7,BRONZI | MAIOLICHE | MINIATURE | LIBRI | MOBILI | OGGETTI IN LEGNO | REPERTI ARCHEOLOGICI
http://w3id.org/zac/81805_lot_2,7,ARGENTI | BRONZI | GIOIELLI | SCULTURE | VETRI | TERRECOTTE | VASI
http://w3id.org/zac/81805_lot_3,7,ARREDAMENTI | GIOIELLI | OGGETTI VARI | VASI | TERRECOTTE | SCULTURE | VETRI
http://w3id.org/zac/81808_lot_3,7,DIPINTI | MOBILI | MARMI | OGGETTI IN LEGNO | OGGETTI VARI | TESSUTI | SEDIE
http://w3id.org/zac/81831_lot_10,7,CORNICI | DIPINTI | MARMI | MOBILI | OGGETTI D'ARTE | TESSUTI | VASI
http://w3id.org/zac/81831_lot_12,7,CORNICI | MOBILI | MARMI | MAIOLICHE | OGGETTI D'ARTE | TESSUTI | POLTRONE
http://w3id.org/zac/81831_lot_5,7,DIPINTI | MAIOLICHE | MARMI | MOBILI | OGGETTI D'ARTE | POLTRONE | TESSUTI
http://w3id.org/zac/81831_lot_6,7,CORNICI | DIPINTI | MARMI | OGGETTI IN LEGNO | OGGETTI VARI | OGGETTI D'ARTE | TESSUTI
http://w3id.org/zac/83709_lot_11,7,BIANCHERIA | MOBILI | LAQUES; EMAUX CLOISONNES | PIATTI | TENTURES; BRODERIES; GUIPURES | SEDIE | VASI
http://w3id.org/zac/83709_lot_5,7,ACQUEFORTI | LAQUES; EMAUX CLOISONNES | PIATTI | OGGETTI IN LEGNO | PERLES; DIAMANTS | OGGETTI VARI | VENTAGLI
http://w3id.org/zac/83709_lot_8,7,BASSORILIEVI | MOBILI | MINIATURE | OGGETTI IN LEGNO | SEDIE | VENTAGLI | TENTURES; BRODERIES; GUIPURES
http://w3id.org/zac/83709_lot_9,7,BIANCHERIA | LAQUES; EMAUX CLOISONNES | OGGETTI VARI | OGGETTI IN LEGNO | SCULTURE | TORCE | SEDIE
http://w3id.org/zac/83712_lot_3,7,BOITES; MINIATURES | CANDELABRI | LAMPADE | LUSTRI | GIOIELLI | OGGETTI D'ARTE | VASI
http://w3id.org/zac/83896_lot_13,7,BRONZES; PENDULES | Bronzes; Pendules | ARREDAMENTI | bronzes; pendules | MINIATURE | OGGETTI D'ARTE ORIENTALE | OGGETTI VARI | PORCELLANE | VASI
http://w3id.org/zac/83992_lot_1,7,BOTTIGLIE | OGGETTI D'ARTE ORIENTALE | GIOIELLI | MERLETTI | OGGETTI VARI | OGGETTI IN METALLO | PORCELLANE
http://w3id.org/zac/84149_lot_I,7,ARAZZI | DECORAZIONI DA PARETE | MOBILI | OGGETTI IN METALLO | VASI | SCULTURE | SEDIE
http://w3id.org/zac/84250_lot_I,7,BRONZI | GIOIELLI | MOBILI | MAIOLICHE | OGGETTI LITURGICI | VETRI | TERRECOTTE
http://w3id.org/zac/84259_lot_6,7,ARREDAMENTI | BISCOTTI | OGGETTI D'ARTE ORIENTALE | PANNELLI | PIATTI | VASI | PORCELLANE
http://w3id.org/zac/84279_lot_I,7,BRONZI | MAIOLICHE | OGGETTI VARI | OGGETTI IN PELTRO | TORCE | VETRI | STRUMENTI SCIENTIFICI
http://w3id.org/zac/84304_lot_3,7,ANTICHITA' | Antiquites Grecques; Antiquites Romaines | MAIOLICHE | Miniatures Persanes; Miniatures Indo-Persanes | PANNELLI | OGGETTI VARI | TAPPETI
http://w3id.org/zac/84304_lot_4,7,Antiquites Grecques; Antiquites Romaines | ANTICHITA' | ARREDAMENTI | MAIOLICHE | OGGETTI VARI | VASI | PIATTI
http://w3id.org/zac/84335_lot_1,7,CANDELABRI | BRONZI | MOBILI | MINIATURE | TORCE | SEDIE | SCULTURE
http://w3id.org/zac/87357_lot_4,7,Fayence; Majolika | FAYENCE; MAJOLIKA | OGGETTI IN LATTA | OGGETTI VARI | OGGETTI IN FERRO | Porzellan; Biscuit | Steingut; Thon | SCATOLE
http://w3id.org/zac/87361_lot_10,7,CERAMICHE | ARMI | DIPINTI | PORCELLANE | VASI | VETRI | Porzellan; Emailen
http://w3id.org/zac/87361_lot_2,7,DIPINTI | ARMI | CERAMICHE | FOTOGRAFIE | OGGETTI VARI | OGGETTI IN RAME | Porzellan; Emailen
http://w3id.org/zac/87361_lot_3,7,DIPINTI | ARMI | Mobel; Uhren; Spiegel; Luster | LIBRI | OGGETTI IN LEGNO | Porzellan; Emailen | SMALTI
http://w3id.org/zac/87362_lot_3,7,CORNICI | MAIOLICHE | OGGETTI D'ARTE ORIENTALE | LUSTRI | VASI | TESSUTI | PORCELLANE
http://w3id.org/zac/87363_lot_20,7,BRONZI | Bilder; Miniaturen | Kriegs- und Jagd-Waffen; Jagdgerathschaften | Fayence; glasirte Thonwaaren | OGGETTI IN LATTA | OGGETTI IN FERRO | TESSUTI
http://w3id.org/zac/87363_lot_24,7,Bilder; Miniaturen | Fayence; glasirte Thonwaaren | MOBILI | Kostumstucke; Kostume; Stickereien | OGGETTI IN LATTA | OGGETTI IN FERRO | TESSUTI
http://w3id.org/zac/87363_lot_25,7,Bilder; Miniaturen | Kriegs- und Jagd-Waffen; Jagdgerathschaften | Kostumstucke; Kostume; Stickereien | Fayence; glasirte Thonwaaren | OGGETTI IN LATTA | OGGETTI IN FERRO | VASI
http://w3id.org/zac/87363_lot_28,7,Kostumstucke; Kostume; Stickereien | Fayence; glasirte Thonwaaren | Kriegs- und Jagd-Waffen; Jagdgerathschaften | OGGETTI IN LEGNO | OGGETTI IN FERRO | OGGETTI IN ORO | OGGETTI IN LATTA
http://w3id.org/zac/87363_lot_31,7,ARMI | Fayence; glasirte Thonwaaren | Kriegs- und Jagd-Waffen; Jagdgerathschaften | OGGETTI IN LEGNO | OGGETTI IN LATTA | OGGETTI IN FERRO | TESSUTI
http://w3id.org/zac/87374_lot_2,7,Arbeiten in Leder; Textil-Arbeiten | LETTERE | LIBRI | Krige; Majoliken; glasirte Topfereien; Arbeiten in Thon | MUNZEN; MEDAILLEN | Munzen; Medaillen | OGGETTI VARI | OGGETTI IN LEGNO
http://w3id.org/zac/87389_lot_11,7,AVORI | LAMPADE | Glas; Email-Nippsachen; Bronze; Uhren; Schmuck; Miniaturen | Orden; silberne Pokale; Prachtdegen; Reitpeitschen | OGGETTI VARI | PIATTI | Porzellan-Figuren; Gefasse; Tassen; Teller
http://w3id.org/zac/87389_lot_12,7,AVORI | MINIATURE | Glas; Email-Nippsachen; Bronze; Uhren; Schmuck; Miniaturen | Orden; silberne Pokale; Prachtdegen; Reitpeitschen | OGGETTI VARI | Porzellan-Figuren; Gefasse; Tassen; Teller | SCATOLE
http://w3id.org/zac/87389_lot_13,7,BRONZI | Glas; Email-Nippsachen; Bronze; Uhren; Schmuck; Miniaturen | GIOIELLI | OGGETTI VARI | OGGETTI IN ORO | Orden; silberne Pokale; Prachtdegen; Reitpeitschen | Porzellan-Figuren; Gefasse; Tassen; Teller
http://w3id.org/zac/87389_lot_15,7,AVORI | MINIATURE | Glas; Email-Nippsachen; Bronze; Uhren; Schmuck; Miniaturen | OGGETTI IN ORO | VASI | SCATOLE | Porzellan-Figuren; Gefasse; Tassen; Teller
http://w3id.org/zac/87389_lot_16,7,BRONZI | Glas; Email-Nippsachen; Bronze; Uhren; Schmuck; Miniaturen | OGGETTI VARI | Orden; silberne Pokale; Prachtdegen; Reitpeitschen | VETRI | VASI | Porzellan-Figuren; Gefasse; Tassen; Teller
http://w3id.org/zac/87389_lot_18,7,BRONZI | Glas; Email-Nippsachen; Bronze; Uhren; Schmuck; Miniaturen | Orden; silberne Pokale; Prachtdegen; Reitpeitschen | OGGETTI IN ORO | Porzellan-Figuren; Gefasse; Tassen; Teller | SCATOLE | VASI
http://w3id.org/zac/87389_lot_21,7,BRONZI | GIOIELLI | Glas; Email-Nippsachen; Bronze; Uhren; Schmuck; Miniaturen | OGGETTI VARI | OGGETTI IN ORO | Orden; silberne Pokale; Prachtdegen; Reitpeitschen | Porzellan-Figuren; Gefasse; Tassen; Teller
http://w3id.org/zac/87389_lot_5,7,BRONZI | Glas; Email-Nippsachen; Bronze; Uhren; Schmuck; Miniaturen | MARMI | MINIATURE | OGGETTI VARI | VETRI | Porzellan-Figuren; Gefasse; Tassen; Teller
http://w3id.org/zac/87389_lot_7,7,AVORI | Glas; Email-Nippsachen; Bronze; Uhren; Schmuck; Miniaturen | GIOIELLI | Orden; silberne Pokale; Prachtdegen; Reitpeitschen | VASI | SCATOLE | Porzellan-Figuren; Gefasse; Tassen; Teller
http://w3id.org/zac/87420_lot_12,7,CERAMICHE | Holzschnitzereien; Elfenbeinarbeiten | Mobel; Spiegel | LIBRI | OGGETTI IN LEGNO | VETRI | Stoffe; Teppiche; Vorhinge
http://w3id.org/zac/87420_lot_16,7,CERAMICHE | Holzschnitzereien; Elfenbeinarbeiten | LIBRI | OGGETTI IN LATTA | VETRI | Stoffe; Teppiche; Vorhinge | PORCELLANE
http://w3id.org/zac/87420_lot_2,7,ARMI | CERAMICHE | LIBRI | OGGETTI IN LATTA | SCATOLE | VETRI | PORCELLANE
http://w3id.org/zac/87420_lot_3,7,ARMI | LIBRI | OGGETTI IN LATTA | OGGETTI VARI | PIATTI | SCATOLE | VETRI
http://w3id.org/zac/87421_lot_6,7,CORNICI | MAIOLICHE | MOBILI | SMALTI | VETRI | PORCELLANE | TESSUTI
http://w3id.org/zac/87424_lot_12,7,CAMEI | Holz; Meubles | Gemalde; Stiche | MONETE | OGGETTI IN ORO | STAMPE E INCISIONI | SCATOLE
http://w3id.org/zac/87424_lot_24,7,ARGENTI | ANTICHITA' | Bronce; Kupfer; Messing | MONETE | OGGETTI IN PIETRA | PORCELLANE | Porzellan; Fayence; Steingut; Glaser
http://w3id.org/zac/87424_lot_8,7,Bronce; Kupfer; Messing | BRONZI | Glasgemalde; Miniaturen | Holz; Meubles | Gemalde; Stiche | OGGETTI IN ORO | Porzellan; Fayence; Steingut; Glaser
http://w3id.org/zac/87425_lot_I,7,DIPINTI | BIGIOTTERIA | ARREDAMENTI | ARMI | MEDAGLIE | TESSUTI | STAMPE E INCISIONI
http://w3id.org/zac/87437_lot_5,7,BRONZI | ARMI | MUSIKINSTRUMENTE; UHREN | Munzen; Medaillen | MUNZEN; MEDAILLEN | EISEN; ZINN; METALLE | EMAILLEN; SILBER; MINIATUREN | WAFFEN; RUSTUNGEN
http://w3id.org/zac/87496_lot_30,7,"Arbeiten in Steingut, Thon; Majoliken; Fayencen | BRONZI | Arbeiten in Glas; Glasscheiben | OGGETTI IN LEGNO | OGGETTI VARI | OGGETTI IN FERRO | PIATTI"
http://w3id.org/zac/87742_lot_12,7,ARMI | Mobel; Holzgegenstande | Messing; Kupfersachen | OGGETTI IN LATTA | OROLOGI | OGGETTI VARI | Portieren; Geweihe
http://w3id.org/zac/87742_lot_15,7,ARGENTI | Messing; Kupfersachen | Glas; Krystall; Spiegel | Mobel; Holzgegenstande | OGGETTI VARI | SCATOLE | Porzellan; Fayencen; Marmor; Steingut
http://w3id.org/zac/87742_lot_22,7,ARGENTI | ARMI | Messing; Kupfersachen | Mobel; Holzgegenstande | Zinn; Bleigegenstande | Porzellan; Fayencen; Marmor; Steingut | SCATOLE
http://w3id.org/zac/87742_lot_26,7,ARMI | ARGENTI | Glas; Krystall; Spiegel | Messing; Kupfersachen | Mobel; Holzgegenstande | OGGETTI IN LATTA | VETRI
http://w3id.org/zac/87742_lot_3,7,ARGENTI | Aquarelle; Kupferstiche; Glasbilder; Oelgemald | ARMI | Glas; Krystall; Spiegel | Mobel; Holzgegenstande | OGGETTI IN LATTA | OGGETTI VARI
http://w3id.org/zac/87742_lot_30,7,ARMI | Mobel; Holzgegenstande | Messing; Kupfersachen | Glas; Krystall; Spiegel | OGGETTI VARI | VETRI | Porzellan; Fayencen; Marmor; Steingut
http://w3id.org/zac/87742_lot_38,7,ARMI | ARGENTI | Glas; Krystall; Spiegel | Messing; Kupfersachen | OGGETTI IN LEGNO | OGGETTI VARI | Porzellan; Fayencen; Marmor; Steingut
http://w3id.org/zac/87742_lot_42,7,ARGENTI | Messing; Kupfersachen | Mobel; Holzgegenstande | Glas; Krystall; Spiegel | OGGETTI VARI | Porzellan; Fayencen; Marmor; Steingut | VETRI
http://w3id.org/zac/87742_lot_9,7,ARGENTI | Glas; Krystall; Spiegel | Mobel; Holzgegenstande | Messing; Kupfersachen | OROLOGI | OGGETTI VARI | Portieren; Geweihe
http://w3id.org/zac/87763_lot_11,7,Altertumer; Kunstgegenstande | LAMPADE | OGGETTI VARI | OGGETTI IN LATTA | Services a the; Services a cafe; Thee-Service; Kaffee-Service | PIATTI | PLACCHETTE
http://w3id.org/zac/87763_lot_19,7,Altertumer; Kunstgegenstande | MINIATURE | OGGETTI IN FERRO | PLACCHETTE | PIATTI | VASI | STAMPE E INCISIONI
http://w3id.org/zac/87772_lot_2,7,ANTICHITA' | ARGENTI | ARMI | LIBRI | OGGETTI IN LATTA | TESSUTI | Porzellan; Fayence; Steingut
http://w3id.org/zac/87772_lot_3,7,ARMI | MOBILI | LIBRI | OGGETTI IN ORO | OGGETTI IN LATTA | TESSUTI | Porzellan; Fayence; Steingut
http://w3id.org/zac/87772_lot_6,7,DIPINTI | ARMI | LAMPADE | LIBRI | OGGETTI VARI | OGGETTI IN LATTA | Porzellan; Fayence; Steingut
http://w3id.org/zac/87773_lot_18,7,ARREDAMENTI | Mobel; Figuren | OGGETTI VARI | VASI | Silber; Bronze | VETRI | Waffen; Gobelin; Facher
http://w3id.org/zac/87773_lot_7,7,DIPINTI | OGGETTI VARI | VETRI | PORCELLANE | Waffen; Gobelin; Facher | Porzellane; Fayencen; Steinzeug | PIATTI
http://w3id.org/zac/87773_lot_8,7,DIPINTI | Mobel; Figuren | OGGETTI VARI | OGGETTI IN LEGNO | Waffen; Gobelin; Facher | VETRI | Porzellane; Fayencen; Steinzeug
http://w3id.org/zac/87830_lot_19,7,DIPINTI | AVORI | Metall; Waffen | MAIOLICHE | Miniaturen; Munzen; Elfenbein | OGGETTI VARI | PORZELLAN; FAYENCE | Porzellan; Fayence
http://w3id.org/zac/87850_lot_3,7,"Dienstag, den 13. Oktober 1908 | Mittwoch,den 14.Oktober 1908 | Donnerstag,den 15.Oktober 1908 | OGGETTI IN LEGNO | OGGETTI IN PELLE | OGGETTI IN ORO | SCATOLE"
http://w3id.org/zac/88026_lot_12,7,Aquarelle; Zeichnungen | BRONZI | DISEGNI | OGGETTI IN RAME | OGGETTI IN ORO | OGGETTI IN LATTA | PORCELLANE
http://w3id.org/zac/88026_lot_14,7,ARMI | Ansichten | Aquarelle; Zeichnungen | OGGETTI IN LATTA | PIATTI | PORCELLANE | STAMPE E INCISIONI
http://w3id.org/zac/88026_lot_2,7,ARMI | Aquarelle; Zeichnungen | CORNICI | ARGENTI | Ansichten | OGGETTI IN LATTA | PORCELLANE
http://w3id.org/zac/88026_lot_3,7,Ansichten | BRONZI | ARMI | Aquarelle; Zeichnungen | Bein; Perlmutter; Holzschnitzereien | OGGETTI IN LATTA | PORCELLANE
http://w3id.org/zac/88026_lot_6,7,BRONZI | Aquarelle; Zeichnungen | ARMI | MONETE | OGGETTI IN LATTA | OGGETTI IN ORO | PORCELLANE
http://w3id.org/zac/88058_lot_22,7,DOSEN; TASCHENUHREN; FACHER | MOBEL; SPIEGEL; STANDUHREN | MINIATUREN; OLBILDER; STICHE | FAYENCE; MAJOLIKA; STEINGUT; GLAS | MINIATUREN; BILDER; STICHE | OGGETTI IN LEGNO | SILBER; EMAIL; DOSEN; TASCHENUHREN; FACHER
http://w3id.org/zac/88058_lot_24,7,FAYENCE; MAJOLIKA; STEINGUT; GLAS | MOBEL; SPIEGEL; STANDUHREN | LAMPADE | MINIATURE | MINIATUREN; BILDER; STICHE | DOSEN; TASCHENUHREN; FACHER | MINIATUREN; OLBILDER; STICHE
http://w3id.org/zac/88067_lot_14,7,BRONZI | Fayence; Majoliken | OGGETTI IN FERRO | OGGETTI VARI | PORCELLANE | Steinzeug; Hafnerware | VETRI
http://w3id.org/zac/88067_lot_22,7,CERAMICHE | BRONZI | Gemalde; Kupferstiche | Fayence; Majoliken | OGGETTI IN LATTA | VETRI | PORCELLANE
http://w3id.org/zac/88067_lot_23,7,BRONZI | LAMPADE | Fayence; Majoliken | Mobel; Einrichtungsgenstande | Gemalde; Kupferstiche | VETRI | PORCELLANE
http://w3id.org/zac/88067_lot_24,7,BRONZI | CERAMICHE | Gemalde; Kupferstiche | Mobel; Einrichtungsgenstande | OGGETTI IN LATTA | PORCELLANE | VETRI
http://w3id.org/zac/88092_lot_16,7,ARMI | BRONZI | Bronze; Messing | MAIOLICHE | OGGETTI IN RAME | PIATTI | SCULTURE
http://w3id.org/zac/88092_lot_9,7,BAULI | ARMI | MAIOLICHE | OGGETTI IN ORO | OGGETTI VARI | PORCELLANE | VASI
http://w3id.org/zac/88098_lot_6,7,DIPINTI | AVORI | ARGENTI | Mobel; Holzsculpturen | OGGETTI IN LEGNO | Porzellan; Fayanxe; Majolica | Zinn; Kupfer; Eisen; Bronze
http://w3id.org/zac/88102_lot_15,7,BRONZEN; PLAKETTEN; MEDAILLEN; MUNZEN | FAYENCE; MAJOLIKA; STEINZEUG | GLAS; PORZELLAN; ELFENBEIN; GOLD; SILBER; SCHMUCK | MOBEL; DEKORATIONSGEGENSTANDE; STOFFE | Fayence; Majolika; Steinzeug | OGGETTI VARI | TAPPETI | PIATTI
http://w3id.org/zac/88102_lot_17,7,BRONZEN; PLAKETTEN; MEDAILLEN; MUNZEN | Fayence; Majolika; Steinzeug | MOBEL; DEKORATIONSGEGENSTANDE; STOFFE | GLAS; PORZELLAN; ELFENBEIN; GOLD; SILBER; SCHMUCK | FAYENCE; MAJOLIKA; STEINZEUG | ORIENTALISCHE BRONZEN; WAFFEN | OGGETTI IN LEGNO | TAPPETI
http://w3id.org/zac/88102_lot_18,7,BRONZEN; PLAKETTEN; MEDAILLEN; MUNZEN | FAYENCE; MAJOLIKA; STEINZEUG | MOBEL; DEKORATIONSGEGENSTANDE; STOFFE | GLAS; PORZELLAN; ELFENBEIN; GOLD; SILBER; SCHMUCK | Fayence; Majolika; Steinzeug | OGGETTI IN ORO | ORIENTALISCHE BRONZEN; WAFFEN | TAPPETI
http://w3id.org/zac/88102_lot_4,7,BRONZEN; PLAKETTEN; MEDAILLEN; MUNZEN | FAYENCE; MAJOLIKA; STEINZEUG | Fayence; Majolika; Steinzeug | GLAS; PORZELLAN; ELFENBEIN; GOLD; SILBER; SCHMUCK | MOBEL; DEKORATIONSGEGENSTANDE; STOFFE | OGGETTI VARI | ORIENTALISCHE BRONZEN; WAFFEN | TAPPETI
http://w3id.org/zac/88102_lot_5,7,BRONZEN; PLAKETTEN; MEDAILLEN; MUNZEN | MOBEL; DEKORATIONSGEGENSTANDE; STOFFE | FAYENCE; MAJOLIKA; STEINZEUG | Fayence; Majolika; Steinzeug | GLAS; PORZELLAN; ELFENBEIN; GOLD; SILBER; SCHMUCK | OGGETTI VARI | ORIENTALISCHE BRONZEN; WAFFEN | TAPPETI
http://w3id.org/zac/88102_lot_7,7,BRONZEN; PLAKETTEN; MEDAILLEN; MUNZEN | MOBEL; DEKORATIONSGEGENSTANDE; STOFFE | GLAS; PORZELLAN; ELFENBEIN; GOLD; SILBER; SCHMUCK | FAYENCE; MAJOLIKA; STEINZEUG | Fayence; Majolika; Steinzeug | OGGETTI IN RAME | TAPPETI | SPECCHI
http://w3id.org/zac/88114_lot_4,7,ARREDAMENTI | Glas; Kristall | MOBILI | Fayencen; Steinzeug | OGGETTI IN RAME | OGGETTI IN LEGNO | VASI
http://w3id.org/zac/88141_lot_18,7,MOBILI | HOLZ; ELFENBEIN; DOSEN; MINIATUREN | EMAIL; SILBER; BRONZE; ZINN | MAIOLICHE | PORCELLANE | VETRI | STAMPE E INCISIONI
http://w3id.org/zac/88141_lot_2,7,DECORAZIONI DA PARETE | MOBILI | MAIOLICHE | EMAIL; SILBER; BRONZE; ZINN | OGGETTI VARI | PIATTI | PORCELLANE
http://w3id.org/zac/88143_lot_2,7,CORNICI | Bilder; Portrats | Medaillen; Munzen | MEDAGLIE | LIBRI | OGGETTI IN RAME | OROLOGI
http://w3id.org/zac/88143_lot_I,7,DIPINTI | CORNICI | ARMI | Medaillons; Plaketten; Busten; Statuetten | FOTOGRAFIE | MEDAGLIE | Tabaksdosen; Pfeifen
http://w3id.org/zac/88144_lot_1,7,AUTOGRAFI | LAMPADE | Medailles; monnaies | LIBRI | MEDAGLIE | OGGETTI IN PELTRO | Portraits; estampes; affiches
http://w3id.org/zac/88167_lot_19,7,OGGETTI VARI | OGGETTI IN METALLO | OGGETTI IN LATTA | OGGETTI IN RAME | STAMPE E INCISIONI | VETRI | PIATTI
http://w3id.org/zac/88167_lot_2,7,DIPINTI | OGGETTI VARI | STAMPE E INCISIONI | Stoffe; Stickereien | PIATTI | SCATOLE | Porzellane; Fayencen; Glas
http://w3id.org/zac/88177_lot_3,7,BAULI | CERAMICHE | DIPINTI | CORNICI | BIANCHERIA | MOBILI | Teppiche; Stoffe | TEPPICHE; STOFFE
http://w3id.org/zac/88197_lot_2,7,DIPINTI | BAULI | CORNICI | MOBILI | OGGETTI D'ARTE | STAMPE E INCISIONI | TESSUTI
http://w3id.org/zac/88197_lot_3,7,CORNICI | DIPINTI | ARREDAMENTI | MINIATURE | MOBILI | OGGETTI D'ARTE | VASI
http://w3id.org/zac/88198_lot_2,7,BAULI | Munzen; Medaillen | MUNZEN; MEDAILLEN | FOTOGRAFIE | KRISTALL; GLAS | OGGETTI IN LATTA | OGGETTI VARI | Tassen; Teller; Kannen; Figuren
http://w3id.org/zac/88198_lot_3,7,CORNICI | Munzen; Medaillen | MINIATUREN; SILHOUETTEN; STICHE | MUNZEN; MEDAILLEN | OGGETTI VARI | Porzellan; Bronze | PIATTI | Schranke; Sofas; Tische; Stuhle
http://w3id.org/zac/88198_lot_5,7,FOTOGRAFIE | Munzen; Medaillen | MINIATUREN; SILHOUETTEN; STICHE | GIOIELLI | MUNZEN; MEDAILLEN | OGGETTI IN LATTA | PIATTI | SCOMPARTI
http://w3id.org/zac/88198_lot_I,7,BRONZI | ANTICHITA' | ARAZZI | CANDELABRI | MEDAGLIE | OGGETTI VARI | Schranke; Sofas; Tische; Stuhle
http://w3id.org/zac/88225_lot_25,7,MOBILI | Kupferstiche; Radierungen | PORCELLANE | TERRECOTTE | PIATTI | VASI | STAMPE E INCISIONI
http://w3id.org/zac/88231_lot_10,7,MINIATUREN; DOSEN | Fayencen; Porzellane; Bronzen; Emaille | Miniaturen; Dosen | MOBILI | OGGETTI IN RAME | STEINZEUG; FAYENCE | Steinzeug; Fayence | Silber; Gold | PORCELLANE
http://w3id.org/zac/88231_lot_2,7,Aquarelle; Handzeichnungen | AQUARELLE; HANDZEICHNUNGEN | Fayencen; Porzellane; Bronzen; Emaille | OGGETTI IN ORO | OGGETTI IN RAME | STEINZEUG; FAYENCE | Steinzeug; Fayence | Silber; Gold | PORCELLANE
http://w3id.org/zac/88231_lot_40,7,Aquarelle; Handzeichnungen | AQUARELLE; HANDZEICHNUNGEN | Fayencen; Porzellane; Bronzen; Emaille | Elfenbein; Alabaster; Meerschaum | MOBILI | OGGETTI IN RAME | Steinzeug; Fayence | STEINZEUG; FAYENCE | PORCELLANE
http://w3id.org/zac/88231_lot_5,7,ACQUERELLI | Aquarelle; Handzeichnungen | AQUARELLE; HANDZEICHNUNGEN | Miniaturen; Dosen | MINIATUREN; DOSEN | Fayencen; Porzellane; Bronzen; Emaille | Steinzeug; Fayence | STEINZEUG; FAYENCE | Silber; Gold | PORCELLANE
http://w3id.org/zac/88233_lot_15,7,CORNICI | MAIOLICHE | Eisen; Zinn; Messing; Kupfer; Bronze | Dosen; Silhouetten | OGGETTI IN LEGNO | STAMPE E INCISIONI | Silber; Gold
http://w3id.org/zac/88233_lot_3,7,CORNICI | Eisen; Zinn; Messing; Kupfer; Bronze | Dosen; Silhouetten | DISEGNI | MAIOLICHE | STAMPE E INCISIONI | PORCELLANE
http://w3id.org/zac/88233_lot_30,7,CORNICI | OGGETTI D'ARTE ORIENTALE | MAIOLICHE | Dosen; Silhouetten | OGGETTI IN RAME | OGGETTI IN LEGNO | PORCELLANE
http://w3id.org/zac/88233_lot_5,7,CORNICI | MAIOLICHE | DISEGNI | Eisen; Zinn; Messing; Kupfer; Bronze | Dosen; Silhouetten | PORCELLANE | STAMPE E INCISIONI
http://w3id.org/zac/88233_lot_6,7,CORNICI | ACQUERELLI | DISEGNI | Eisen; Zinn; Messing; Kupfer; Bronze | OGGETTI IN LEGNO | PORCELLANE | STAMPE E INCISIONI
http://w3id.org/zac/88233_lot_60,7,ARGENTI | ACQUERELLI | OGGETTI D'ARTE ORIENTALE | Eisen; Zinn; Messing; Kupfer; Bronze | Dosen; Silhouetten | OGGETTI IN LEGNO | PORCELLANE
http://w3id.org/zac/88237_lot_25,7,CORNICI | ACQUERELLI | ARGENTI | Einrichtungsgegenstande; Mobel | OGGETTI D'ARTE ORIENTALE | Marmor; Ton | TERRECOTTE
http://w3id.org/zac/88237_lot_5,7,Aquarelle; Handzeichnungen; Stahlstiche | Kupferstiche; Radierungen; Lithographien | Miniaturen; Silhouetten | OGGETTI D'ARTE ORIENTALE | TEXTILIEN; TEPPICHE | VETRI | TERRECOTTE | Textilien; Teppiche
http://w3id.org/zac/88256_lot_18,7,Aquarelle; Handzeichnungen; Pastelle | ACQUEFORTI | Glas; Kristall | Einrichtungsgegenstande; Mobel | Miniaturen; Silhouetten | MAIOLICHE | Schmucksachen; Uhren
http://w3id.org/zac/88320_lot_11,7,MINIATURE | MAIOLICHE | OGGETTI IN RAME | OGGETTI IN METALLO | TESSUTI | PORCELLANE | VETRI
http://w3id.org/zac/88320_lot_12,7,MINIATURE | MOBILI | MAIOLICHE | OGGETTI IN METALLO | VETRI | TESSUTI | PORCELLANE
http://w3id.org/zac/88320_lot_16,7,MAIOLICHE | MOBILI | OGGETTI IN PIETRA | OGGETTI IN METALLO | OGGETTI VARI | VETRI | PORCELLANE
http://w3id.org/zac/88320_lot_17,7,MAIOLICHE | MOBILI | OGGETTI IN METALLO | OGGETTI IN ORO | VETRI | PORCELLANE | TESSUTI
http://w3id.org/zac/88320_lot_28,7,CORNICI | MOBILI | MAIOLICHE | OGGETTI IN METALLO | SCATOLE | VETRI | TESSUTI
http://w3id.org/zac/88320_lot_33,7,MOBILI | MINIATURE | MAIOLICHE | OGGETTI IN METALLO | TESSUTI | PORCELLANE | VETRI
http://w3id.org/zac/88320_lot_4,7,MAIOLICHE | MOBILI | OGGETTI VARI | PORCELLANE | SCATOLE | STAMPE E INCISIONI | TESSUTI
http://w3id.org/zac/88320_lot_5,7,MOBILI | MAIOLICHE | OGGETTI VARI | OGGETTI IN METALLO | VETRI | PORCELLANE | TESSUTI
http://w3id.org/zac/88320_lot_6,7,BANDIERE | CANDELABRI | MAIOLICHE | OGGETTI IN METALLO | VETRI | SCATOLE | PORCELLANE
http://w3id.org/zac/88321_lot_9,7,ARTI GRAFICHE | FAYENCE; MAJOLIKA | Fayence; Majolika | OGGETTI IN RAME | SCULTURE | PLAKETTEN; MUNZEN; MINIATUREN; BUCHER | TESSUTI | STAMPE E INCISIONI
http://w3id.org/zac/88322_lot_18,7,ARREDAMENTI | DIPINTI | Miniaturen; Silhouetten | Kupferstiche; Radierungen; Holzschnitte; Schabkunstblatter | MINIATURE | OGGETTI IN RAME | OGGETTI IN LEGNO
http://w3id.org/zac/88322_lot_4,7,DIPINTI | ACQUEFORTI | Kupferstiche; Radierungen; Holzschnitte; Schabkunstblatter | OGGETTI IN RAME | OGGETTI IN LATTA | Zinn; Messing | STAMPE E INCISIONI
http://w3id.org/zac/88327_lot_10,7,ACQUEFORTI | Holzschnitte; Kupferstiche; Radierungen | OGGETTI IN RAME | PORCELLANE | Steinzeug; Fayencen | Zinn; Messing; Kupfer; Bronzen | STEINZEUG; FAYENCEN | VETRI
http://w3id.org/zac/88327_lot_25,7,MAIOLICHE | Handzeichnungen; Aquarelle | Holzschnitte; Kupferstiche; Radierungen | OGGETTI IN RAME | Steinzeug; Fayencen | PORCELLANE | Zinn; Messing; Kupfer; Bronzen | STEINZEUG; FAYENCEN
http://w3id.org/zac/88327_lot_6,7,ACQUEFORTI | ARGENTI | Holzschnitte; Kupferstiche; Radierungen | Handzeichnungen; Aquarelle | OGGETTI IN ORO | PORCELLANE | Zinn; Messing; Kupfer; Bronzen
http://w3id.org/zac/88342_lot_2,7,BIANCHERIA | Gemalde; Miniaturen; Farbstiche | OROLOGI | PORCELLANE | PIATTI | VETRI | VASI
http://w3id.org/zac/88342_lot_3,7,Gemalde; Miniaturen; Farbstiche | OGGETTI IN METALLO | TESSUTI | Spiegel; Leuchter; Konsolen; Wanddekorationen | VETRI | Stuhle; Banke | Truhen; Schranke
http://w3id.org/zac/88342_lot_4,7,Banke | BRONZI | ABITI | Gemalde; Miniaturen; Farbstiche | OROLOGI | PORCELLANE | VETRI
http://w3id.org/zac/88367_lot_8,7,MOBILI | Fayence; Steinzeug; Majolika | OGGETTI IN LATTA | SCATOLE | STAMPE E INCISIONI | Teppiche; Gobelins; Stoffe | PORCELLANE
http://w3id.org/zac/88374_lot_6,7,CORNICI | DIPINTI | MOBILI | OGGETTI IN LEGNO | OGGETTI IN METALLO | STAMPE E INCISIONI | TESSUTI
http://w3id.org/zac/88400_lot_12,7,ARMI | GLASER; MINIATUREN | Fayencen; Steingut | FAYENCEN; STEINGUT | FAYENCE; PORZELLAN | Fayence; Porzellan | SCATOLE | PORCELLANE | TESSUTI
http://w3id.org/zac/88400_lot_13,7,ARMI | GLASER; MINIATUREN | Fayencen; Steingut | FAYENCEN; STEINGUT | OGGETTI IN LEGNO | PIATTI | PORZELLAN; Waffen | TESSUTI
http://w3id.org/zac/88400_lot_14,7,Fayencen; Steingut | FAYENCEN; STEINGUT | FAYENCE; PORZELLAN | Fayence; Porzellan | OGGETTI IN ORO | TESSUTI | PORCELLANE | PORZELLAN; Waffen | PIATTI
http://w3id.org/zac/88400_lot_15,7,Fayence; Porzellan | FAYENCE; PORZELLAN | FAYENCEN; STEINGUT | Fayencen; Steingut | OGGETTI IN ORO | OGGETTI VARI | SCATOLE | PORZELLAN; Waffen | TESSUTI
http://w3id.org/zac/88400_lot_20,7,FAYENCEN; STEINGUT | MINIATURE | GLASER; MINIATUREN | Fayencen; Steingut | FAYENCE; PORZELLAN | Fayence; Porzellan | PORZELLAN; Waffen | PORCELLANE | SCATOLE
http://w3id.org/zac/88400_lot_22,7,FAYENCEN; STEINGUT | Fayencen; Steingut | FAYENCE; PORZELLAN | Fayence; Porzellan | GLASER; MINIATUREN | PORZELLAN; Waffen | PORCELLANE | PIATTI | TESSUTI
http://w3id.org/zac/88400_lot_25,7,FAYENCEN; STEINGUT | Fayence; Porzellan | LAMPADE | FAYENCE; PORZELLAN | Fayencen; Steingut | GLASER; MINIATUREN | OGGETTI IN LEGNO | PORCELLANE | TESSUTI
http://w3id.org/zac/88400_lot_3,7,FAYENCE; PORZELLAN | Fayencen; Steingut | FAYENCEN; STEINGUT | Fayence; Porzellan | OGGETTI IN ORO | OGGETTI IN RAME | PORCELLANE | TESSUTI | PORZELLAN; Waffen
http://w3id.org/zac/88400_lot_34,7,ARMI | FAYENCEN; STEINGUT | Fayencen; Steingut | OGGETTI IN LEGNO | PORCELLANE | SPECCHI | PORZELLAN; Waffen | TESSUTI
http://w3id.org/zac/88400_lot_7,7,ARMI | FAYENCEN; STEINGUT | Fayencen; Steingut | OGGETTI IN RAME | TESSUTI | PORCELLANE | SCATOLE | PORZELLAN; Waffen
http://w3id.org/zac/88400_lot_8,7,FAYENCEN; STEINGUT | Fayencen; Steingut | Fayence; Porzellan | FAYENCE; PORZELLAN | PORCELLANE | STAMPE E INCISIONI | TESSUTI | SCATOLE | PORZELLAN; Waffen
http://w3id.org/zac/88412_lot_4,7,CORNICI | MAIOLICHE | MOBEL; SKULPTUREN | KLEINKUNST; MINIATUREN; TEXTILIEN | OGGETTI VARI | OGGETTI IN PIOMBO | PORCELLANE
http://w3id.org/zac/88422_lot_10,7,ARGENTI | MAIOLICHE | OGGETTI D'ARTE | OGGETTI IN ORO | OGGETTI IN LEGNO | VETRI | PORCELLANE
http://w3id.org/zac/88422_lot_14,7,CORNICI | ARGENTI | MAIOLICHE | OGGETTI D'ARTE | OGGETTI IN LEGNO | PORCELLANE | VASI
http://w3id.org/zac/88422_lot_2,7,CORNICI | MAIOLICHE | OGGETTI IN LEGNO | OGGETTI D'ARTE | VETRI | VASI | STAMPE E INCISIONI
http://w3id.org/zac/88422_lot_8,7,ARGENTI | MAIOLICHE | OGGETTI IN ORO | OGGETTI IN LEGNO | OGGETTI IN PELLE | OGGETTI D'ARTE | VETRI
http://w3id.org/zac/88424_lot_5,7,CORNICI | MINIATURE | MOBILI | GEMALDE; ZEICHNUNGEN; AQUARELLE; MINIATUREN | OGGETTI IN LEGNO | OGGETTI VARI | Textilien; Teppiche | TEXTILIEN; TEPPICHE
http://w3id.org/zac/88444_lot_22,7,MOBILI | MAIOLICHE | OGGETTI IN METALLO | OGGETTI D'ARTE | PORCELLANE | TESSUTI | VETRI
http://w3id.org/zac/88444_lot_31,7,MAIOLICHE | MOBILI | MINIATURE | OGGETTI D'ARTE | TAPPETI | PORCELLANE | TESSUTI
http://w3id.org/zac/88444_lot_5,7,28. Oktober 1920 | MOBILI | OGGETTI D'ARTE ORIENTALE | OGGETTI D'ARTE | OGGETTI VARI | TESSUTI | PORCELLANE
http://w3id.org/zac/88462_lot_19,7,CERAMICHE | ARGENTI | KUPFERSTICHE; FARBDRUCKE | OGGETTI D'ARTE ORIENTALE | OGGETTI IN ORO | TESSUTI | VETRI
http://w3id.org/zac/88462_lot_20,7,CERAMICHE | ARREDAMENTI | KUPFERSTICHE; FARBDRUCKE | OGGETTI IN ORO | SPECCHI | TESSUTI | PIATTI
http://w3id.org/zac/88462_lot_24,7,CERAMICHE | ARGENTI | OGGETTI D'ARTE ORIENTALE | KUPFERSTICHE; FARBDRUCKE | OGGETTI IN ORO | TESSUTI | STAMPE E INCISIONI
http://w3id.org/zac/88462_lot_5,7,CERAMICHE | ARGENTI | Kupfer; Zinn | KUPFER; ZINN | OGGETTI D'ARTE ORIENTALE | OGGETTI IN ORO | VETRI | SPECCHI
http://w3id.org/zac/88554_lot_1,7,COPPE | BAULI | MOBILI | OGGETTI D'ARTE | SPECCHI | PORCELLANE | VASI
http://w3id.org/zac/88565_lot_10,7,BRONZI | ARGENTI | MOBILI | Elfenbein; Miniaturen; Kleinkunst | OGGETTI D'ARTE ORIENTALE | OGGETTI IN ORO | PIATTI
http://w3id.org/zac/88565_lot_13,7,MOBILI | MINIATURE | OGGETTI D'ARTE ORIENTALE | Elfenbein; Miniaturen; Kleinkunst | OGGETTI VARI | OGGETTI IN LEGNO | POLTRONE
http://w3id.org/zac/88565_lot_20,7,CORNICI | OGGETTI D'ARTE ORIENTALE | Elfenbein; Miniaturen; Kleinkunst | MOBILI | OGGETTI IN METALLO | VASI | SMALTI
http://w3id.org/zac/88565_lot_21,7,MINIATURE | MOBILI | Elfenbein; Miniaturen; Kleinkunst | OGGETTI IN LATTA | OGGETTI IN ORO | OGGETTI VARI | STAMPE E INCISIONI
http://w3id.org/zac/88565_lot_4,7,BRONZI | LAMPADE | OGGETTI D'ARTE ORIENTALE | MOBILI | Elfenbein; Miniaturen; Kleinkunst | OGGETTI IN LEGNO | OGGETTI VARI
http://w3id.org/zac/88605_lot_10,7,BIANCHERIA | ARAZZI | ARREDAMENTI | MINIATURE | MOBILI | Holzplastik; Kultgegenstande | OGGETTI VARI
http://w3id.org/zac/88618_lot_2,7,BRONZI | CERAMICHE | BANDIERE | BRONZE; KUPFER; MESSING; ZINN; TEXTILIEN; FAYENCE-SCHUSSELN | CORNICI | OGGETTI IN LATTA | OGGETTI VARI
http://w3id.org/zac/88646_lot_12,7,BISCOTTI | ARGENTI | MOBEL; HOLZSCHNITZEREIEN; PORZELLAN; FAYENCEN | MAIOLICHE | OGGETTI VARI | PERSERTEPPICHE; KELIMS | PORZELLAN; BRONZEN; GLAS
http://w3id.org/zac/88646_lot_3,7,ARAZZI | MOBEL; HOLZSCHNITZEREIEN; PORZELLAN; FAYENCEN | OGGETTI IN ORO | PERSERTEPPICHE; KELIMS | PORZELLAN; BRONZEN; GLAS | STAMPE E INCISIONI | PORCELLANE
http://w3id.org/zac/88646_lot_5,7,ARGENTI | FOTOGRAFIE | MOBEL; HOLZSCHNITZEREIEN; PORZELLAN; FAYENCEN | PERSERTEPPICHE; KELIMS | PORZELLAN; BRONZEN; GLAS | PORCELLANE | VASI
http://w3id.org/zac/88646_lot_8,7,ARGENTI | ARREDAMENTI | MOBEL; HOLZSCHNITZEREIEN; PORZELLAN; FAYENCEN | PERSERTEPPICHE; KELIMS | PORZELLAN; BRONZEN; GLAS | PORCELLANE | TAPPETI
http://w3id.org/zac/88652_lot_6,7,ARREDAMENTI | OGGETTI IN LATTA | OGGETTI IN LEGNO | PORCELLANE | VETRI | VASI | STAMPE E INCISIONI
http://w3id.org/zac/88668_lot_7,7,ARGENTI | LAMPADE | Holz- und Elfenbein-Skulpturen; Bronzekronen; Kandelaber | Palissy-Arbeiten; Majoliken | OGGETTI VARI | SPECCHI | PORCELLANE
http://w3id.org/zac/88679_lot_16,7,ANTICHITA' | Gobelins; Perserteppiche | OGGETTI IN ORO | OGGETTI VARI | OGGETTI IN METALLO | TERRECOTTE | SCOMPARTI
http://w3id.org/zac/88679_lot_2,7,ANTICHITA' | Antiquitaten; Gemalde; Graphik | COPPE | Gobelins; Perserteppiche | SCOMPARTI | TERRECOTTE | PIATTI
http://w3id.org/zac/88692_lot_5,7,ARREDAMENTI | MOBILI | LAMPADE | OGGETTI VARI | OGGETTI IN METALLO | OGGETTI IN ORO | VASI
http://w3id.org/zac/88743_lot_11,7,ARMI | MOBILI | LAMPADE | OGGETTI IN LATTA | OGGETTI VARI | PIATTI | TESSUTI
http://w3id.org/zac/88745_lot_12,7,METALL; STEIN; GLAS | MOBILI | ORIGINALRADIERUNGEN; REPRODUKTIONEN; PRACHTWERKE; BUCHER | OGGETTI VARI | PORZELLAN; KERAMIK; ELFENBEINFIGUREN; ZWISCHENGOLDGLASER; BRONZEN | WIRTSCHAFTSGEGENSTANDE; GESCHIRR | TEPPICHE; DECKEN
http://w3id.org/zac/88745_lot_8,7,CORNICI | ARGENTI | ORIGINALRADIERUNGEN; REPRODUKTIONEN; PRACHTWERKE; BUCHER | PORCELLANE | VORHANGE; DECKEN; BETTEN | TEPPICHE; DECKEN | VASEN; KRUGE; SCHALEN
http://w3id.org/zac/88764_lot_5,7,OGGETTI VARI | OGGETTI IN ORO | TAPPETI | Teppiche; Textilien | STAMPE E INCISIONI | VETRI | TERRECOTTE | TEPPICHE; TEXTILIEN
http://w3id.org/zac/88765_lot_15,7,CERAMICHE | ANTICHITA' | MOBEL; KERAMIK; SILBER; BRONZEN; UHREN; OSTASIATISCHES KUNSTGEWERBE | JADEARBEITEN; KERAMIK; BRONZEN; CHINESISCHERKNUPFTEPPICH | OGGETTI IN LATTA | SPECCHI | PIATTI
http://w3id.org/zac/88765_lot_16,7,ANTICHITA' | LAMPADE | MOBEL; KERAMIK; SILBER; BRONZEN; UHREN; OSTASIATISCHES KUNSTGEWERBE | OGGETTI VARI | OGGETTI IN ORO | SPECCHI | PIATTI
http://w3id.org/zac/88765_lot_18,7,BRONZI | CERAMICHE | ANTICHITA' | MOBEL; KERAMIK; SILBER; BRONZEN; UHREN; OSTASIATISCHES KUNSTGEWERBE | JADEARBEITEN; KERAMIK; BRONZEN; CHINESISCHERKNUPFTEPPICH | OGGETTI IN ORO | SCATOLE
http://w3id.org/zac/88765_lot_7,7,ANTICHITA' | BRONZI | CORNICI | FAYENCEN; PORZELLANE | GOBELINS; TEPPICHE; TEXTILIEN | Gobelins; Teppiche; Textilien | JADEARBEITEN; KERAMIK; BRONZEN; CHINESISCHERKNUPFTEPPICH | MOBEL; KERAMIK; SILBER; BRONZEN; UHREN; OSTASIATISCHES KUNSTGEWERBE
http://w3id.org/zac/88765_lot_8,7,CERAMICHE | ANTICHITA' | BRONZI | MOBEL; KERAMIK; SILBER; BRONZEN; UHREN; OSTASIATISCHES KUNSTGEWERBE | JADEARBEITEN; KERAMIK; BRONZEN; CHINESISCHERKNUPFTEPPICH | FAYENCEN; PORZELLANE | PIATTI
http://w3id.org/zac/88783_lot_30,7,GIOIELLI | MAIOLICHE | OGGETTI IN METALLO | OGGETTI IN PELLE | SCULTURE | VETRI | Porzellan; Bronzen
http://w3id.org/zac/B1210_lot_3,7,MINIATURE | LAMPADE | LUSTRI | OGGETTI IN LEGNO | OGGETTI VARI | SCATOLE | PIATTI
http://w3id.org/zac/B2246_lot_6,7,BRONZI | ARMI | DECORAZIONI DA PARETE | MARMI | LAMPADE | MINIATURE | PORCELLANE
http://w3id.org/zac/4972_lot_2,6,COPPE | MARMI | Maioliche; porcellane | Maioliche; Porcellane | MAIOLICHE; PORCELLANE | OGGETTI IN LEGNO | STOFFE; TAPPETI | Stucchi; Terrecotte | Stucchi; terrecotte | Stoffe; Tappeti | Stoffe; tappeti
http://w3id.org/zac/50114_lot_16,6,DIPINTI | BAULI | ORFEVRERIES; BIJOUX; OBJETS DE VITRINE | SCOMPARTI | SCULTURE | VELOURS; SOIES; BRODERIES
http://w3id.org/zac/50114_lot_4,6,ARAZZI | BAULI | DIPINTI | ORFEVRERIES; BIJOUX; OBJETS DE VITRINE | OGGETTI IN LEGNO | VELOURS; SOIES; BRODERIES
http://w3id.org/zac/50114_lot_7,6,BASSORILIEVI | DIPINTI | OGGETTI IN LEGNO | ORFEVRERIES; BIJOUX; OBJETS DE VITRINE | VELOURS; SOIES; BRODERIES | SCOMPARTI
http://w3id.org/zac/50114_lot_9,6,BAULI | DIPINTI | OGGETTI IN LEGNO | ORFEVRERIES; BIJOUX; OBJETS DE VITRINE | VELOURS; SOIES; BRODERIES | SCOMPARTI
http://w3id.org/zac/51205_lot_5,6,CERAMICHE | BIANCHERIA | MERLETTI | LUSTRI | OGGETTI IN METALLO | POTTERY; PORCELAINS
http://w3id.org/zac/5444_lot_4,6,Mardi 17 Mai | MOBILI | Mercredi 11 Mai | OGGETTI IN LEGNO | Tapisseries; étoffes | Vendredi 13 Mai
http://w3id.org/zac/5444_lot_6,6,CANDELABRI | Lundi 16 Mai | Mercredi 11 Mai | OGGETTI IN LEGNO | OGGETTI VARI | VASI
http://w3id.org/zac/5570_lot_3,6,MINIATURE | LAMPADE | OGGETTI VARI | STAMPE E INCISIONI | VASI | SCATOLE
http://w3id.org/zac/5731_lot_5,6,BRONZI | BASSORILIEVI | OGGETTI IN LEGNO | PORCELLANE | VETRI | STAMPE E INCISIONI
http://w3id.org/zac/81744_lot_5,6,EPEES; DAGUES; POIGNARDS; HACHES; LANCES | LIBRI | MAIOLICHE | OGGETTI IN LEGNO | VASI | STAMPE E INCISIONI
http://w3id.org/zac/81744_lot_8,6,LIBRI | EPEES; DAGUES; POIGNARDS; HACHES; LANCES | MEDAGLIE | OGGETTI VARI | OGGETTI IN LEGNO | STAMPE E INCISIONI
http://w3id.org/zac/81745_lot_2,6,BRONZI | MAIOLICHE | OGGETTI VARI | PORCELLANE | SCULTURE | Tapisserie et étoffes
http://w3id.org/zac/81748_lot_2,6,BASSORILIEVI | OGGETTI VARI | OGGETTI IN LEGNO | SEDIE | SCATOLE | VASI
http://w3id.org/zac/81751_lot_2,6,ARMI | ARREDAMENTI | MAIOLICHE | MINIATURE | GIOIELLI | OGGETTI IN METALLO
http://w3id.org/zac/81763_lot_2,6,BRONZI | DIPINTI | MOBILI | MARMI | PORCELLANE; MAIOLICHE | Porcellane; Maioliche | TESSUTI | Porcellane; maioliche
http://w3id.org/zac/81770_lot_14,6,Argenterie; oreficerie | CORNICI | DIPINTI | MINIATURE | VASI | PORCELLANE
http://w3id.org/zac/81770_lot_15,6,CORNICI | DIPINTI | Argenterie; oreficerie | MINIATURE | MAIOLICHE | STAMPE E INCISIONI
http://w3id.org/zac/81770_lot_16,6,DIPINTI | Argenterie; oreficerie | DISEGNI | MINIATURE | STAMPE E INCISIONI | PORCELLANE
http://w3id.org/zac/81770_lot_19,6,DIPINTI | Argenterie; oreficerie | CORNICI | MAIOLICHE | MINIATURE | PORCELLANE
http://w3id.org/zac/81770_lot_3,6,CORNICI | DIPINTI | MAIOLICHE | STAMPE E INCISIONI | PORCELLANE | SCATOLE
http://w3id.org/zac/81770_lot_33,6,Bronzi; marmi; terracotte | DIPINTI | Argenterie; oreficerie | MAIOLICHE | PIATTI | PORCELLANE
http://w3id.org/zac/81770_lot_7,6,Bronzi; marmi; terracotte | DIPINTI | CORNICI | MINIATURE | MAIOLICHE | SCATOLE
http://w3id.org/zac/81771_lot_6,6,DIPINTI | MOBILI | MAIOLICHE | MINIATURE | OGGETTI VARI | VETRI
http://w3id.org/zac/81773_lot_15,6,CORNICI | LAMPADE | MONETE | MINIATURE | PIATTI | STAMPE E INCISIONI
http://w3id.org/zac/81773_lot_8,6,LAMPADE | MONETE | OGGETTI IN LEGNO | OGGETTI VARI | STAMPE E INCISIONI | SCOMPARTI
http://w3id.org/zac/81775_lot_12,6,Bronzi; Marmi; Terrecotte; Avorii; Legni | DIPINTI | MINIATURE | MOBILI | MAIOLICHE; PORCELLANE | Maioliche; Porcellane | Maioliche; porcellane | VASI
http://w3id.org/zac/81775_lot_15,6,CORNICI | DIPINTI | Libri; Legature; Autograf | MINIATURE | MOBILI | Medaglie; Placchette
http://w3id.org/zac/81775_lot_17,6,Bronzi; Marmi; Terrecotte; Avorii; Legni | DIPINTI | MINIATURE | MAIOLICHE; PORCELLANE | Maioliche; Porcellane | Maioliche; porcellane | MOBILI | LIBRI
http://w3id.org/zac/81775_lot_7,6,DIPINTI | CORNICI | Libri; Legature; Autograf | MOBILI | MERLETTI | PANNELLI
http://w3id.org/zac/81775_lot_9,6,CORNICI | Bronzi; Marmi; Terrecotte; Avorii; Legni | DIPINTI | MOBILI | LIBRI | VASI
http://w3id.org/zac/81779_lot_12,6,Bronzi; Marmi; Terrecotte | DIPINTI | ARMI | Maioliche; Porcellane; Cristallerie | MOBILI | Stoffe; Trine; Tappeti
http://w3id.org/zac/81779_lot_13,6,CORNICI | Bronzi; Marmi; Terrecotte | DIPINTI | Maioliche; Porcellane; Cristallerie | TAPPETI | STAMPE E INCISIONI
http://w3id.org/zac/81783_lot_6,6,DIPINTI | MAIOLICHE; PORCELLANE | Maioliche; Porcellane | Maioliche; porcellane | MEDAGLIE | MINIATURE | OGGETTI D'ARTE | TAPPETI
http://w3id.org/zac/81784_lot_4,6,Argenterie; Oggetti d'oro; Oggetti da vetrina | DIPINTI | MAIOLICHE; PORCELLANE | Maioliche; Porcellane | Maioliche; porcellane | OGGETTI D'ARTE | TESSUTI | STAMPE E INCISIONI
http://w3id.org/zac/81784_lot_6,6,DIPINTI | CORNICI | Maioliche; porcellane | LAMPADE | MAIOLICHE; PORCELLANE | MINIATURE | Maioliche; Porcellane | Incisioni; Disegni | Incisioni; disegni
http://w3id.org/zac/81790_lot_12,6,Bronzi; Avori; Terrecotte | DIPINTI | CORNICI | Maioliche; porcellane | Maioliche; Porcellane | MAIOLICHE; PORCELLANE | OGGETTI VARI | VASI
http://w3id.org/zac/81795_lot_5,6,Bronzi; Marmi; Terrecotte | DIPINTI | CORNICI | Maioliche; Porcellane | MAIOLICHE; PORCELLANE | Maioliche; porcellane | MOBILI | MINIATURE
http://w3id.org/zac/81800_lot_9,6,ACQUEFORTI | BRONZI | LIBRI | MAIOLICHE | OGGETTI VARI | SCATOLE
http://w3id.org/zac/81804_lot_4,6,DIPINTI | CORNICI | MINIATURE | MOBILI | OGGETTI VARI | Placchette; Medaglie
http://w3id.org/zac/81804_lot_5,6,DIPINTI | BRONZI | CORNICI | MOBILI | OGGETTI VARI | Placchette; Medaglie
http://w3id.org/zac/81805_lot_5,6,BRONZI | GIOIELLI | Peliké | VETRI | VASI | SPECCHI
http://w3id.org/zac/81806_lot_6,6,BIGIOTTERIA | ARGENTI | OGGETTI VARI | OGGETTI IN LEGNO | PORCELLANE | VASI
http://w3id.org/zac/81807_lot_8,6,DIPINTI | CORNICI | MAIOLICHE; PORCELLANE | Maioliche; porcellane | MINIATURE | Maioliche; Porcellane | Oggetti diversi; Mobili | REPERTI ARCHEOLOGICI
http://w3id.org/zac/81808_lot_2,6,DIPINTI | MOBILI | MARMI | OGGETTI VARI | PASTORI E ANIMALI | TESSUTI
http://w3id.org/zac/81808_lot_4,6,CORNICI | DIPINTI | MOBILI | OGGETTI VARI | TESSUTI | POLTRONE
http://w3id.org/zac/81811_lot_2,6,CORNICI | ARREDAMENTI | OGGETTI VARI | OGGETTI IN LEGNO | VASI | SEDIE
http://w3id.org/zac/81821_lot_5,6,MOBILI | OGGETTI VARI | SCULTURE | Stoffe; Merletti | Terrecotte; Stucchi | Stucchi; terrecotte | Stucchi; Terrecotte
http://w3id.org/zac/81831_lot_13,6,DIPINTI | MOBILI | MARMI | OGGETTI D'ARTE | POLTRONE | VASI
http://w3id.org/zac/81831_lot_2,6,DIPINTI | CORNICI | MOBILI | OGGETTI D'ARTE | TESSUTI | VASI
http://w3id.org/zac/81831_lot_22,6,MOBILI | MARMI | OGGETTI VARI | OGGETTI D'ARTE | POLTRONE | SEDIE
http://w3id.org/zac/81831_lot_7,6,DIPINTI | MOBILI | MARMI | OGGETTI D'ARTE | VASI | TESSUTI
http://w3id.org/zac/81831_lot_9,6,CORNICI | DIPINTI | MOBILI | MARMI | OGGETTI D'ARTE | POLTRONE
http://w3id.org/zac/81832_lot_4,6,DIPINTI | MERLETTI | LIBRI | OGGETTI VARI | OGGETTI D'ARTE | TAPPETI
http://w3id.org/zac/81832_lot_5,6,DIPINTI | MERLETTI | LIBRI | OGGETTI D'ARTE | OGGETTI VARI | VASI
http://w3id.org/zac/81835_lot_10,6,ARMI | BRONZI | AVORI | MOBILI; TAPPETI | Mobili; tappeti | VASI | TERRECOTTE
http://w3id.org/zac/81835_lot_6,6,ARMI | PIATTI | STAMPE E INCISIONI | TERRECOTTE | POLTRONE | VASI
http://w3id.org/zac/81836_lot_2,6,ACQUEFORTI | DIPINTI | Miniature; Quadri | MINIATURE | MOBILI | Quadri; Miniature
http://w3id.org/zac/81836_lot_3,6,ARREDAMENTI | DIPINTI | MINIATURE | MOBILI | Miniature; Quadri | Quadri; Miniature
http://w3id.org/zac/81836_lot_8,6,DIPINTI | CANDELABRI | MOBILI | MINIATURE | Miniature; Quadri | Quadri; Miniature
http://w3id.org/zac/81856_lot_4,6,CORNICI | LAMPADE | PIATTI | PANNELLI | POLTRONE | VASI
http://w3id.org/zac/81886_lot_I,6,MARMI | MOBILI | MAIOLICHE | OGGETTI IN LEGNO | TERRECOTTE | VASI
http://w3id.org/zac/81893_lot_2,6,CORNICI | SEDIE | TERZA VENDITA | VASI | PRIMA VENDITA | SECONDA VENDITA
http://w3id.org/zac/83682_lot_3,6,BRONZI | BOTTIGLIE | FAIENCES; VERRERIE | OGGETTI IN LEGNO | TORCE | VASI
http://w3id.org/zac/83718_lot_7,6,BASSORILIEVI | BRONZI | CERAMICHE | OGGETTI IN LEGNO | SCULTURE | SPECCHI
http://w3id.org/zac/83749_lot_2,6,BRONZI | ACQUEFORTI | OGGETTI IN LEGNO | OGGETTI VARI | STAMPE E INCISIONI | PORCELLANE
http://w3id.org/zac/83749_lot_4,6,BRONZI | DIPINTI | OGGETTI VARI | PORCELLANE | SCULTURE | STAMPE E INCISIONI
http://w3id.org/zac/83752_lot_3,6,ARAZZI | BIANCHERIA | LAMPADE | OGGETTI VARI | STAMPE E INCISIONI | SEDIE
http://w3id.org/zac/83768_lot_1,6,ACQUEFORTI | MOBILI | MINIATURE | OGGETTI IN LEGNO | OGGETTI VARI | PORCELLANE
http://w3id.org/zac/83794_lot_6,6,MAIOLICHE | OGGETTI IN LEGNO | OGGETTI VARI | PIATTI | ORFEVRERIE; BRONZES | STAMPE E INCISIONI
http://w3id.org/zac/83835_lot_3,6,BASSORILIEVI | ETOFFES; DENTELLES | PANNELLI | OGGETTI IN METALLO | SMALTI | SCULTURE
http://w3id.org/zac/83896_lot_14,6,bronzes; pendules | BRONZES; PENDULES | Bronzes; Pendules | CANDELABRI | LAMPADE | OGGETTI VARI | TORCE | VASI
http://w3id.org/zac/83905_lot_8,6,MAIOLICHE | GIOIELLI | OGGETTI VARI | OGGETTI IN LEGNO | SCULTURE | SEDIE
http://w3id.org/zac/83932_lot_3,6,CANDELABRI | BRONZES; FERS ORIENTAUX | MAIOLICHE | OGGETTI VARI | VETRI | VASI
http://w3id.org/zac/83932_lot_5,6,MAIOLICHE | EMAUX CHAMPLEVES; ORFEVRERIE | OGGETTI VARI | OGGETTI IN LEGNO | VETRI | SMALTI
http://w3id.org/zac/84026_lot_3,6,CUIVRES; FERS | ARREDAMENTI | OGGETTI VARI | PORCELLANE | PLACCHETTE | VASI
http://w3id.org/zac/84029_lot_3,6,ABITI | ARREDAMENTI | BRONZI | GIOIELLI | OGGETTI VARI | OGGETTI IN LEGNO
http://w3id.org/zac/84102_lot_8,6,BASSORILIEVI | BOIS; TERRES CUITES; MARBRES; IVOIRES | OGGETTI D'ARTE ORIENTALE | LAMPADE | OGGETTI IN LEGNO | PIATTI
http://w3id.org/zac/84250_lot_3,6,BRONZI | ARAZZI | BASSORILIEVI | OGGETTI VARI | TORCE | SCULTURE
http://w3id.org/zac/84272_lot_I,6,MOBILI | OGGETTI IN LEGNO | OGGETTI IN METALLO | SCULTURE | TAPPETI | SEDIE
http://w3id.org/zac/84289_lot_1,6,DIPINTI | ARAZZI | LAMPADE | LUSTRI | OGGETTI IN LEGNO | TORCE
http://w3id.org/zac/84289_lot_I,6,DIPINTI | BASSORILIEVI | LAMPADE | OGGETTI VARI | OGGETTI IN LEGNO | SCOMPARTI
http://w3id.org/zac/87361_lot_13,6,DIPINTI | CERAMICHE | ARMI | OGGETTI VARI | Porzellan; Emailen | VETRI
http://w3id.org/zac/87363_lot_19,6,Bronce; Messingwaaren | Fayence; glasirte Thonwaaren | MAIOLICHE | Kriegs- und Jagd-Waffen; Jagdgerathschaften | OGGETTI IN LATTA | OGGETTI IN FERRO
http://w3id.org/zac/87363_lot_21,6,Bilder; Miniaturen | Kriegs- und Jagd-Waffen; Jagdgerathschaften | Fayence; glasirte Thonwaaren | MOBILI | OGGETTI IN LATTA | OGGETTI IN FERRO
http://w3id.org/zac/87363_lot_27,6,Kriegs- und Jagd-Waffen; Jagdgerathschaften | Fayence; glasirte Thonwaaren | Kostumstucke; Kostume; Stickereien | OGGETTI IN FERRO | OGGETTI IN LATTA | VASI
http://w3id.org/zac/87363_lot_29,6,Kriegs- und Jagd-Waffen; Jagdgerathschaften | Kostumstucke; Kostume; Stickereien | Fayence; glasirte Thonwaaren | OGGETTI IN LEGNO | OGGETTI IN FERRO | OGGETTI IN LATTA
http://w3id.org/zac/87374_lot_10,6,Adels-Diplome; Wappen-Diplome; Privilegien-Briefe; Stammbaume | Arbeiten in Leder; Textil-Arbeiten | MUNZEN; MEDAILLEN | Munzen; Medaillen | Eisen; Zinn | LETTERE | OGGETTI IN METALLO
http://w3id.org/zac/87381_lot_2,6,CORNICI | MINIATURE | OGGETTI IN FERRO | OGGETTI IN PELLE | OGGETTI IN ORO | STAMPE E INCISIONI
http://w3id.org/zac/87382_lot_11,6,ALTERTÜMER | BOTTIGLIE | OGGETTI IN FERRO | TAFEL-GERÄTE | SCATOLE | Riechbüchschen; Flacons
http://w3id.org/zac/87382_lot_5,6,ALTERTÜMER | BRONZI | OGGETTI IN ORO | OGGETTI IN FERRO | TAFEL-GERÄTE | Riechbüchschen; Flacons
http://w3id.org/zac/87390_lot_I,6,BAULI | MINIATURE | OGGETTI IN ORO | OGGETTI IN LEGNO | OGGETTI VARI | SPECCHI
http://w3id.org/zac/87412_lot_2,6,DIPINTI | ARREDAMENTI | MOBILI | OGGETTI VARI | OGGETTI IN LEGNO | Porzellan; Glaser; Kruge; Majoliken
http://w3id.org/zac/87420_lot_11,6,CERAMICHE | Holzschnitzereien; Elfenbeinarbeiten | LIBRI | Mobel; Spiegel | Stoffe; Teppiche; Vorhinge | VETRI
http://w3id.org/zac/87420_lot_13,6,CERAMICHE | ARMI | Holzschnitzereien; Elfenbeinarbeiten | LIBRI | OGGETTI IN LATTA | VETRI
http://w3id.org/zac/87420_lot_19,6,BIANCHERIA | CERAMICHE | Holzschnitzereien; Elfenbeinarbeiten | OGGETTI IN LATTA | VETRI | PORCELLANE
http://w3id.org/zac/87420_lot_5,6,ARMI | Mobel; Spiegel | Holzschnitzereien; Elfenbeinarbeiten | VETRI | Stoffe; Teppiche; Vorhinge | SCATOLE
http://w3id.org/zac/87420_lot_9,6,CERAMICHE | LUSTRI | OGGETTI IN LATTA | SCATOLE | SCOMPARTI | VETRI
http://w3id.org/zac/87424_lot_10,6,ARGENTI | BRONZI | Bronce; Kupfer; Messing | Holz; Meubles | OGGETTI IN ORO | Porzellan; Fayence; Steingut; Glaser
http://w3id.org/zac/87424_lot_11,6,BRONZI | Holz; Meubles | Glasgemalde; Miniaturen | OGGETTI IN LEGNO | OGGETTI IN ORO | Porzellan; Fayence; Steingut; Glaser
http://w3id.org/zac/87424_lot_16,6,MERLETTI | Gemalde; Stiche | MONETE | Holz; Meubles | OGGETTI IN ORO | SCATOLE
http://w3id.org/zac/87424_lot_18,6,BRONZI | Gemalde; Stiche | MONETE | OGGETTI IN ORO | Textilsachen; Spitzen | Porzellan; Fayence; Steingut; Glaser
http://w3id.org/zac/87424_lot_21,6,Bernstein | ARGENTI | MAIOLICHE | OGGETTI IN ORO | OGGETTI IN RAME | Porzellan; Fayence; Steingut; Glaser
http://w3id.org/zac/87424_lot_35,6,ANTICHITA' | ARGENTI | Gemalde; Stiche | OGGETTI IN ORO | OGGETTI IN LEGNO | Porzellan; Fayence; Steingut; Glaser
http://w3id.org/zac/87424_lot_4,6,BRONZI | Glasgemalde; Miniaturen | Gemalde; Stiche | OGGETTI IN ORO | Porzellan; Fayence; Steingut; Glaser | PORCELLANE
http://w3id.org/zac/87424_lot_9,6,ARGENTI | Holz; Meubles | MONETE | Gemalde; Stiche | OGGETTI IN ORO | Porzellan; Fayence; Steingut; Glaser
http://w3id.org/zac/87425_lot_2,6,ARAZZI | ARMI | DIPINTI | MAIOLICHE | OGGETTI IN ORO | TAPPETI
http://w3id.org/zac/87426_lot_6,6,AVORI | DIPINTI | Muinzen; Medaillen | VETRI | STAMPE E INCISIONI | Uhren; Mobel
http://w3id.org/zac/87437_lot_2,6,ARMI | MINIATURE | HOLZSCHNITZEREIEN; WAFFEN; BEKLEIDUNGSSTUCKE | Hirschgeweih | MUSIKINSTRUMENTE; UHREN | WAFFEN; RUSTUNGEN
http://w3id.org/zac/87437_lot_8,6,ARMI | MUSIKINSTRUMENTE; UHREN | EISEN; ZINN; METALLE | OGGETTI VARI | OGGETTI IN ORO | WAFFEN; RUSTUNGEN
http://w3id.org/zac/87496_lot_90,6,"Arbeiten in Steingut, Thon; Majoliken; Fayencen | OGGETTI IN LATTA | OGGETTI IN LEGNO | STAGNI | Rustungssticke; Kriegs- und Jagd-Waffen | PIATTI"
http://w3id.org/zac/87505_lot_17,6,DIPINTI | ARGENTI | Mobel; Seulpturen | OGGETTI IN RAME | OGGETTI IN ORO | Zinn; Eisen; Kupfer; Messing
http://w3id.org/zac/87505_lot_3,6,Mobel; Seulpturen | OGGETTI IN LEGNO | OGGETTI IN RAME | VASI | Porzellane; Fayencen; Glaser | Silber; Elfenbein
http://w3id.org/zac/87505_lot_5,6,DIPINTI | Mobel; Seulpturen | OGGETTI IN LATTA | Silber; Elfenbein | Zinn; Eisen; Kupfer; Messing | Porzellane; Fayencen; Glaser
http://w3id.org/zac/87505_lot_6,6,ARGENTI | OGGETTI IN LEGNO | Zinn; Eisen; Kupfer; Messing | Porzellane; Fayencen; Glaser | PIATTI | Silber; Elfenbein
http://w3id.org/zac/87505_lot_7,6,DIPINTI | Mobel; Seulpturen | OGGETTI IN LEGNO | Silber; Elfenbein | Zinn; Eisen; Kupfer; Messing | Porzellane; Fayencen; Glaser
http://w3id.org/zac/87544_lot_1,6,Bucher; Einbande | MOBEL; EINRICHTUNGSGEGENSTANDE | Mobel; Einrichtungsgegenstande | FOTOGRAFIE | OGGETTI VARI | OGGETTI IN ORO | Wand- und Fussteppiche; Textilarbeiten
http://w3id.org/zac/87545_lot_18,6,DIPINTI | CORNICI | Farbenstiche; Schabkunst- und Linienstiche | LIBRI | OGGETTI IN RAME | OGGETTI IN LEGNO
http://w3id.org/zac/87742_lot_16,6,ARGENTI | Messing; Kupfersachen | Mobel; Holzgegenstande | OGGETTI VARI | VETRI | Zinn; Bleigegenstande
http://w3id.org/zac/87742_lot_21,6,ARGENTI | ARMI | Mobel; Holzgegenstande | OGGETTI IN LATTA | Porzellan; Fayencen; Marmor; Steingut | SCATOLE
http://w3id.org/zac/87742_lot_23,6,ARMI | ARGENTI | Mobel; Holzgegenstande | Glas; Krystall; Spiegel | Messing; Kupfersachen | OGGETTI IN LATTA
http://w3id.org/zac/87742_lot_24,6,ARMI | ARGENTI | Glas; Krystall; Spiegel | Messing; Kupfersachen | Mobel; Holzgegenstande | OTTONI
http://w3id.org/zac/87742_lot_25,6,ARMI | ARGENTI | Mobel; Holzgegenstande | Messing; Kupfersachen | Glas; Krystall; Spiegel | VETRI
http://w3id.org/zac/87742_lot_27,6,ARGENTI | ARMI | Messing; Kupfersachen | Mobel; Holzgegenstande | OGGETTI IN LATTA | VETRI
http://w3id.org/zac/87742_lot_37,6,ARGENTI | Mobel; Holzgegenstande | Glas; Krystall; Spiegel | Messing; Kupfersachen | OGGETTI IN ORO | OGGETTI IN FERRO
http://w3id.org/zac/87742_lot_41,6,ARGENTI | ARREDAMENTI | Mobel; Holzgegenstande | Messing; Kupfersachen | Porzellan; Fayencen; Marmor; Steingut | VETRI
http://w3id.org/zac/87742_lot_43,6,ARGENTI | Mobel; Holzgegenstande | Messing; Kupfersachen | Porzellan; Fayencen; Marmor; Steingut | SPECCHI | VETRI
http://w3id.org/zac/87742_lot_44,6,ARGENTI | CORNICI | Mobel; Holzgegenstande | Glas; Krystall; Spiegel | Messing; Kupfersachen | Porzellan; Fayencen; Marmor; Steingut
http://w3id.org/zac/87742_lot_46,6,ARGENTI | Glas; Krystall; Spiegel | Mobel; Holzgegenstande | Messing; Kupfersachen | Porzellan; Fayencen; Marmor; Steingut | SPECCHI
http://w3id.org/zac/87742_lot_48,6,CORNICI | Mobel; Holzgegenstande | Glas; Krystall; Spiegel | Messing; Kupfersachen | PIATTI | SPECCHI
http://w3id.org/zac/87742_lot_49,6,Mobel; Holzgegenstande | Messing; Kupfersachen | Glas; Krystall; Spiegel | OGGETTI VARI | OGGETTI IN RAME | VASI
http://w3id.org/zac/87742_lot_52,6,ARGENTI | Glas; Krystall; Spiegel | Messing; Kupfersachen | Mobel; Holzgegenstande | Porzellan; Fayencen; Marmor; Steingut | VETRI
http://w3id.org/zac/87763_lot_13,6,Altertumer; Kunstgegenstande | OGGETTI VARI | SCOMPARTI | PIATTI | Taufbecken; Kelche; Weihwasserbecken; Kirchenlampen | Tableaux; Peintures; Gravures
http://w3id.org/zac/87763_lot_17,6,Altertumer; Kunstgegenstande | OGGETTI VARI | OGGETTI IN RAME | OGGETTI IN LEGNO | Tableaux; Peintures; Gravures | PLACCHETTE
http://w3id.org/zac/87773_lot_13,6,BRONZI | DIPINTI | Mobel; Figuren | Waffen; Gobelin; Facher | VETRI | SPECCHI
http://w3id.org/zac/87773_lot_6,6,DIPINTI | Mobel; Figuren | Porzellane; Fayencen; Steinzeug | PIATTI | VETRI | Waffen; Gobelin; Facher
http://w3id.org/zac/87773_lot_9,6,DIPINTI | Mobel; Figuren | OGGETTI VARI | VETRI | SPECCHI | Waffen; Gobelin; Facher
http://w3id.org/zac/87785_lot_18,6,MUNZEN; MEDAILLEN | MOBILI | Munzen; Medaillen | MEDAGLIE | OGGETTI IN LATTA | OGGETTI IN LEGNO | PORCELLANE
http://w3id.org/zac/87785_lot_3,6,AVORI | MUNZEN; MEDAILLEN | MINIATURE | Munzen; Medaillen | OGGETTI IN LEGNO | OGGETTI VARI | PORCELLANE
http://w3id.org/zac/87807_lot_11,6,ACQUERELLI | ARGENTI | Antiquitaten; Kunstgegenstande; Mobel | OGGETTI IN METALLO | OGGETTI IN LATTA | PORCELLANE
http://w3id.org/zac/87807_lot_16,6,ACQUERELLI | ARGENTI | OGGETTI IN METALLO | OGGETTI IN LEGNO | OGGETTI IN RAME | SCATOLE
http://w3id.org/zac/87807_lot_3,6,ARMI | Antiquitaten; Kunstgegenstande; Mobel | OGGETTI IN METALLO | OGGETTI IN LATTA | VASI | PORCELLANE
http://w3id.org/zac/87807_lot_5,6,ARGENTI | Antiquitaten; Kunstgegenstande; Mobel | ACQUERELLI | ARMI | OGGETTI IN METALLO | PORCELLANE
http://w3id.org/zac/87807_lot_6,6,Antiquitaten; Kunstgegenstande; Mobel | ACQUERELLI | ARGENTI | OGGETTI IN LATTA | OGGETTI IN METALLO | OGGETTI IN FERRO
http://w3id.org/zac/87807_lot_8,6,ACQUERELLI | ARGENTI | Antiquitaten; Kunstgegenstande; Mobel | OGGETTI IN METALLO | OGGETTI IN RAME | OGGETTI IN LATTA
http://w3id.org/zac/87823_lot_4,6,CORNICI | LIBRI | OGGETTI D'ARTE | SILBER; BRONZEN; MOBEL; TEXTILIEN; TEPPICHE; JAPAN- UND CHINA-PORZELLAN; FAYENCE | PORCELLANE | STAMPE E INCISIONI
http://w3id.org/zac/87828_lot_2,6,CORNICI | OGGETTI VARI | OGGETTI D'ARTE | OGGETTI IN LEGNO | PIATTI | STAMPE E INCISIONI
http://w3id.org/zac/87830_lot_30,6,Metall; Waffen | Miniaturen; Munzen; Elfenbein | OGGETTI VARI | OGGETTI IN LATTA | PORZELLAN; FAYENCE | Porzellan; Fayence | VASI
http://w3id.org/zac/87850_lot_11,6,"Dienstag, den 13. Oktober 1908 | Mittwoch,den 14.Oktober 1908 | Donnerstag,den 15.Oktober 1908 | MINIATURE | OGGETTI IN LEGNO | OGGETTI IN FERRO"
http://w3id.org/zac/87850_lot_7,6,"ARREDAMENTI | Dienstag, den 13. Oktober 1908 | Donnerstag,den 15.Oktober 1908 | Mittwoch,den 14.Oktober 1908 | OGGETTI IN ORO | PIATTI"
http://w3id.org/zac/87974_lot_2,6,ARGENTI | MARMI | OGGETTI IN FERRO | OGGETTI IN LEGNO | PORCELLANE | VASI
http://w3id.org/zac/87974_lot_28,6,ARGENTI | MAIOLICHE | OGGETTI IN FERRO | PORCELLANE | TESSUTI | PIATTI
http://w3id.org/zac/87985_lot_1,6,DISEGNI | MINIATURE | LIBRI | OGGETTI IN METALLO | Schmuck; Edelmetallarbeiten | SCULTURE
http://w3id.org/zac/88026_lot_7,6,Aquarelle; Zeichnungen | ACQUERELLI | Bein; Perlmutter; Holzschnitzereien | OGGETTI IN LATTA | OGGETTI IN ORO | PIATTI
http://w3id.org/zac/88026_lot_8,6,Aquarelle; Zeichnungen | Bein; Perlmutter; Holzschnitzereien | CORNICI | DISEGNI | OGGETTI IN ORO | OGGETTI IN LATTA
http://w3id.org/zac/88067_lot_19,6,BRONZI | Fayence; Majoliken | OGGETTI IN PELLE | Steinzeug; Hafnerware | PORCELLANE | VETRI
http://w3id.org/zac/88067_lot_20,6,BRONZI | Fayence; Majoliken | Gemalde; Kupferstiche | PORCELLANE | VETRI | PIATTI
http://w3id.org/zac/88067_lot_9,6,BRONZI | Gemalde; Kupferstiche | Fayence; Majoliken | PORCELLANE | VETRI | VASI
http://w3id.org/zac/88092_lot_10,6,MOBILI | FOTOGRAFIE | MAIOLICHE | OGGETTI IN LATTA | OGGETTI IN ORO | PORCELLANE
http://w3id.org/zac/88092_lot_17,6,Bronze; Messing | ARGENTI | MAIOLICHE | MOBILI | OGGETTI IN RAME | OGGETTI VARI
http://w3id.org/zac/88092_lot_3,6,GIOIELLI | FOTOGRAFIE | MAIOLICHE | OGGETTI IN RAME | SCULTURE | SCATOLE
http://w3id.org/zac/88092_lot_7,6,CRISTALLI | MAIOLICHE | OGGETTI IN RAME | OGGETTI IN LATTA | PIATTI | VASI
http://w3id.org/zac/88096_lot_4,6,ARMI | BRONZI | Edelmetall; Schmuck | Medaillen; Plaketten | OGGETTI IN LEGNO | SMALTI
http://w3id.org/zac/88096_lot_6,6,BRONZI | ARMI | Edelmetall; Schmuck | Mobel; Holzarbeiten | MOBEL; HOLZARBEITEN | MERLETTI | OGGETTI IN LEGNO
http://w3id.org/zac/88098_lot_11,6,DIPINTI | ARGENTI | Mobel; Holzsculpturen | OGGETTI IN LATTA | Porzellan; Fayanxe; Majolica | STAMPE E INCISIONI
http://w3id.org/zac/88098_lot_7,6,ARGENTI | MUNZEN; MEDAILLEN | Munzen; Medaillen | Mobel; Holzsculpturen | OGGETTI VARI | OGGETTI IN LEGNO | OGGETTI IN RAME
http://w3id.org/zac/88102_lot_10,6,BRONZEN; PLAKETTEN; MEDAILLEN; MUNZEN | FAYENCE; MAJOLIKA; STEINZEUG | GLAS; PORZELLAN; ELFENBEIN; GOLD; SILBER; SCHMUCK | Fayence; Majolika; Steinzeug | MOBEL; DEKORATIONSGEGENSTANDE; STOFFE | OGGETTI IN LEGNO | TAPPETI
http://w3id.org/zac/88102_lot_19,6,BRONZEN; PLAKETTEN; MEDAILLEN; MUNZEN | GLAS; PORZELLAN; ELFENBEIN; GOLD; SILBER; SCHMUCK | Fayence; Majolika; Steinzeug | MOBEL; DEKORATIONSGEGENSTANDE; STOFFE | FAYENCE; MAJOLIKA; STEINZEUG | PIATTI | TAPPETI
http://w3id.org/zac/88102_lot_3,6,BRONZEN; PLAKETTEN; MEDAILLEN; MUNZEN | GLAS; PORZELLAN; ELFENBEIN; GOLD; SILBER; SCHMUCK | MOBEL; DEKORATIONSGEGENSTANDE; STOFFE | FAYENCE; MAJOLIKA; STEINZEUG | Fayence; Majolika; Steinzeug | ORIENTALISCHE BRONZEN; WAFFEN | TAPPETI
http://w3id.org/zac/88102_lot_8,6,CORNICI | MOBEL; DEKORATIONSGEGENSTANDE; STOFFE | GLAS; PORZELLAN; ELFENBEIN; GOLD; SILBER; SCHMUCK | FAYENCE; MAJOLIKA; STEINZEUG | Fayence; Majolika; Steinzeug | ORIENTALISCHE BRONZEN; WAFFEN | TAPPETI
http://w3id.org/zac/88102_lot_9,6,BRONZEN; PLAKETTEN; MEDAILLEN; MUNZEN | GLAS; PORZELLAN; ELFENBEIN; GOLD; SILBER; SCHMUCK | Fayence; Majolika; Steinzeug | FAYENCE; MAJOLIKA; STEINZEUG | OGGETTI VARI | TAPPETI | SPECCHI
http://w3id.org/zac/88108_lot_3,6,DIPINTI | CORNICI | Bildwerke; Gemalde; Decken; Shawls; Romische Lampen | Keramik; Glas; Metallarbeiten | VASI | SPARTITI MUSICALI
http://w3id.org/zac/88114_lot_6,6,DIPINTI | MINIATURE | FOTOGRAFIE | Glas; Kristall | Fayencen; Steinzeug | PORCELLANE
http://w3id.org/zac/88114_lot_7,6,DIPINTI | Glas; Kristall | Fayencen; Steinzeug | MINIATURE | OGGETTI VARI | VASI
http://w3id.org/zac/88141_lot_10,6,MINIATURE | MOBILI | MAIOLICHE | EMAIL; SILBER; BRONZE; ZINN | PORCELLANE | VETRI
http://w3id.org/zac/88141_lot_11,6,EMAIL; SILBER; BRONZE; ZINN | MAIOLICHE | MINIATURE | MOBILI | VETRI | PORCELLANE
http://w3id.org/zac/88141_lot_14,6,MOBILI | MAIOLICHE | MINIATURE | EMAIL; SILBER; BRONZE; ZINN | PORCELLANE | VETRI
http://w3id.org/zac/88141_lot_28,6,EMAIL; SILBER; BRONZE; ZINN | MOBILI | MAIOLICHE | OGGETTI VARI | PORCELLANE | VASI
http://w3id.org/zac/88141_lot_3,6,MINIATURE | MAIOLICHE | MOBILI | OGGETTI VARI | PORCELLANE | VETRI
http://w3id.org/zac/88141_lot_5,6,MINIATURE | MOBILI | MAIOLICHE | SPECCHI | PORCELLANE | VETRI
http://w3id.org/zac/88141_lot_7,6,CORNICI | MINIATURE | MAIOLICHE | MOBILI | OGGETTI VARI | PORCELLANE
http://w3id.org/zac/88141_lot_8,6,COPPE | MINIATURE | MAIOLICHE | MOBILI | VETRI | PORCELLANE
http://w3id.org/zac/88141_lot_9,6,MAIOLICHE | MOBILI | OGGETTI IN ORO | VETRI | PIATTI | PORCELLANE
http://w3id.org/zac/88142_lot_129,6,MAIOLICHE | OGGETTI IN RAME | OGGETTI IN METALLO | OGGETTI IN LATTA | OGGETTI IN FERRO | OGGETTI VARI
http://w3id.org/zac/88177_lot_2,6,CORNICI | CERAMICHE | MOBILI | OGGETTI VARI | SCATOLE | TEPPICHE; STOFFE | Teppiche; Stoffe
http://w3id.org/zac/88192_lot_I,6,BRONZI | CORNICI | Meerschaum; Schildpat; Permutt; Elfenbein; Miniaturen; Wachse; Silhouetten | OGGETTI IN LEGNO | OGGETTI IN RAME | OGGETTI IN LATTA
http://w3id.org/zac/88197_lot_6,6,CORNICI | ARMI | MOBILI | MINIATURE | OGGETTI D'ARTE | PORCELLANE
http://w3id.org/zac/88209_lot_3,6,ACQUEFORTI | CORNICI | OGGETTI IN LEGNO | OGGETTI VARI | OGGETTI IN PELLE | STAMPE E INCISIONI
http://w3id.org/zac/88209_lot_5,6,ACQUEFORTI | MAIOLICHE | OGGETTI IN PELLE | OGGETTI IN LEGNO | PORCELLANE | STAMPE E INCISIONI
http://w3id.org/zac/88225_lot_10,6,Kupferstiche; Radierungen | MINIATURE | TERRECOTTE | PORCELLANE | VETRI | Silber; Gold
http://w3id.org/zac/88225_lot_20,6,MOBILI | OGGETTI IN ORO | Spitzen; Textilien; Teppiche | PORCELLANE | VETRI | TERRECOTTE
http://w3id.org/zac/88225_lot_40,6,Kupferstiche; Radierungen | MOBILI | OGGETTI IN LATTA | Spitzen; Textilien; Teppiche | TERRECOTTE | PORCELLANE
http://w3id.org/zac/88231_lot_20,6,AQUARELLE; HANDZEICHNUNGEN | Aquarelle; Handzeichnungen | ACQUERELLI | Fayencen; Porzellane; Bronzen; Emaille | OGGETTI IN RAME | PORCELLANE | Steinzeug; Fayence | STEINZEUG; FAYENCE
http://w3id.org/zac/88231_lot_25,6,AQUARELLE; HANDZEICHNUNGEN | Aquarelle; Handzeichnungen | Fayencen; Porzellane; Bronzen; Emaille | MOBILI | OGGETTI IN RAME | Steinzeug; Fayence | STEINZEUG; FAYENCE | PORCELLANE
http://w3id.org/zac/88231_lot_8,6,AQUARELLE; HANDZEICHNUNGEN | ACQUERELLI | Aquarelle; Handzeichnungen | Fayencen; Porzellane; Bronzen; Emaille | MINIATUREN; DOSEN | Miniaturen; Dosen | OGGETTI IN RAME | PORCELLANE
http://w3id.org/zac/88233_lot_12,6,ACQUERELLI | MINIATURE | DISEGNI | OGGETTI IN ORO | OGGETTI IN LEGNO | TESSUTI
http://w3id.org/zac/88233_lot_4,6,CORNICI | MINIATURE | Eisen; Zinn; Messing; Kupfer; Bronze | Dosen; Silhouetten | OGGETTI IN RAME | OGGETTI VARI
http://w3id.org/zac/88237_lot_30,6,ARGENTI | ACQUERELLI | Einrichtungsgegenstande; Mobel | Elfenbein; Meerschaum | TEXTILIEN; TEPPICHE | Textilien; Teppiche | TERRECOTTE
http://w3id.org/zac/88237_lot_9,6,ARMI | ARREDAMENTI | ARGENTI | Miniaturen; Silhouetten | MINIATURE | TERRECOTTE
http://w3id.org/zac/88247_lot_2,6,Eisen; Zinn; Messing; Kupfer; Waffen | MAIOLICHE | Handzeichnungen; Aquarelle | OGGETTI D'ARTE ORIENTALE | OGGETTI IN RAME | VETRI
http://w3id.org/zac/88256_lot_4,6,ACQUEFORTI | CORNICI | ACQUERELLI | Aquarelle; Handzeichnungen; Pastelle | Miniaturen; Silhouetten | OGGETTI IN RAME
http://w3id.org/zac/88261_lot_1,6,MINIATURE | OROLOGI | OGGETTI VARI | OGGETTI IN LATTA | TESSUTI | PORCELLANE
http://w3id.org/zac/88282_lot_1,6,CRISTALLI | ABITI | Glaser mit Tiefschnitt; Zwischengoldglas | MAIOLICHE | OGGETTI IN LATTA | STRUMENTI SCIENTIFICI
http://w3id.org/zac/88282_lot_I,6,ABITI | ARREDAMENTI | Gobelins; Teppiche; Stickereien | MOBILI | STRUMENTI SCIENTIFICI | TERRECOTTE
http://w3id.org/zac/88312_lot_I,6,ARGENTI | AVORI | FAYENCE; MAJOLIKA; STEINZEUG | Fayence; Majolika; Steinzeug | Miniaturen; Sticdhe | Terrakotta; Holz; Elfenbein; Alabaster | PORCELLANE
http://w3id.org/zac/88320_lot_10,6,MOBILI | MAIOLICHE | OGGETTI IN METALLO | PORCELLANE | TESSUTI | VETRI
http://w3id.org/zac/88320_lot_15,6,MAIOLICHE | MOBILI | OGGETTI IN METALLO | TESSUTI | VETRI | PORCELLANE
http://w3id.org/zac/88320_lot_18,6,MAIOLICHE | MOBILI | OGGETTI IN METALLO | TESSUTI | PORCELLANE | VETRI
http://w3id.org/zac/88320_lot_2,6,MOBILI | MAIOLICHE | OGGETTI IN METALLO | SPECCHI | PORCELLANE | TESSUTI
http://w3id.org/zac/88320_lot_21,6,MAIOLICHE | MOBILI | OGGETTI VARI | OGGETTI IN METALLO | PORCELLANE | VETRI
http://w3id.org/zac/88320_lot_24,6,MOBILI | MINIATURE | MAIOLICHE | OGGETTI IN METALLO | VETRI | PORCELLANE
http://w3id.org/zac/88320_lot_25,6,MOBILI | MAIOLICHE | OGGETTI VARI | OGGETTI IN METALLO | PORCELLANE | TESSUTI
http://w3id.org/zac/88320_lot_26,6,MOBILI | MAIOLICHE | OGGETTI IN METALLO | PORCELLANE | TESSUTI | SCATOLE
http://w3id.org/zac/88320_lot_27,6,CORNICI | MAIOLICHE | OGGETTI IN METALLO | OGGETTI VARI | VETRI | TESSUTI
http://w3id.org/zac/88320_lot_34,6,MOBILI | MAIOLICHE | MINIATURE | OGGETTI IN METALLO | TESSUTI | PORCELLANE
http://w3id.org/zac/88320_lot_8,6,MOBILI | MAIOLICHE | OGGETTI IN METALLO | OGGETTI VARI | VETRI | PORCELLANE
http://w3id.org/zac/88320_lot_9,6,MAIOLICHE | MOBILI | OGGETTI IN METALLO | PORCELLANE | VETRI | TESSUTI
http://w3id.org/zac/88322_lot_10,6,DIPINTI | Miniaturen; Silhouetten | Kupferstiche; Radierungen; Holzschnitte; Schabkunstblatter | OGGETTI IN METALLO | OGGETTI IN LEGNO | Zinn; Messing
http://w3id.org/zac/88322_lot_16,6,DIPINTI | Miniaturen; Silhouetten | Kupferstiche; Radierungen; Holzschnitte; Schabkunstblatter | MINIATURE | OGGETTI IN LATTA | OGGETTI IN RAME
http://w3id.org/zac/88322_lot_20,6,Miniaturen; Silhouetten | Kupferstiche; Radierungen; Holzschnitte; Schabkunstblatter | OGGETTI IN ORO | Schmuck; Silber | VASI | SCATOLE
http://w3id.org/zac/88322_lot_6,6,DIPINTI | Kupferstiche; Radierungen; Holzschnitte; Schabkunstblatter | OGGETTI IN LATTA | OGGETTI IN RAME | Schmuck; Silber | STAMPE E INCISIONI
http://w3id.org/zac/88322_lot_7,6,DIPINTI | Kupferstiche; Radierungen; Holzschnitte; Schabkunstblatter | OGGETTI IN LATTA | OGGETTI IN RAME | VETRI | Zinn; Messing
http://w3id.org/zac/88327_lot_20,6,Holzschnitte; Kupferstiche; Radierungen | STEINZEUG; FAYENCEN | Steinzeug; Fayencen | Zinn; Messing; Kupfer; Bronzen | VETRI | PORCELLANE | Sculpturen; Mobel
http://w3id.org/zac/88327_lot_30,6,BANDIERE | Miniaturen; Silhouetten | Steinzeug; Fayencen | STEINZEUG; FAYENCEN | Sculpturen; Mobel | PORCELLANE | Zinn; Messing; Kupfer; Bronzen
http://w3id.org/zac/88327_lot_4,6,ACQUEFORTI | Holzschnitte; Kupferstiche; Radierungen | Handzeichnungen; Aquarelle | Schmuck; Silber | Zinn; Messing; Kupfer; Bronzen | VETRI
http://w3id.org/zac/88327_lot_40,6,Holzschnitte; Kupferstiche; Radierungen | Sculpturen; Mobel | TESSUTI | Steinzeug; Fayencen | STEINZEUG; FAYENCEN | PORCELLANE | Zinn; Messing; Kupfer; Bronzen
http://w3id.org/zac/88327_lot_5,6,Holzschnitte; Kupferstiche; Radierungen | Handzeichnungen; Aquarelle | OGGETTI IN ORO | PORCELLANE | STEINZEUG; FAYENCEN | Zinn; Messing; Kupfer; Bronzen | Steinzeug; Fayencen
http://w3id.org/zac/88342_lot_1,6,AVORI | Gemalde; Miniaturen; Farbstiche | MOBILI | OGGETTI VARI | VETRI | Stuhle; Banke
http://w3id.org/zac/88351_lot_25,6,Handzeichnungen; Aquarelle | Fayencen; Steinzeug | OGGETTI IN RAME | PORCELLANE | Zinn; Messing; Kupfer; Eisen | VETRI
http://w3id.org/zac/88362_lot_14,6,LIBRI | MINIATURE | DIPINTI | OGGETTI IN LEGNO | Stoffe; Stickereien; Teppiche | Silber; Schmucksticke
http://w3id.org/zac/88362_lot_2,6,DIPINTI | LIBRI | Silber; Schmucksticke | Stoffe; Stickereien; Teppiche | PORCELLANE | Silhouetten; Miniaturen; Dosen
http://w3id.org/zac/88362_lot_3,6,DIPINTI | LIBRI | OGGETTI IN LEGNO | Silhouetten; Miniaturen; Dosen | Silber; Schmucksticke | Stoffe; Stickereien; Teppiche
http://w3id.org/zac/88367_lot_13,6,BIANCHERIA | MOBILI | PORCELLANE | VASI | STAMPE E INCISIONI | Teppiche; Gobelins; Stoffe
http://w3id.org/zac/88367_lot_24,6,CORNICI | MOBILI | PORCELLANE | TERRECOTTE | Teppiche; Gobelins; Stoffe | STAMPE E INCISIONI
http://w3id.org/zac/88367_lot_27,6,CANDELABRI | Fayence; Steinzeug; Majolika | MOBILI | STAMPE E INCISIONI | PORCELLANE | Teppiche; Gobelins; Stoffe
http://w3id.org/zac/88367_lot_28,6,MOBILI | MINIATURE | Fayence; Steinzeug; Majolika | PORCELLANE | Teppiche; Gobelins; Stoffe | STAMPE E INCISIONI
http://w3id.org/zac/88367_lot_3,6,CORNICI | Fayence; Steinzeug; Majolika | MOBILI | STAMPE E INCISIONI | PORCELLANE | Teppiche; Gobelins; Stoffe
http://w3id.org/zac/88367_lot_4,6,Fayence; Steinzeug; Majolika | LAMPADE | MOBILI | Teppiche; Gobelins; Stoffe | STAMPE E INCISIONI | PORCELLANE
http://w3id.org/zac/88367_lot_6,6,MAIOLICHE | MOBILI | Fayence; Steinzeug; Majolika | STAMPE E INCISIONI | Teppiche; Gobelins; Stoffe | PORCELLANE
http://w3id.org/zac/88367_lot_9,6,MAIOLICHE | MOBILI | Fayence; Steinzeug; Majolika | OGGETTI IN ORO | Teppiche; Gobelins; Stoffe | STAMPE E INCISIONI
http://w3id.org/zac/88374_lot_13,6,MAIOLICHE | MOBILI | OGGETTI IN METALLO | TESSUTI | PORCELLANE | SCOMPARTI
http://w3id.org/zac/88374_lot_14,6,MAIOLICHE | MOBILI | OGGETTI IN ORO | OGGETTI VARI | OGGETTI IN METALLO | TESSUTI
http://w3id.org/zac/88374_lot_15,6,MOBILI | OGGETTI VARI | OGGETTI IN METALLO | PIATTI | TESSUTI | PORCELLANE
http://w3id.org/zac/88374_lot_3,6,MOBILI | DIPINTI | OGGETTI IN METALLO | OGGETTI IN RAME | OGGETTI IN LEGNO | TESSUTI
http://w3id.org/zac/88374_lot_4,6,MOBILI | DIPINTI | MAIOLICHE | OGGETTI IN RAME | OGGETTI IN LEGNO | TESSUTI
http://w3id.org/zac/88377_lot_6,6,HOLZSKULPTUREN; PERSISCHE TEPPICHE | MINIATURE | OGGETTI IN LEGNO | SCOMPARTI | VASI | SILBERNE GERATE; CHINESISCHES PORZELLAN; ELFENBEINMINIATUREN; SPITZEN; FACHERSAMMLUNG
http://w3id.org/zac/88396_lot_3,6,AVORI | MAIOLICHE | LAMPADE | DIPINTI | OGGETTI VARI | PORCELLANE
http://w3id.org/zac/88396_lot_6,6,LAMPADE | DIPINTI | FOTOGRAFIE | MAIOLICHE | ZINN; KUPFER; MESSING; BRONZE | PORCELLANE
http://w3id.org/zac/88398_lot_2,6,Bronze; Glas; Fayence | LAMPADE | MINIATURE | Mobel; Gobelins; Teppiche; Skulpturen | OGGETTI IN LEGNO | OGGETTI IN RAME
http://w3id.org/zac/88400_lot_16,6,Fayencen; Steingut | FAYENCEN; STEINGUT | OGGETTI IN LEGNO | TESSUTI | PORZELLAN; Waffen | PORCELLANE | PIATTI
http://w3id.org/zac/88400_lot_21,6,Fayence; Porzellan | Fayencen; Steingut | FAYENCEN; STEINGUT | FAYENCE; PORZELLAN | GLASER; MINIATUREN | PORZELLAN; Waffen | TESSUTI | PORCELLANE
http://w3id.org/zac/88400_lot_29,6,ARMI | FAYENCE; PORZELLAN | Fayence; Porzellan | FAYENCEN; STEINGUT | Fayencen; Steingut | TESSUTI | PORZELLAN; Waffen | SCOMPARTI
http://w3id.org/zac/88400_lot_4,6,FAYENCEN; STEINGUT | Fayencen; Steingut | GLASER; MINIATUREN | OGGETTI VARI | PORZELLAN; Waffen | PORCELLANE | PIATTI
http://w3id.org/zac/88400_lot_5,6,ARMI | GLASER; MINIATUREN | Fayencen; Steingut | FAYENCEN; STEINGUT | OGGETTI VARI | OGGETTI IN ORO | TESSUTI
http://w3id.org/zac/88412_lot_18,6,MOBEL; SKULPTUREN | MAIOLICHE | KLEINKUNST; MINIATUREN; TEXTILIEN | OGGETTI VARI | OGGETTI IN ORO | PORCELLANE
http://w3id.org/zac/88422_lot_11,6,ARGENTI | MAIOLICHE | OGGETTI IN LEGNO | OGGETTI D'ARTE | VETRI | TESSUTI
http://w3id.org/zac/88422_lot_12,6,ARGENTI | MAIOLICHE | OGGETTI IN LEGNO | OGGETTI D'ARTE | VETRI | TESSUTI
http://w3id.org/zac/88422_lot_15,6,ARGENTI | OGGETTI IN ORO | OGGETTI D'ARTE | PORCELLANE | VASI | VETRI
http://w3id.org/zac/88422_lot_17,6,ARGENTI | MAIOLICHE | OGGETTI IN LEGNO | OGGETTI D'ARTE | OGGETTI IN RAME | VETRI
http://w3id.org/zac/88422_lot_7,6,ARGENTI | MAIOLICHE | OGGETTI IN LEGNO | OGGETTI VARI | OGGETTI D'ARTE | VETRI
http://w3id.org/zac/88422_lot_9,6,ARGENTI | CORNICI | MAIOLICHE | OGGETTI VARI | OGGETTI IN LEGNO | VETRI
http://w3id.org/zac/88444_lot_11,6,MAIOLICHE | OGGETTI D'ARTE | OGGETTI IN LATTA | VETRI | PORCELLANE | SCATOLE
http://w3id.org/zac/88444_lot_23,6,MOBILI | MAIOLICHE | OGGETTI D'ARTE | VETRI | VASI | PORCELLANE
http://w3id.org/zac/88444_lot_24,6,MAIOLICHE | MOBILI | OGGETTI D'ARTE | TESSUTI | PORCELLANE | VETRI
http://w3id.org/zac/88444_lot_30,6,LAMPADE | MOBILI | OGGETTI IN LEGNO | OGGETTI D'ARTE | TESSUTI | VETRI
http://w3id.org/zac/88462_lot_10,6,CERAMICHE | OGGETTI D'ARTE ORIENTALE | OGGETTI IN ORO | OGGETTI VARI | VETRI | TESSUTI
http://w3id.org/zac/88462_lot_15,6,CERAMICHE | KUPFER; ZINN | OGGETTI D'ARTE ORIENTALE | LAMPADE | Kupfer; Zinn | OGGETTI IN ORO | SCULTURE
http://w3id.org/zac/88462_lot_17,6,CERAMICHE | OGGETTI D'ARTE ORIENTALE | KUPFER; ZINN | Kupfer; Zinn | SPECCHI | PIATTI | TESSUTI
http://w3id.org/zac/88462_lot_18,6,CERAMICHE | OGGETTI D'ARTE ORIENTALE | OGGETTI IN LEGNO | OGGETTI IN ORO | VETRI | TESSUTI
http://w3id.org/zac/88462_lot_8,6,ARGENTI | CERAMICHE | OGGETTI D'ARTE ORIENTALE | OGGETTI IN ORO | TESSUTI | SPECCHI
http://w3id.org/zac/88472_lot_1,6,MARMI | OGGETTI D'ARTE ORIENTALE | OGGETTI IN LEGNO | SCATOLE | VASI | PORCELLANE
http://w3id.org/zac/88482_lot_12,6,27. Oktober 1921 | LAMPADE | OGGETTI VARI | OGGETTI IN RAME | PORZELLAN; STEINZEUG; FAYENCE | VETRI
http://w3id.org/zac/88482_lot_5,6,25. Oktober 1921 | CORNICI | OGGETTI IN ORO | OGGETTI IN LEGNO | PORZELLAN; STEINZEUG; FAYENCE | VETRI
http://w3id.org/zac/88482_lot_7,6,26. Oktober 1921 | CORNICI | LAMPADE | OGGETTI IN ORO | OGGETTI VARI | PORZELLAN; STEINZEUG; FAYENCE
http://w3id.org/zac/88482_lot_9,6,27. Oktober 1921 | LAMPADE | OGGETTI VARI | OGGETTI IN ORO | PORZELLAN; STEINZEUG; FAYENCE | VETRI
http://w3id.org/zac/88501_lot_I,6,ARREDAMENTI | CORNICI | OGGETTI IN ORO | OGGETTI VARI | PIATTI | PLACCHETTE
http://w3id.org/zac/88505_lot_1,6,CORNICI | FRANCOBOLLI | OGGETTI D'ARTE ORIENTALE | OGGETTI IN LATTA | SCULTURE | TAPPETI
http://w3id.org/zac/88528_lot_1,6,ARREDAMENTI | ARGENTI | MOBILI | OGGETTI VARI | SPECCHI | Teppiche; Bricken
http://w3id.org/zac/88543_lot_3,6,ARTI GRAFICHE | BASSORILIEVI | OGGETTI D'ARTE ORIENTALE | OGGETTI IN LEGNO | OGGETTI IN RAME | OGGETTI VARI
http://w3id.org/zac/88565_lot_14,6,BRONZI | MINIATURE | OGGETTI D'ARTE ORIENTALE | Elfenbein; Miniaturen; Kleinkunst | MOBILI | OGGETTI VARI
http://w3id.org/zac/88565_lot_18,6,BRONZI | MOBILI | Elfenbein; Miniaturen; Kleinkunst | OGGETTI IN LEGNO | SMALTI | VASI
http://w3id.org/zac/88565_lot_23,6,MOBILI | Elfenbein; Miniaturen; Kleinkunst | OGGETTI IN ORO | OGGETTI VARI | OGGETTI IN LEGNO | SMALTI
http://w3id.org/zac/88565_lot_24,6,MOBILI | LAMPADE | Elfenbein; Miniaturen; Kleinkunst | OGGETTI IN ORO | OGGETTI IN LEGNO | PIATTI
http://w3id.org/zac/88609_lot_160,6,ARAZZI | DIPINTI | OGGETTI IN ORO | OGGETTI LACCATI | OGGETTI IN METALLO | TESSUTI
http://w3id.org/zac/88642_lot_18,6,AVORI | MAIOLICHE | OGGETTI IN METALLO | OROLOGI | VETRI | SCATOLE
http://w3id.org/zac/88646_lot_11,6,MOBEL; HOLZSCHNITZEREIEN; PORZELLAN; FAYENCEN | OGGETTI IN ORO | PERSERTEPPICHE; KELIMS | PIATTI | PORZELLAN; BRONZEN; GLAS | SCATOLE
http://w3id.org/zac/88646_lot_13,6,ARGENTI | MAIOLICHE | MOBEL; HOLZSCHNITZEREIEN; PORZELLAN; FAYENCEN | OGGETTI IN ORO | PERSERTEPPICHE; KELIMS | PIATTI
http://w3id.org/zac/88646_lot_7,6,MOBEL; HOLZSCHNITZEREIEN; PORZELLAN; FAYENCEN | PERSERTEPPICHE; KELIMS | OGGETTI IN PIETRA | VASI | PORZELLAN; BRONZEN; GLAS | VETRI
http://w3id.org/zac/88646_lot_9,6,ARGENTI | MOBEL; HOLZSCHNITZEREIEN; PORZELLAN; FAYENCEN | PERSERTEPPICHE; KELIMS | PORCELLANE | VETRI | SCATOLE
http://w3id.org/zac/88652_lot_18,6,CERAMICHE | Lacks; Holzarbeiten | Irdengut; Steinzeug; Steingut | OGGETTI VARI | OGGETTI IN LATTA | TESSUTI
http://w3id.org/zac/88668_lot_10,6,Bruisseler und franzosische Gobelins; Point-Arbeiten; Stickereien | ARGENTI | Holz- und Elfenbein-Skulpturen; Bronzekronen; Kandelaber | Palissy-Arbeiten; Majoliken | OGGETTI IN ORO | PORCELLANE
http://w3id.org/zac/88668_lot_14,6,ARGENTI | Holz- und Elfenbein-Skulpturen; Bronzekronen; Kandelaber | MERLETTI | Palissy-Arbeiten; Majoliken | OGGETTI IN ORO | TAPPETI
http://w3id.org/zac/88668_lot_17,6,CORNICI | MOBILI | Holz- und Elfenbein-Skulpturen; Bronzekronen; Kandelaber | Palissy-Arbeiten; Majoliken | PORCELLANE | SPECCHI
http://w3id.org/zac/88668_lot_8,6,CORNICI | ARGENTI | ARAZZI | OGGETTI IN ORO | Palissy-Arbeiten; Majoliken | OGGETTI VARI
http://w3id.org/zac/88679_lot_12,6,ANTICHITA' | CANDELABRI | Gobelins; Perserteppiche | OGGETTI IN ORO | TERRECOTTE | VASI
http://w3id.org/zac/88679_lot_14,6,ANTICHITA' | Gobelins; Perserteppiche | OGGETTI IN ORO | OGGETTI VARI | OGGETTI IN LEGNO | TERRECOTTE
http://w3id.org/zac/88679_lot_6,6,Antiquitaten; Gemalde; Graphik | CANDELABRI | ANTICHITA' | Gobelins; Perserteppiche | OGGETTI IN ORO | TERRECOTTE
http://w3id.org/zac/88692_lot_4,6,BIANCHERIA | MOBILI | LAMPADE | OGGETTI IN LEGNO | OGGETTI VARI | OGGETTI IN RAME
http://w3id.org/zac/88702_lot_2,6,MAIOLICHE | OGGETTI IN LATTA | OGGETTI IN LEGNO | TESSUTI | PIATTI | PORCELLANE
http://w3id.org/zac/88705_lot_5,6,OGGETTI IN RAME | OGGETTI IN ORO | PORZELLAN; BRONZEN; LACKARBEITEN | PORZELLAN; FAYENCEN; MAJOLIKA | PIATTI | VASI
http://w3id.org/zac/88709_lot_3,6,CORNICI | ARAZZI | DIPINTI | OGGETTI IN ORO | OGGETTI IN LEGNO | STAMPE E INCISIONI
http://w3id.org/zac/88709_lot_9,6,DIPINTI | MAIOLICHE | OGGETTI VARI | OGGETTI IN LATTA | OGGETTI IN LEGNO | VASI
http://w3id.org/zac/88743_lot_13,6,MOBILI | MAIOLICHE | LAMPADE | OGGETTI IN LATTA | PIATTI | TESSUTI
http://w3id.org/zac/88743_lot_14,6,MOBILI | LAMPADE | OGGETTI IN LATTA | OGGETTI VARI | PORCELLANE | TESSUTI
http://w3id.org/zac/88743_lot_16,6,ARMI | MOBILI | OGGETTI VARI | OGGETTI IN LEGNO | OGGETTI IN LATTA | PIATTI
http://w3id.org/zac/88743_lot_17,6,MAIOLICHE | MOBILI | MOBEL; SITZMOBEL | OGGETTI VARI | OGGETTI IN LEGNO | OGGETTI IN LATTA
http://w3id.org/zac/88743_lot_18,6,ARMI | MAIOLICHE | MOBILI | LAMPADE | OGGETTI IN LEGNO | OGGETTI IN LATTA
http://w3id.org/zac/88745_lot_10,6,ARGENTI | MOBILI | ORIGINALRADIERUNGEN; REPRODUKTIONEN; PRACHTWERKE; BUCHER | SILBER; SCHMUCK | Silber; Schmuck | TEPPICHE; DECKEN | VORHANGE; DECKEN; BETTEN
http://w3id.org/zac/88745_lot_11,6,MOBILI | METALL; STEIN; GLAS | ORIGINALRADIERUNGEN; REPRODUKTIONEN; PRACHTWERKE; BUCHER | Silber; Schmuck | TEPPICHE; DECKEN | PORZELLAN; KERAMIK; ELFENBEINFIGUREN; ZWISCHENGOLDGLASER; BRONZEN | SILBER; SCHMUCK
http://w3id.org/zac/88745_lot_18,6,HAUSRAT; WANDTELLER; GIPSBUSTEN | OGGETTI VARI | OGGETTI IN LEGNO | ORIGINALRADIERUNGEN; REPRODUKTIONEN; PRACHTWERKE; BUCHER | VASEN; KRUGE; SCHALEN | SPECCHI
http://w3id.org/zac/88745_lot_19,6,HAUSRAT; WANDTELLER; GIPSBUSTEN | METALL; STEIN; GLAS | OGGETTI VARI | ORIGINALRADIERUNGEN; REPRODUKTIONEN; PRACHTWERKE; BUCHER | SILBER; SCHMUCK | SPECCHI | Silber; Schmuck
http://w3id.org/zac/88745_lot_9,6,MOBILI | ORIGINALRADIERUNGEN; REPRODUKTIONEN; PRACHTWERKE; BUCHER | VORHANGE; DECKEN; BETTEN | SILBER; SCHMUCK | PORCELLANE | TEPPICHE; DECKEN | Silber; Schmuck
http://w3id.org/zac/88764_lot_6,6,OGGETTI IN ORO | SCATOLE | SCULTURE | TERRECOTTE | PIATTI | TEPPICHE; TEXTILIEN | Teppiche; Textilien
http://w3id.org/zac/88765_lot_11,6,BRONZI | ANTICHITA' | MOBEL; KERAMIK; SILBER; BRONZEN; UHREN; OSTASIATISCHES KUNSTGEWERBE | FAYENCEN; PORZELLANE | JADEARBEITEN; KERAMIK; BRONZEN; CHINESISCHERKNUPFTEPPICH | SPECCHI
http://w3id.org/zac/88765_lot_19,6,BRONZI | ANTICHITA' | CERAMICHE | FAYENCEN; PORZELLANE | MOBEL; KERAMIK; SILBER; BRONZEN; UHREN; OSTASIATISCHES KUNSTGEWERBE | PIATTI
http://w3id.org/zac/88765_lot_2,6,BRONZI | FAYENCEN; PORZELLANE | MOBEL; KERAMIK; SILBER; BRONZEN; UHREN; OSTASIATISCHES KUNSTGEWERBE | JADEARBEITEN; KERAMIK; BRONZEN; CHINESISCHERKNUPFTEPPICH | SPECCHI | VASI
http://w3id.org/zac/88765_lot_6,6,BRONZI | BIANCHERIA | FAYENCEN; PORZELLANE | JADEARBEITEN; KERAMIK; BRONZEN; CHINESISCHERKNUPFTEPPICH | MOBEL; KERAMIK; SILBER; BRONZEN; UHREN; OSTASIATISCHES KUNSTGEWERBE | PORCELLANE
http://w3id.org/zac/88782_lot_240,6,ARGENTI | CANDELABRI | LAMPADE | OGGETTI VARI | VASI | SILBER; BRONZE; ZINN
http://w3id.org/zac/88783_lot_60,6,MAIOLICHE | MOBILI | OGGETTI IN PELLE | Orientteppihe; Textilen | PIATTI | Porzellan; Bronzen
http://w3id.org/zac/88795_lot_I,6,Bronze; Messing; Kupfer | BRONZE; MESSING; KUPFER | MOBILI | OGGETTI IN LATTA | OGGETTI VARI | STAMPE E INCISIONI | STEINZEUG; FAYENCE; GLAS
http://w3id.org/zac/90087_lot_25,6,ARMI | JAGDBESTECKE; JAGDUTENSILIEN | GIOIELLI | MEDAGLIE | OGGETTI IN ORO | OGGETTI VARI
http://w3id.org/zac/90087_lot_30,6,ARBEITEN IN BRONZE; MESSING; KUPFER | GIOIELLI | OGGETTI IN LEGNO | OGGETTI VARI | OGGETTI IN FERRO | TERRECOTTE
http://w3id.org/zac/90087_lot_40,6,ARGENTI | OGGETTI VARI | OGGETTI IN LEGNO | VETRI | VASI | TERRECOTTE
http://w3id.org/zac/B15101_lot_16,6,OGGETTI IN LEGNO | OGGETTI VARI | VASI | TORCE | TESSUTI | SCOMPARTI
http://w3id.org/zac/B15101_lot_3,6,ARREDAMENTI | BIANCHERIA | BASSORILIEVI | TABACCHIERE | VASI | PORCELLANE
http://w3id.org/zac/B15101_lot_8,6,BIANCHERIA | CANDELABRI | ARREDAMENTI | DECORAZIONI DA PARETE | OGGETTI IN LEGNO | OGGETTI IN PELTRO
http://w3id.org/zac/B2246_lot_5,6,BRONZI | ARMI | MINIATURE | OGGETTI IN LEGNO | PANNELLI | PORCELLANE
http://w3id.org/zac/B2246_lot_7,6,BRONZI | ARMI | DECORAZIONI DA PARETE | MARMI | PORCELLANE | VASI
http://w3id.org/zac/B2246_lot_8,6,ARMI | BAULI | BRONZI | MINIATURE | OGGETTI IN LEGNO | VASI
http://w3id.org/zac/4454_lot_4,5,BIANCHERIA | BRONZI | OGGETTI VARI | PIATTI | OGGETTI IN LEGNO
http://w3id.org/zac/4554_lot_4,5,ARAZZI | BIANCHERIA | MOBILI | OGGETTI VARI | OGGETTI IN LEGNO
http://w3id.org/zac/4554_lot_6,5,ARREDAMENTI | ARAZZI | MOBILI | PIATTI | OGGETTI IN LEGNO
http://w3id.org/zac/4868_lot_5,5,DIPINTI | MOBILI | GIOIE; ORI; ARGENTI | OGGETTI VARI | POLTRONE
http://w3id.org/zac/4868_lot_8,5,DIPINTI | GIOIE; ORI; ARGENTI | MOBILI | OGGETTI VARI | VASI
http://w3id.org/zac/4972_lot_4,5,MOBILI | OGGETTI IN LEGNO | VASI | TERRECOTTE | Stucchi; Terrecotte | Stucchi; terrecotte
http://w3id.org/zac/4972_lot_5,5,BRONZI | MAIOLICHE; PORCELLANE | Maioliche; Porcellane | Maioliche; porcellane | MARMI | OGGETTI IN LEGNO | TERRECOTTE
http://w3id.org/zac/50114_lot_11,5,BAULI | DIPINTI | ORFEVRERIES; BIJOUX; OBJETS DE VITRINE | SCOMPARTI | VELOURS; SOIES; BRODERIES
http://w3id.org/zac/50114_lot_24,5,DIPINTI | PANNELLI | SCULTURE | VELOURS; SOIES; BRODERIES | SCOMPARTI
http://w3id.org/zac/50114_lot_3,5,DIPINTI | ARAZZI | ORFEVRERIES; BIJOUX; OBJETS DE VITRINE | SCOMPARTI | VELOURS; SOIES; BRODERIES
http://w3id.org/zac/50114_lot_5,5,BIGIOTTERIA | DIPINTI | ORFEVRERIES; BIJOUX; OBJETS DE VITRINE | OGGETTI IN LEGNO | VELOURS; SOIES; BRODERIES
http://w3id.org/zac/50114_lot_6,5,DIPINTI | LAMPADE | ORFEVRERIES; BIJOUX; OBJETS DE VITRINE | SCULTURE | VELOURS; SOIES; BRODERIES
http://w3id.org/zac/50114_lot_8,5,DIPINTI | ORFEVRERIES; BIJOUX; OBJETS DE VITRINE | SCOMPARTI | SCULTURE | VELOURS; SOIES; BRODERIES
http://w3id.org/zac/50364_lot_2,5,ARGENTI | OGGETTI D'ARTE ORIENTALE | OGGETTI IN LEGNO | OGGETTI IN METALLO | OGGETTI VARI
http://w3id.org/zac/50791_lot_4,5,LUSTRI | OGGETTI VARI | OGGETTI IN LEGNO | PIATTI | SCATOLE
http://w3id.org/zac/50791_lot_5,5,CANDELABRI | ARREDAMENTI | PIATTI | OGGETTI IN LEGNO | VASI
http://w3id.org/zac/5247_lot_2,5,MAIOLICHE | OGGETTI VARI | PIATTI | OGGETTI IN PELTRO | Verres; Cristaux | VERRES; CRISTAUX
http://w3id.org/zac/5541_lot_2,5,LAMPADE | PANNELLI | SCOMPARTI | STAMPE E INCISIONI | POLTRONE
http://w3id.org/zac/5541_lot_3,5,BOTTIGLIE | LAMPADE | PIATTI | VASI | SEDIE
http://w3id.org/zac/5541_lot_6,5,ARREDAMENTI | LAMPADE | SEDIE | VASI | POLTRONE
http://w3id.org/zac/5731_lot_4,5,BASSORILIEVI | MOBILI | OGGETTI IN LEGNO | STAMPE E INCISIONI | VASI
http://w3id.org/zac/5760_lot_5,5,MOBILI | OGGETTI IN ORO | OGGETTI IN LEGNO | SPECCHI | PLACCHETTE
http://w3id.org/zac/81744_lot_1,5,COSTUMES; GANTS | LIBRI | EPEES; DAGUES; POIGNARDS; HACHES; LANCES | OGGETTI VARI | STAMPE E INCISIONI
http://w3id.org/zac/81751_lot_I,5,BRONZI | MAIOLICHE | OGGETTI VARI | PORCELLANE | VETRI
http://w3id.org/zac/81763_lot_3,5,DIPINTI | MOBILI | MARMI | TESSUTI | VASI
http://w3id.org/zac/81767_lot_2,5,ARREDAMENTI | LAMPADE | OGGETTI IN ORO | PIATTI | VASI
http://w3id.org/zac/81767_lot_3,5,CANDELABRI | OGGETTI IN LEGNO | SCUDI | POLTRONE | VASI
http://w3id.org/zac/81769_lot_2,5,BISCOTTI | MINIATURE | LAMPADE | OGGETTI IN LEGNO | SPECCHI
http://w3id.org/zac/81770_lot_18,5,DIPINTI | Argenterie; oreficerie | DISEGNI | PIATTI | PORCELLANE
http://w3id.org/zac/81770_lot_21,5,DIPINTI | CORNICI | Argenterie; oreficerie | STAMPE E INCISIONI | SCATOLE
http://w3id.org/zac/81770_lot_5,5,CORNICI | DIPINTI | Merletti; Stoffe | SCATOLE | PORCELLANE
http://w3id.org/zac/81770_lot_9,5,CORNICI | Argenterie; oreficerie | MAIOLICHE | SCATOLE | PORCELLANE
http://w3id.org/zac/81772_lot_8,5,10 Aprile | 1. aprile | 31 Marzo 1908 | 30 Marzo 1908 | 6 aprile
http://w3id.org/zac/81773_lot_11,5,MINIATURE | MONETE | OGGETTI IN LEGNO | OGGETTI VARI | VASI
http://w3id.org/zac/81773_lot_13,5,MONETE | MINIATURE | OGGETTI VARI | POLTRONE | STAMPE E INCISIONI
http://w3id.org/zac/81773_lot_2,5,INSETTI | MINIATURE | MONETE | VASI | POLTRONE
http://w3id.org/zac/81775_lot_11,5,DIPINTI | CORNICI | Bronzi; Marmi; Terrecotte; Avorii; Legni | Maioliche; Porcellane | MAIOLICHE; PORCELLANE | MINIATURE | Maioliche; porcellane
http://w3id.org/zac/81775_lot_19,5,CORNICI | DIPINTI | Merletti; Stoffe | Maioliche; porcellane | Maioliche; Porcellane | MAIOLICHE; PORCELLANE | MINIATURE
http://w3id.org/zac/81775_lot_21,5,Bronzi; Marmi; Terrecotte; Avorii; Legni | DIPINTI | CORNICI | MINIATURE | PORCELLANE
http://w3id.org/zac/81775_lot_22,5,Bronzi; Marmi; Terrecotte; Avorii; Legni | ARREDAMENTI | DIPINTI | MINIATURE | PIATTI
http://w3id.org/zac/81775_lot_23,5,CORNICI | Bronzi; Marmi; Terrecotte; Avorii; Legni | DIPINTI | MINIATURE | MAIOLICHE; PORCELLANE | Maioliche; Porcellane | Maioliche; porcellane
http://w3id.org/zac/81775_lot_24,5,CORNICI | DIPINTI | Bronzi; Marmi; Terrecotte; Avorii; Legni | Maioliche; porcellane | Maioliche; Porcellane | MAIOLICHE; PORCELLANE | VASI
http://w3id.org/zac/81775_lot_25,5,DIPINTI | Bronzi; Marmi; Terrecotte; Avorii; Legni | MINIATURE | Maioliche; Porcellane | Maioliche; porcellane | MAIOLICHE; PORCELLANE | MOBILI
http://w3id.org/zac/81775_lot_5,5,CORNICI | DIPINTI | MINIATURE | Libri; Legature; Autograf | MOBILI
http://w3id.org/zac/81775_lot_8,5,DIPINTI | CORNICI | Bronzi; Marmi; Terrecotte; Avorii; Legni | Maioliche; Porcellane | Maioliche; porcellane | MAIOLICHE; PORCELLANE | Libri; Legature; Autograf
http://w3id.org/zac/81779_lot_10,5,DIPINTI | CORNICI | MOBILI | Stoffe; Trine; Tappeti | STAMPE E INCISIONI
http://w3id.org/zac/81779_lot_11,5,CORNICI | Bronzi; Marmi; Terrecotte | ARMI | Stoffe; Trine; Tappeti | STAMPE E INCISIONI
http://w3id.org/zac/81779_lot_14,5,Bronzi; Marmi; Terrecotte | DIPINTI | CORNICI | ARMI | Maioliche; Porcellane; Cristallerie
http://w3id.org/zac/81779_lot_21,5,ARMI | DIPINTI | CORNICI | Maioliche; Porcellane; Cristallerie | STAMPE E INCISIONI
http://w3id.org/zac/81784_lot_2,5,DIPINTI | CORNICI | MOBILI | MEDAGLIE | OGGETTI D'ARTE
http://w3id.org/zac/81784_lot_20,5,BASSORILIEVI | DIPINTI | CORNICI | Argenterie; Oggetti d'oro; Oggetti da vetrina | Maioliche; Porcellane | MAIOLICHE; PORCELLANE | Maioliche; porcellane
http://w3id.org/zac/81784_lot_21,5,DIPINTI | CORNICI | MAIOLICHE; PORCELLANE | Maioliche; Porcellane | Maioliche; porcellane | MOBILI | OGGETTI D'ARTE
http://w3id.org/zac/81784_lot_5,5,Argenterie; Oggetti d'oro; Oggetti da vetrina | DIPINTI | MINIATURE | OGGETTI D'ARTE | VASI
http://w3id.org/zac/81790_lot_13,5,DIPINTI | CORNICI | Bronzi; Avori; Terrecotte | MAIOLICHE; PORCELLANE | Maioliche; porcellane | MINIATURE | Maioliche; Porcellane
http://w3id.org/zac/81790_lot_2,5,CORNICI | Bronzi; Avori; Terrecotte | DIPINTI | Maioliche; Porcellane | Maioliche; porcellane | MAIOLICHE; PORCELLANE | MINIATURE
http://w3id.org/zac/81790_lot_24,5,DIPINTI | Bronzi; Avori; Terrecotte | CORNICI | MINIATURE | OGGETTI VARI
http://w3id.org/zac/81790_lot_27,5,CORNICI | DIPINTI | Maioliche; Porcellane | Maioliche; porcellane | MAIOLICHE; PORCELLANE | Incisioni; Libri | OGGETTI VARI
http://w3id.org/zac/81790_lot_31,5,DIPINTI | CORNICI | Bronzi; Avori; Terrecotte | MINIATURE | MAIOLICHE; PORCELLANE | Maioliche; Porcellane | Maioliche; porcellane
http://w3id.org/zac/81790_lot_33,5,DIPINTI | Bronzi; Avori; Terrecotte | CORNICI | MINIATURE | OGGETTI VARI
http://w3id.org/zac/81790_lot_4,5,DIPINTI | Bronzi; Avori; Terrecotte | CORNICI | MAIOLICHE; PORCELLANE | Maioliche; Porcellane | Maioliche; porcellane | MINIATURE
http://w3id.org/zac/81790_lot_5,5,DIPINTI | CORNICI | Bronzi; Avori; Terrecotte | MINIATURE | OGGETTI VARI
http://w3id.org/zac/81790_lot_7,5,CORNICI | DIPINTI | MINIATURE | MAIOLICHE; PORCELLANE | Maioliche; Porcellane | Incisioni; Libri | Maioliche; porcellane
http://w3id.org/zac/81790_lot_8,5,DIPINTI | CORNICI | MINIATURE | Maioliche; porcellane | Maioliche; Porcellane | MAIOLICHE; PORCELLANE | OGGETTI VARI
http://w3id.org/zac/81793_lot_3,5,MAIOLICHE | MOBILI | MARMI | OGGETTI VARI | SCOMPARTI
http://w3id.org/zac/81794_lot_2,5,ARGENTI | CORNICI | DIPINTI | Bronzi; Marmi; Terrecotte | MAIOLICHE; PORCELLANE | Maioliche; porcellane | Maioliche; Porcellane
http://w3id.org/zac/81794_lot_3,5,DIPINTI | ARGENTI | CORNICI | Bronzi; Marmi; Terrecotte | Maioliche; Porcellane | Maioliche; porcellane | MAIOLICHE; PORCELLANE
http://w3id.org/zac/81795_lot_3,5,CORNICI | Bronzi; Marmi; Terrecotte | ARREDAMENTI | DIPINTI | Maioliche; porcellane | Maioliche; Porcellane | MAIOLICHE; PORCELLANE
http://w3id.org/zac/81795_lot_8,5,CORNICI | Bronzi; Marmi; Terrecotte | DIPINTI | BRONZI | MAIOLICHE; PORCELLANE | Maioliche; porcellane | Maioliche; Porcellane
http://w3id.org/zac/81795_lot_9,5,BRONZI | CORNICI | DIPINTI | Maioliche; Porcellane | Maioliche; porcellane | MAIOLICHE; PORCELLANE | MINIATURE
http://w3id.org/zac/81796_lot_4,5,Bronzi; Marmi; Terrecotte; Scolture | CORNICI | DIPINTI | Bronzi; Marmi; Terrecotte | Maioliche; porcellane | Maioliche; Porcellane | MAIOLICHE; PORCELLANE
http://w3id.org/zac/81797_lot_10,5,DIPINTI | Maioliche; porcellane | Maioliche; Porcellane | MAIOLICHE; PORCELLANE | STAMPE E INCISIONI | Trine; Stoffe | TAPPETI
http://w3id.org/zac/81797_lot_16,5,DIPINTI | Bronzi; Marmi; Terrecotte | CORNICI | Maioliche; Porcellane | Maioliche; porcellane | MAIOLICHE; PORCELLANE | VASI
http://w3id.org/zac/81799_lot_9,5,LIBRI | MAIOLICHE | OGGETTI VARI | SCATOLE | REPERTI ARCHEOLOGICI
http://w3id.org/zac/81800_lot_7,5,BRONZI | LIBRI | OGGETTI VARI | TESSUTI | REPERTI ARCHEOLOGICI
http://w3id.org/zac/81804_lot_19,5,CORNICI | DIPINTI | Miniature; Piccoli dipinti | PLACCHETTE | Sculture; Bronzi
http://w3id.org/zac/81807_lot_2,5,ARMI | DIPINTI | CORNICI | MINIATURE | REPERTI ARCHEOLOGICI
http://w3id.org/zac/81807_lot_22,5,CORNICI | DIPINTI | MINIATURE | Maioliche; porcellane | Maioliche; Porcellane | MAIOLICHE; PORCELLANE | VASI
http://w3id.org/zac/81808_lot_8,5,ARREDAMENTI | MOBILI | OGGETTI VARI | SEDIE | TESSUTI
http://w3id.org/zac/81821_lot_6,5,MOBILI | OGGETTI VARI | Stucchi; terrecotte | SCULTURE | Stucchi; Terrecotte | POLTRONE
http://w3id.org/zac/81821_lot_7,5,MOBILI | OGGETTI VARI | POLTRONE | Stucchi; terrecotte | Stucchi; Terrecotte | SCULTURE
http://w3id.org/zac/81821_lot_8,5,OGGETTI VARI | POLTRONE | Stucchi; terrecotte | Stucchi; Terrecotte | SEDIE | SCULTURE
http://w3id.org/zac/81822_lot_4,5,Mercoledi 29 Aprile 1914 | Giovedi 30 Aprile 1914 | OGGETTI VARI | VASI | Sabato 2 Maggio 1914
http://w3id.org/zac/81822_lot_5,5,Mercoledi 29 Aprile 1914 | Giovedi 30 Aprile 1914 | SEDIE | VASI | Sabato 2 Maggio 1914
http://w3id.org/zac/81822_lot_7,5,Giovedi 30 Aprile 1914 | Mercoledi 29 Aprile 1914 | STAMPE E INCISIONI | Sabato 2 Maggio 1914 | POLTRONE
http://w3id.org/zac/81822_lot_9,5,Giovedi 30 Aprile 1914 | LAMPADE | Mercoledi 29 Aprile 1914 | OGGETTI VARI | Sabato 2 Maggio 1914
http://w3id.org/zac/81831_lot_1,5,MOBILI | MARMI | VASI | POLTRONE | SEDIE
http://w3id.org/zac/81831_lot_16,5,MAIOLICHE | MARMI | MOBILI | TESSUTI | VASI
http://w3id.org/zac/81831_lot_17,5,DIPINTI | MARMI | OGGETTI D'ARTE | TESSUTI | POLTRONE
http://w3id.org/zac/81831_lot_20,5,CORNICI | MOBILI | MARMI | OGGETTI D'ARTE | POLTRONE
http://w3id.org/zac/81831_lot_4,5,DIPINTI | MAIOLICHE | OGGETTI D'ARTE | VASI | SEDIE
http://w3id.org/zac/81832_lot_10,5,DIPINTI | MOBILI | LIBRI | OGGETTI D'ARTE | STAMPE E INCISIONI
http://w3id.org/zac/81832_lot_7,5,DIPINTI | MOBILI | LIBRI | OGGETTI D'ARTE | VASI
http://w3id.org/zac/81832_lot_9,5,DIPINTI | LIBRI | MOBILI | OGGETTI VARI | OGGETTI D'ARTE
http://w3id.org/zac/81833_lot_12,5,DIPINTI | LAMPADE | MOBILI | OGGETTI D'ARTE | OGGETTI VARI
http://w3id.org/zac/81833_lot_3,5,DIPINTI | MINIATURE | MOBILI | OGGETTI VARI | OGGETTI D'ARTE
http://w3id.org/zac/81833_lot_5,5,DIPINTI | OGGETTI D'ARTE | OGGETTI IN LEGNO | VASI | POLTRONE
http://w3id.org/zac/81833_lot_7,5,DIPINTI | MOBILI | PIATTI | OGGETTI D'ARTE | VASI
http://w3id.org/zac/81835_lot_11,5,ARMI | BRONZI | AVORI | Mobili; tappeti | MOBILI; TAPPETI | TERRECOTTE
http://w3id.org/zac/81835_lot_5,5,BRONZI | AVORI | ARMI | MOBILI; TAPPETI | Mobili; tappeti | TERRECOTTE
http://w3id.org/zac/81835_lot_7,5,BRONZI | AVORI | ARMI | MOBILI; TAPPETI | Mobili; tappeti | TERRECOTTE
http://w3id.org/zac/81835_lot_9,5,ARMI | MOBILI; TAPPETI | MINIATURE | Mobili; tappeti | TERRECOTTE | VASI
http://w3id.org/zac/81836_lot_4,5,DIPINTI | Mobili; Incisioni | MOBILI | Miniature; Quadri | Quadri; Miniature
http://w3id.org/zac/81836_lot_5,5,Miniature; Quadri | MINIATURE | Mobili; Incisioni | MOBILI | Quadri; Miniature
http://w3id.org/zac/81836_lot_6,5,DIPINTI | CORNICI | Miniature; Quadri | MOBILI | Quadri; Miniature
http://w3id.org/zac/81836_lot_7,5,DIPINTI | MOBILI | Miniature; Quadri | MINIATURE | Quadri; Miniature
http://w3id.org/zac/81865_lot_4,5,CORNICI | MARMI | OGGETTI VARI | STAMPE E INCISIONI | VASI
http://w3id.org/zac/81877_lot_4,5,CANDELABRI | DIPINTI | CORNICI | VASI | STAMPE E INCISIONI
http://w3id.org/zac/81877_lot_9,5,ARREDAMENTI | DIPINTI | LAMPADE | OGGETTI IN LEGNO | VASI
http://w3id.org/zac/81878_lot_4,5,CANDELABRI | LIBRI | OGGETTI VARI | VASI | STAMPE E INCISIONI
http://w3id.org/zac/81878_lot_5,5,CORNICI | LIBRI | OGGETTI IN LEGNO | VASI | POLTRONE
http://w3id.org/zac/81878_lot_6,5,CORNICI | LAMPADE | LIBRI | OGGETTI IN LEGNO | OGGETTI VARI
http://w3id.org/zac/81879_lot_10,5,DISEGNI | MINIATURE | OGGETTI IN LEGNO | OGGETTI VARI | SCOMPARTI
http://w3id.org/zac/81913_lot_12,5,ARMI | MAIOLICHE | OGGETTI VARI | PIATTI | Porcellane; Maioliche | Porcellane; maioliche | PORCELLANE; MAIOLICHE
http://w3id.org/zac/81913_lot_14,5,ARMI | MAIOLICHE | PIATTI | OGGETTI VARI | Porcellane; Maioliche | PORCELLANE; MAIOLICHE | Porcellane; maioliche
http://w3id.org/zac/81920_lot_10,5,CORNICI | NATURE MORTE | OGGETTI VARI | POLTRONE | VASI
http://w3id.org/zac/81920_lot_3,5,DIPINTI | LAMPADE | NATURE MORTE | PANNELLI | POLTRONE
http://w3id.org/zac/81920_lot_6,5,CORNICI | DIPINTI | NATURE MORTE | OGGETTI VARI | VASI
http://w3id.org/zac/81922_lot_3,5,CANDELABRI | ARREDAMENTI | ACQUEFORTI | STAMPE E INCISIONI | POLTRONE
http://w3id.org/zac/81922_lot_5,5,ARREDAMENTI | CORNICI | CANDELABRI | POLTRONE | VASI
http://w3id.org/zac/83647_lot_3,5,ARAZZI | ARREDAMENTI | PANNELLI | OGGETTI IN LEGNO | OGGETTI VARI
http://w3id.org/zac/83658_lot_3,5,MAIOLICHE | OROLOGI | VASI | SMALTI | SCULTURE
http://w3id.org/zac/83695_lot_2,5,OGGETTI D'ARTE ORIENTALE | LIBRI | MAIOLICHE | OGGETTI IN LEGNO | SCULTURE
http://w3id.org/zac/83713_lot_3,5,ARREDAMENTI | ORFEVRERIE; BIJOUX | OGGETTI VARI | OGGETTI IN METALLO | TAPISSERIES; TAPIS | Tapisseries; Tapis
http://w3id.org/zac/83718_lot_10,5,ARREDAMENTI | CERAMICHE | OGGETTI IN LEGNO | OGGETTI LACCATI | VASI
http://w3id.org/zac/83718_lot_11,5,BRONZI | CERAMICHE | PIATTI | OGGETTI LACCATI | SCULTURE
http://w3id.org/zac/83718_lot_4,5,BRONZI | CERAMICHE | OGGETTI VARI | OGGETTI IN LEGNO | OGGETTI LACCATI
http://w3id.org/zac/83718_lot_5,5,CERAMICHE | BASSORILIEVI | OGGETTI VARI | OGGETTI LACCATI | SCULTURE
http://w3id.org/zac/83718_lot_6,5,CERAMICHE | BRONZI | ARREDAMENTI | OGGETTI LACCATI | OGGETTI IN LEGNO
http://w3id.org/zac/83718_lot_9,5,CERAMICHE | BRONZI | OGGETTI IN LEGNO | OGGETTI LACCATI | SCULTURE
http://w3id.org/zac/83721_lot_1,5,CANDELABRI | BISCOTTI | OTTONI | PORCELLANE | PORCELAINES DE SAXE; DE SEVRES PATE TENDRE; PORCELAINES; FAIENCES
http://w3id.org/zac/83749_lot_3,5,MOBILI | OGGETTI VARI | TORCE | STAMPE E INCISIONI | PORCELLANE
http://w3id.org/zac/83749_lot_8,5,BRONZI | BOTTIGLIE | PORCELLANE | SPECCHI | STAMPE E INCISIONI
http://w3id.org/zac/83755_lot_5,5,CERAMICHE | MOBILI | PIATTI | POLTRONE | VETRI
http://w3id.org/zac/83794_lot_3,5,BASSORILIEVI | GIOIELLI | MAIOLICHE | VASI | SMALTI
http://w3id.org/zac/83794_lot_5,5,ARMI | MAIOLICHE | OGGETTI VARI | OGGETTI IN LEGNO | STAMPE E INCISIONI
http://w3id.org/zac/83897_lot_13,5,Bronzes; Pendules | BRONZES; PENDULES | ARREDAMENTI | bronzes; pendules | OGGETTI D'ARTE ORIENTALE | MINIATURE | SCATOLE
http://w3id.org/zac/83899_lot_I,5,OGGETTI VARI | PIATTI | STAMPE E INCISIONI | SCOMPARTI | POLTRONE
http://w3id.org/zac/83900_lot_16,5,MAIOLICHE | PIATTI | OGGETTI IN LEGNO | SMALTI | VASI
http://w3id.org/zac/83905_lot_1,5,ACQUEFORTI | Etoffes; Tapis | MOBILI | Etoffes; tapis | ETOFFES; TAPIS | PORCELLANE | STAMPE E INCISIONI
http://w3id.org/zac/83973_lot_1,5,DENTELLES; ETOFFES | ARAZZI | BIANCHERIA | MOBILI | OGGETTI IN LEGNO
http://w3id.org/zac/83982_lot_3,5,CANDELABRI | BASSORILIEVI | BRONZI | OGGETTI VARI | TORCE
http://w3id.org/zac/83988_lot_I,5,Le Lundi 22 Novembre 1909 | OGGETTI IN METALLO | STAMPE E INCISIONI | PLACCHETTE | PIATTI
http://w3id.org/zac/84015_lot_1,5,BIANCHERIA | MINIATURE | LAMPADE | OGGETTI IN LEGNO | SCULTURE
http://w3id.org/zac/84035_lot_1,5,ARREDAMENTI | OGGETTI VARI | SCATOLE | SPECCHI | STRUMENTI SCIENTIFICI
http://w3id.org/zac/84035_lot_3,5,OGGETTI VARI | OGGETTI IN LEGNO | OROLOGI | VASI | STRUMENTI SCIENTIFICI
http://w3id.org/zac/84070_lot_1,5,ARAZZI | BRONZES; PENDULES | Bronzes; Pendules | BIJOUX; ORFEVRERIE | bronzes; pendules | Faiences; Porcelaines | Faiences; porcelaines | FAIENCES; PORCELAINES | VASI
http://w3id.org/zac/84075_lot_1,5,ARAZZI | OGGETTI D'ARTE ORIENTALE | PIATTI | VASI | PORCELLANE
http://w3id.org/zac/84109_lot_I,5,ARREDAMENTI | DIPINTI | OGGETTI IN PELTRO | OGGETTI VARI | PIATTI
http://w3id.org/zac/84117_lot_I,5,BRONZI | MOBILI | OGGETTI VARI | OGGETTI IN LEGNO | SEDIE
http://w3id.org/zac/84140_lot_3,5,BRONZES; CUIVRES | ARAZZI | Bronzes; Cuivres | OGGETTI IN METALLO | OGGETTI IN LEGNO | VASI
http://w3id.org/zac/84179_lot_3,5,CANDELABRI | BASSORILIEVI | OGGETTI IN LEGNO | OGGETTI VARI | VASI
http://w3id.org/zac/84198_lot_3,5,MAIOLICHE | OGGETTI VARI | OGGETTI IN LEGNO | SCULTURE | PORCELLANE
http://w3id.org/zac/84203_lot_I,5,OGGETTI VARI | OGGETTI IN LEGNO | OGGETTI IN FERRO | SCOMPARTI | STAMPE E INCISIONI
http://w3id.org/zac/84209_lot_3,5,CANDELABRI | BRONZI | Faiences; Porcelaines | FAIENCES; PORCELAINES | Faiences; porcelaines | OTTONI | VASI
http://w3id.org/zac/84249_lot_I,5,BRONZI | MAIOLICHE | OGGETTI IN METALLO | TERRECOTTE | SMALTI
http://w3id.org/zac/84251_lot_3,5,BRONZI | ACQUEFORTI | MOBILI | OGGETTI IN LEGNO | VASI
http://w3id.org/zac/84259_lot_3,5,VASI | PORCELLANE | PORCELAINES; MONTRES | PIATTI | TORCE
http://w3id.org/zac/84259_lot_4,5,ARAZZI | OGGETTI D'ARTE ORIENTALE | OGGETTI IN METALLO | PIATTI | PORCELLANE
http://w3id.org/zac/84278_lot_I,5,ARGENTI | BRONZI | VETRI | VASI | TERRECOTTE
http://w3id.org/zac/84281_lot_I,5,CERAMICHE | OGGETTI IN LEGNO | STAMPE E INCISIONI | VASI | SCULTURE
http://w3id.org/zac/84304_lot_2,5,ANTICHITA' | MINIATURE | MAIOLICHE | OGGETTI VARI | TAPPETI
http://w3id.org/zac/84305_lot_3,5,DECORAZIONI DA PARETE | ARAZZI | MINIATURE | OGGETTI IN METALLO | OGGETTI VARI
http://w3id.org/zac/84312_lot_1,5,BRONZI | CANDELABRI | LAMPADE | SEDIE | VASI
http://w3id.org/zac/84320_lot_1,5,BISCOTTI | ARAZZI | MINIATURE | OGGETTI IN LEGNO | VASI
http://w3id.org/zac/84335_lot_I,5,BIANCHERIA | MINIATURE | OGGETTI IN LEGNO | SCULTURE | PIATTI
http://w3id.org/zac/87357_lot_10,5,CERAMICHE | BRONZI | OGGETTI IN LATTA | OGGETTI VARI | SMALTI
http://w3id.org/zac/87357_lot_2,5,BRONZI | ARGENTI | MAIOLICHE | OGGETTI VARI | OGGETTI IN LATTA
http://w3id.org/zac/87358_lot_10,5,ARGENTI | OGGETTI VARI | OGGETTI IN LEGNO | OGGETTI IN CERA | PORCELLANE
http://w3id.org/zac/87358_lot_11,5,ARGENTI | ARMI | OGGETTI VARI | STAGNI | PORCELLANE
http://w3id.org/zac/87358_lot_I,5,BRONZI | ARGENTI | MINIATURE | OGGETTI IN FERRO | OGGETTI IN LEGNO
http://w3id.org/zac/87361_lot_11,5,ARMI | DIPINTI | Porzellan; Emailen | VASI | VETRI
http://w3id.org/zac/87361_lot_14,5,DIPINTI | ARMI | OGGETTI VARI | OGGETTI IN ORO | VETRI
http://w3id.org/zac/87361_lot_5,5,DIPINTI | ARMI | Mobel; Uhren; Spiegel; Luster | VETRI | PIATTI
http://w3id.org/zac/87361_lot_9,5,ARMI | Mobel; Uhren; Spiegel; Luster | Porzellan; Emailen | VETRI | PORCELLANE
http://w3id.org/zac/87361_lot_I,5,ARMI | CORNICI | OGGETTI D'ARTE | OGGETTI VARI | SCATOLE
http://w3id.org/zac/87363_lot_23,5,Kriegs- und Jagd-Waffen; Jagdgerathschaften | Fayence; glasirte Thonwaaren | OGGETTI IN LATTA | OGGETTI IN FERRO | OGGETTI IN LEGNO
http://w3id.org/zac/87363_lot_30,5,Kostumstucke; Kostume; Stickereien | Kriegs- und Jagd-Waffen; Jagdgerathschaften | Fayence; glasirte Thonwaaren | OGGETTI IN LEGNO | OGGETTI IN FERRO
http://w3id.org/zac/87363_lot_32,5,Fayence; glasirte Thonwaaren | OGGETTI IN LEGNO | OGGETTI VARI | OGGETTI IN LATTA | OGGETTI IN FERRO
http://w3id.org/zac/87363_lot_33,5,Kostumstucke; Kostume; Stickereien | Fayence; glasirte Thonwaaren | Kriegs- und Jagd-Waffen; Jagdgerathschaften | OGGETTI IN FERRO | OGGETTI IN LATTA
http://w3id.org/zac/87363_lot_35,5,Kriegs- und Jagd-Waffen; Jagdgerathschaften | Fayence; glasirte Thonwaaren | OGGETTI IN LATTA | OGGETTI IN FERRO | TESSUTI
http://w3id.org/zac/87363_lot_36,5,Kriegs- und Jagd-Waffen; Jagdgerathschaften | Fayence; glasirte Thonwaaren | OGGETTI IN LATTA | OGGETTI IN LEGNO | VETRI
http://w3id.org/zac/87363_lot_40,5,Kriegs- und Jagd-Waffen; Jagdgerathschaften | OGGETTI IN LATTA | TESSUTI | VASI | VETRI
http://w3id.org/zac/87363_lot_42,5,Bronce; Messingwaaren | Fayence; glasirte Thonwaaren | Kriegs- und Jagd-Waffen; Jagdgerathschaften | OGGETTI VARI | OGGETTI IN LATTA
http://w3id.org/zac/87363_lot_I,5,Kriegs- und Jagd-Waffen; Jagdgerathschaften | MOBILI | OROLOGI | OGGETTI IN LATTA | OGGETTI IN FERRO
http://w3id.org/zac/87374_lot_13,5,Adels-Diplome; Wappen-Diplome; Privilegien-Briefe; Stammbaume | OGGETTI IN METALLO | OGGETTI VARI | OGGETTI IN RAME | OGGETTI IN LEGNO
http://w3id.org/zac/87374_lot_3,5,Arbeiten in Leder; Textil-Arbeiten | Adels-Diplome; Wappen-Diplome; Privilegien-Briefe; Stammbaume | Eisen; Zinn | Munzen; Medaillen | MUNZEN; MEDAILLEN | OGGETTI VARI
http://w3id.org/zac/87379_lot_I,5,DIPINTI | CAMINI | OGGETTI VARI | STAMPE E INCISIONI | SCATOLE
http://w3id.org/zac/87382_lot_12,5,ARGENTI | ALTERTÜMER | BOTTIGLIE | OGGETTI IN FERRO | Riechbüchschen; Flacons
http://w3id.org/zac/87382_lot_6,5,BRONZI | ALTERTÜMER | OGGETTI IN FERRO | TAFEL-GERÄTE | Riechbüchschen; Flacons
http://w3id.org/zac/87389_lot_22,5,Glas; Email-Nippsachen; Bronze; Uhren; Schmuck; Miniaturen | Orden; silberne Pokale; Prachtdegen; Reitpeitschen | OGGETTI IN METALLO | OGGETTI VARI | Porzellan-Figuren; Gefasse; Tassen; Teller
http://w3id.org/zac/87412_lot_3,5,DIPINTI | MOBILI | LAMPADE | OGGETTI VARI | Porzellan; Glaser; Kruge; Majoliken
http://w3id.org/zac/87420_lot_14,5,CERAMICHE | LIBRI | OGGETTI IN METALLO | VETRI | PORCELLANE
http://w3id.org/zac/87420_lot_17,5,LIBRI | Holzschnitzereien; Elfenbeinarbeiten | OGGETTI IN LATTA | PIATTI | VETRI
http://w3id.org/zac/87420_lot_18,5,CERAMICHE | Mobel; Spiegel | Holzschnitzereien; Elfenbeinarbeiten | OGGETTI IN LATTA | VETRI
http://w3id.org/zac/87424_lot_17,5,Gemalde; Stiche | MONETE | Elfenbein; Horn; Bernstein; Speckstein; Alabaster | OGGETTI IN ORO | Porzellan; Fayence; Steingut; Glaser
http://w3id.org/zac/87424_lot_19,5,ARGENTI | OGGETTI IN ORO | OGGETTI VARI | Porzellan; Fayence; Steingut; Glaser | STAMPE E INCISIONI
http://w3id.org/zac/87424_lot_20,5,BRONZI | ARGENTI | Gemalde; Stiche | OGGETTI VARI | Porzellan; Fayence; Steingut; Glaser
http://w3id.org/zac/87424_lot_22,5,BRONZI | MARMI | MONETE | OGGETTI IN ORO | OGGETTI VARI
http://w3id.org/zac/87424_lot_25,5,ARGENTI | MAIOLICHE | Holz; Meubles | OGGETTI IN ORO | Porzellan; Fayence; Steingut; Glaser
http://w3id.org/zac/87426_lot_13,5,DIPINTI | Muinzen; Medaillen | Uhren; Mobel | VETRI | VASI
http://w3id.org/zac/87426_lot_2,5,DIPINTI | Holz; Elfenbein; Miniaturen | Muinzen; Medaillen | VETRI | Uhren; Mobel
http://w3id.org/zac/87426_lot_20,5,Muinzen; Medaillen | OGGETTI IN LEGNO | OGGETTI IN METALLO | VETRI | Uhren; Mobel
http://w3id.org/zac/87426_lot_9,5,LAMPADE | Muinzen; Medaillen | OGGETTI IN METALLO | SCATOLE | Uhren; Mobel
http://w3id.org/zac/87437_lot_12,5,ARMI | MUSIKINSTRUMENTE; UHREN | EISEN; ZINN; METALLE | Hirschgeweih | WAFFEN; RUSTUNGEN
http://w3id.org/zac/87437_lot_14,5,ARMI | MUSIKINSTRUMENTE; UHREN | EISEN; ZINN; METALLE | WAFFEN; RUSTUNGEN | PIATTI
http://w3id.org/zac/87437_lot_3,5,BRONZI | ARMI | MUSIKINSTRUMENTE; UHREN | HOLZSCHNITZEREIEN; WAFFEN; BEKLEIDUNGSSTUCKE | WAFFEN; RUSTUNGEN
http://w3id.org/zac/87462_lot_3,5,MEDAGLIE | Majoliken; Topfereien | OGGETTI IN LEGNO | OGGETTI IN FERRO | PORCELLANE
http://w3id.org/zac/87496_lot_1,5,DIPINTI | Kupferstiche; Radierungen; Lithographieen | Handzeichnungen; Aquarelle | OGGETTI IN LEGNO | OGGETTI VARI
http://w3id.org/zac/87496_lot_100,5,BRONZI | LAMPADE | LUSTRI | OGGETTI VARI | TESSUTI
http://w3id.org/zac/87496_lot_12,5,BRONZI | OGGETTI IN LEGNO | OGGETTI IN LATTA | OGGETTI IN FERRO | Rustungssticke; Kriegs- und Jagd-Waffen
http://w3id.org/zac/87496_lot_16,5,OGGETTI IN LEGNO | OGGETTI IN FERRO | OGGETTI VARI | STAGNI | VASI
http://w3id.org/zac/87496_lot_3,5,OGGETTI IN FERRO | OGGETTI IN RAME | OGGETTI IN LEGNO | STAGNI | Rustungssticke; Kriegs- und Jagd-Waffen
http://w3id.org/zac/87505_lot_10,5,Aquarelle; Kupferstiche | Mobel; Seulpturen | OTTONI | Silber; Elfenbein | Zinn; Eisen; Kupfer; Messing
http://w3id.org/zac/87505_lot_11,5,DIPINTI | Aquarelle; Kupferstiche | Mobel; Seulpturen | OGGETTI IN LATTA | Porzellane; Fayencen; Glaser
http://w3id.org/zac/87505_lot_15,5,DIPINTI | OGGETTI IN LATTA | OGGETTI IN RAME | Silber; Elfenbein | Zinn; Eisen; Kupfer; Messing
http://w3id.org/zac/87505_lot_16,5,DIPINTI | Mobel; Seulpturen | OGGETTI IN LATTA | Zinn; Eisen; Kupfer; Messing | Silber; Elfenbein
http://w3id.org/zac/87505_lot_2,5,DIPINTI | Mobel; Seulpturen | OGGETTI IN LATTA | Zinn; Eisen; Kupfer; Messing | Porzellane; Fayencen; Glaser
http://w3id.org/zac/87505_lot_21,5,DIPINTI | OGGETTI IN LATTA | Porzellane; Fayencen; Glaser | Zinn; Eisen; Kupfer; Messing | Silber; Elfenbein
http://w3id.org/zac/87505_lot_24,5,DIPINTI | OGGETTI IN LATTA | Porzellane; Fayencen; Glaser | Silber; Elfenbein | Zinn; Eisen; Kupfer; Messing
http://w3id.org/zac/87505_lot_8,5,AVORI | Mobel; Seulpturen | OGGETTI IN LATTA | Zinn; Eisen; Kupfer; Messing | Porzellane; Fayencen; Glaser
http://w3id.org/zac/87508_lot_2,5,BRONZI | ANTICHITA' | Fayence; Porcellan; Delft; Steingut | Mobel; Holzsculpturen | OGGETTI IN LEGNO
http://w3id.org/zac/87514_lot_8,5,OTTONI | OGGETTI IN LEGNO | OGGETTI IN LATTA | OGGETTI VARI | PORCELLANE
http://w3id.org/zac/87544_lot_16,5,BASSORILIEVI | OGGETTI IN ORO | POLTRONE | Wand- und Fussteppiche; Textilarbeiten | VASI
http://w3id.org/zac/87544_lot_18,5,CORNICI | DIPINTI | Farbenstiche; Schabkunst- und Linienstiche | OGGETTI IN LEGNO | OGGETTI IN RAME
http://w3id.org/zac/87545_lot_16,5,BASSORILIEVI | MOBEL; EINRICHTUNGSGEGENSTANDE | Mobel; Einrichtungsgegenstande | OGGETTI IN ORO | Wand- und Fussteppiche; Textilarbeiten | VASI
http://w3id.org/zac/87550_lot_I,5,BASSORILIEVI | BIANCHERIA | OGGETTI VARI | OGGETTI IN LEGNO | STAMPE E INCISIONI
http://w3id.org/zac/87593_lot_4,5,BIGIOTTERIA | CORNICI | MINIATURE | OGGETTI IN ORO | SCOMPARTI
http://w3id.org/zac/87595_lot_3,5,AVORI | Majoliken; Fayencen | PIATTI | VETRI | Stein; Leder
http://w3id.org/zac/87598_lot_4,5,CORNICI | OGGETTI IN LEGNO | OGGETTI VARI | PIATTI | SCATOLE
http://w3id.org/zac/87621_lot_8,5,OGGETTI VARI | OGGETTI IN LATTA | OGGETTI IN LEGNO | OGGETTI IN FERRO | STAMPE E INCISIONI
http://w3id.org/zac/87621_lot_9,5,OGGETTI IN PELLE | OGGETTI IN METALLO | OGGETTI VARI | OGGETTI IN LATTA | OGGETTI IN LEGNO
http://w3id.org/zac/87622_lot_2,5,DIPINTI | MINIATURE | OGGETTI IN METALLO | OGGETTI IN RAME | OGGETTI IN LEGNO
http://w3id.org/zac/87650_lot_30,5,BRONZI | OGGETTI IN ORO | Wagen; Gewichte | PORCELLANE | Steingut; Thon; Fayence; Majolika
http://w3id.org/zac/87705_lot_12,5,Brandenburgica; Friedericiana | MINIATURE | gotische Holzstatuetten; Antiquitaten; Autographen | FOTOGRAFIE | Olgemalde; Miniaturen; Munzen; Medaillen
http://w3id.org/zac/87705_lot_25,5,Brandenburgica; Friedericiana | gotische Holzstatuetten; Antiquitaten; Autographen | Olgemalde; Miniaturen; Munzen; Medaillen | STAMPE E INCISIONI | SCATOLE
http://w3id.org/zac/87705_lot_3,5,Brandenburgica; Friedericiana | gotische Holzstatuetten; Antiquitaten; Autographen | OGGETTI IN RAME | OGGETTI IN ORO | Olgemalde; Miniaturen; Munzen; Medaillen
http://w3id.org/zac/87705_lot_5,5,Brandenburgica; Friedericiana | gotische Holzstatuetten; Antiquitaten; Autographen | OGGETTI VARI | Olgemalde; Miniaturen; Munzen; Medaillen | STAMPE E INCISIONI
http://w3id.org/zac/87705_lot_7,5,Brandenburgica; Friedericiana | MEDAGLIE | gotische Holzstatuetten; Antiquitaten; Autographen | Olgemalde; Miniaturen; Munzen; Medaillen | OGGETTI VARI
http://w3id.org/zac/87720_lot_2,5,MOBEL; EINRICHTUNGSGEGENSTANDE | Mobel; Einrichtungsgegenstande | Porzellane; Fayencen; Steinzeug; Glaser; Elfenbein | VASI | Silber; Bronze; Kupfer; Waffen | STAMPE E INCISIONI
http://w3id.org/zac/87720_lot_3,5,ARGENTI | OGGETTI IN ORO | SCOMPARTI | VASI | Porzellane; Fayencen; Steinzeug; Glaser; Elfenbein
http://w3id.org/zac/87742_lot_29,5,ARGENTI | Mobel; Holzgegenstande | Glas; Krystall; Spiegel | OGGETTI VARI | SCATOLE
http://w3id.org/zac/87742_lot_34,5,ARGENTI | Mobel; Holzgegenstande | Glas; Krystall; Spiegel | Messing; Kupfersachen | OGGETTI IN ORO
http://w3id.org/zac/87742_lot_36,5,ARGENTI | ARMI | Messing; Kupfersachen | Mobel; Holzgegenstande | Porzellan; Fayencen; Marmor; Steingut
http://w3id.org/zac/87742_lot_39,5,Messing; Kupfersachen | Mobel; Holzgegenstande | VETRI | Porzellan; Fayencen; Marmor; Steingut | SPECCHI
http://w3id.org/zac/87742_lot_4,5,ARMI | ARGENTI | Messing; Kupfersachen | Mobel; Holzgegenstande | Glas; Krystall; Spiegel
http://w3id.org/zac/87742_lot_40,5,ARGENTI | Messing; Kupfersachen | Glas; Krystall; Spiegel | Mobel; Holzgegenstande | Porzellan; Fayencen; Marmor; Steingut
http://w3id.org/zac/87742_lot_47,5,ARGENTI | Messing; Kupfersachen | Glas; Krystall; Spiegel | Mobel; Holzgegenstande | SPECCHI
http://w3id.org/zac/87742_lot_50,5,Glas; Krystall; Spiegel | Messing; Kupfersachen | Mobel; Holzgegenstande | OGGETTI IN FERRO | VETRI
http://w3id.org/zac/87742_lot_51,5,Glas; Krystall; Spiegel | Mobel; Holzgegenstande | Messing; Kupfersachen | OTTONI | Porzellan; Fayencen; Marmor; Steingut
http://w3id.org/zac/87763_lot_18,5,Altertumer; Kunstgegenstande | OGGETTI IN LEGNO | PLACCHETTE | Plaquettes; Plaquetten | SCATOLE
http://w3id.org/zac/87773_lot_10,5,DIPINTI | Mobel; Figuren | LAMPADE | Waffen; Gobelin; Facher | VETRI
http://w3id.org/zac/87773_lot_14,5,BRONZI | DIPINTI | Mobel; Figuren | Waffen; Gobelin; Facher | Silber; Bronze
http://w3id.org/zac/87773_lot_32,5,DIPINTI | Mobel; Figuren | OGGETTI IN LEGNO | OGGETTI IN ORO | Silber; Bronze
http://w3id.org/zac/87773_lot_33,5,DIPINTI | Mobel; Figuren | PIATTI | Silber; Bronze | Porzellane; Fayencen; Steinzeug
http://w3id.org/zac/87785_lot_17,5,MOBILI | MEDAGLIE | Munzen; Medaillen | MUNZEN; MEDAILLEN | OGGETTI IN LATTA | PORCELLANE
http://w3id.org/zac/87802_lot_3,5,DIPINTI | ACQUEFORTI | OGGETTI VARI | Seelandschaften | STAMPE E INCISIONI
http://w3id.org/zac/87807_lot_12,5,Antiquitaten; Kunstgegenstande; Mobel | ARGENTI | ACQUERELLI | OGGETTI IN LATTA | OGGETTI IN METALLO
http://w3id.org/zac/87807_lot_14,5,ACQUERELLI | ARGENTI | Antiquitaten; Kunstgegenstande; Mobel | OGGETTI IN LATTA | OGGETTI IN METALLO
http://w3id.org/zac/87807_lot_15,5,Antiquitaten; Kunstgegenstande; Mobel | ARGENTI | ACQUERELLI | OGGETTI IN LATTA | OGGETTI IN METALLO
http://w3id.org/zac/87807_lot_18,5,Antiquitaten; Kunstgegenstande; Mobel | ARGENTI | ACQUERELLI | OGGETTI IN LATTA | OGGETTI IN METALLO
http://w3id.org/zac/87807_lot_2,5,ARMI | Antiquitaten; Kunstgegenstande; Mobel | ARGENTI | OGGETTI IN METALLO | OGGETTI IN LATTA
http://w3id.org/zac/87807_lot_21,5,Antiquitaten; Kunstgegenstande; Mobel | ARGENTI | OGGETTI IN LATTA | OGGETTI IN METALLO | OGGETTI IN LEGNO
http://w3id.org/zac/87807_lot_4,5,Antiquitaten; Kunstgegenstande; Mobel | ARGENTI | OGGETTI IN METALLO | OGGETTI IN LATTA | PORCELLANE
http://w3id.org/zac/87807_lot_9,5,ACQUERELLI | ARGENTI | Antiquitaten; Kunstgegenstande; Mobel | OGGETTI IN METALLO | OGGETTI IN LATTA
http://w3id.org/zac/87814_lot_15,5,BASTONI | Antiquitaten; Kunstgegenstande | OGGETTI IN ORO | OGGETTI VARI | OGGETTI IN METALLO
http://w3id.org/zac/87814_lot_3,5,ARGENTI | Antiquitaten; Kunstgegenstande | OGGETTI IN METALLO | Porzellan; Fayence; Glas | VETRI
http://w3id.org/zac/87823_lot_2,5,BIANCHERIA | OGGETTI D'ARTE | OGGETTI IN ORO | PORCELLANE | SPECCHI
http://w3id.org/zac/87823_lot_3,5,BIANCHERIA | LIBRI | OGGETTI VARI | SILBER; BRONZEN; MOBEL; TEXTILIEN; TEPPICHE; JAPAN- UND CHINA-PORZELLAN; FAYENCE | SCOMPARTI
http://w3id.org/zac/87830_lot_10,5,Miniaturen; Munzen; Elfenbein | MINIATURE | Metall; Waffen | PORZELLAN; FAYENCE | STAMPE E INCISIONI | Porzellan; Fayence
http://w3id.org/zac/87830_lot_11,5,AVORI | Miniaturen; Munzen; Elfenbein | OGGETTI IN RAME | OGGETTI IN PIETRA | PORZELLAN; FAYENCE | Porzellan; Fayence
http://w3id.org/zac/87830_lot_18,5,Miniaturen; Munzen; Elfenbein | Metall; Waffen | OGGETTI IN LEGNO | OGGETTI VARI | PORZELLAN; FAYENCE | Porzellan; Fayence
http://w3id.org/zac/87830_lot_21,5,Miniaturen; Munzen; Elfenbein | Metall; Waffen | OGGETTI IN FERRO | OGGETTI IN LATTA | PORZELLAN; FAYENCE | Porzellan; Fayence
http://w3id.org/zac/87830_lot_3,5,MINIATURE | Metall; Waffen | Miniaturen; Munzen; Elfenbein | OGGETTI IN LEGNO | PORZELLAN; FAYENCE | Porzellan; Fayence
http://w3id.org/zac/87830_lot_7,5,MAIOLICHE | LAMPADE | Metall; Waffen | Miniaturen; Munzen; Elfenbein | Porzellan; Fayence | PORZELLAN; FAYENCE
http://w3id.org/zac/87830_lot_8,5,Metall; Waffen | Miniaturen; Munzen; Elfenbein | OGGETTI VARI | Porzellan; Fayence | VASI | PORZELLAN; FAYENCE
http://w3id.org/zac/87830_lot_9,5,Miniaturen; Munzen; Elfenbein | Metall; Waffen | OGGETTI VARI | OGGETTI IN LATTA | PORZELLAN; FAYENCE | Porzellan; Fayence
http://w3id.org/zac/87850_lot_10,5,"Dienstag, den 13. Oktober 1908 | CORNICI | Donnerstag,den 15.Oktober 1908 | Mittwoch,den 14.Oktober 1908 | SCATOLE"
http://w3id.org/zac/87850_lot_12,5,"Dienstag, den 13. Oktober 1908 | Donnerstag,den 15.Oktober 1908 | Mittwoch,den 14.Oktober 1908 | OGGETTI IN LEGNO | OGGETTI IN METALLO"
http://w3id.org/zac/87850_lot_20,5,"Dienstag, den 13. Oktober 1908 | Donnerstag,den 15.Oktober 1908 | Mittwoch,den 14.Oktober 1908 | OGGETTI IN ORO | OGGETTI IN RAME"
http://w3id.org/zac/87850_lot_21,5,"Dienstag, den 13. Oktober 1908 | Donnerstag,den 15.Oktober 1908 | Mittwoch,den 14.Oktober 1908 | OGGETTI IN ORO | VASI"
http://w3id.org/zac/87850_lot_23,5,"Dienstag, den 13. Oktober 1908 | Donnerstag,den 15.Oktober 1908 | Mittwoch,den 14.Oktober 1908 | OGGETTI IN ORO | STAMPE E INCISIONI"
http://w3id.org/zac/87850_lot_5,5,"ARREDAMENTI | Dienstag, den 13. Oktober 1908 | Mittwoch,den 14.Oktober 1908 | Donnerstag,den 15.Oktober 1908 | OGGETTI LACCATI"
http://w3id.org/zac/87851_lot_13,5,ARMI | OGGETTI IN PIOMBO | OGGETTI VARI | VASI | STOFFE; TEPPICHE | Stoffe; Teppiche
http://w3id.org/zac/87851_lot_23,5,ARMI | OGGETTI IN LATTA | OGGETTI IN LEGNO | SPECCHI | Stoffe; Teppiche | STOFFE; TEPPICHE
http://w3id.org/zac/87856_lot_20,5,CANDELABRI | BRONZI | OGGETTI IN LEGNO | TERRECOTTE | Topfereien; Glas
http://w3id.org/zac/87856_lot_8,5,ARMI | DIPINTI | OGGETTI IN FERRO | TERRECOTTE | Topfereien; Glas
http://w3id.org/zac/87856_lot_9,5,DIPINTI | ARMI | OGGETTI IN FERRO | Topfereien; Glas | TERRECOTTE
http://w3id.org/zac/87909_lot_I,5,CAMINI | ARREDAMENTI | OGGETTI VARI | OGGETTI IN LEGNO | VASI
http://w3id.org/zac/87920_lot_3,5,ACQUERELLI | Antiquitaten; Kunstgegenstande; Autographen; Schmucksachen | AUTOGRAFI | LAMPADE | OGGETTI VARI
http://w3id.org/zac/87922_lot_15,5,ARMI | OGGETTI VARI | OGGETTI D'ARTE | OGGETTI IN LEGNO | VASI
http://w3id.org/zac/87929_lot_6,5,ARTI GRAFICHE | ACQUEFORTI | DISEGNI | PIATTI | TESSUTI
http://w3id.org/zac/87974_lot_14,5,ARGENTI | OGGETTI IN FERRO | OGGETTI VARI | TESSUTI | PORCELLANE
http://w3id.org/zac/87974_lot_18,5,ARGENTI | OGGETTI IN FERRO | OGGETTI VARI | SCATOLE | PORCELLANE
http://w3id.org/zac/87974_lot_3,5,ARGENTI | ARREDAMENTI | OGGETTI IN FERRO | OGGETTI IN LEGNO | PORCELLANE
http://w3id.org/zac/87974_lot_4,5,ARGENTI | OGGETTI IN ORO | OGGETTI IN LEGNO | TESSUTI | PORCELLANE
http://w3id.org/zac/87974_lot_7,5,ARGENTI | MARMI | OGGETTI IN FERRO | OGGETTI IN LEGNO | PORCELLANE
http://w3id.org/zac/88026_lot_10,5,ARMI | Aquarelle; Zeichnungen | Bein; Perlmutter; Holzschnitzereien | OGGETTI LITURGICI | OGGETTI IN LATTA
http://w3id.org/zac/88026_lot_11,5,Aquarelle; Zeichnungen | Bein; Perlmutter; Holzschnitzereien | OGGETTI IN ORO | OGGETTI IN LATTA | PORCELLANE
http://w3id.org/zac/88026_lot_22,5,DIPINTI | Aquarelle; Zeichnungen | Gold; Silber | GOLD; SILBER | OGGETTI IN LATTA | PIATTI
http://w3id.org/zac/88026_lot_36,5,Aquarelle; Zeichnungen | ACQUERELLI | Bein; Perlmutter; Holzschnitzereien | CORNICI | PORCELLANE
http://w3id.org/zac/88032_lot_4,5,CORNICI | LIBRI | OGGETTI D'ARTE | TERRECOTTE | PORCELLANE
http://w3id.org/zac/88058_lot_26,5,MOBEL; SPIEGEL; STANDUHREN | DOSEN; TASCHENUHREN; FACHER | LAMPADE | MINIATUREN; OLBILDER; STICHE | PIATTI
http://w3id.org/zac/88058_lot_27,5,CORNICI | MINIATURE | FAYENCE; MAJOLIKA; STEINGUT; GLAS | MOBEL; SPIEGEL; STANDUHREN | MINIATUREN; BILDER; STICHE
http://w3id.org/zac/88063_lot_8,5,Antiquitaten; Kunstgegenstände; Mobel; Teppiche | OGGETTI IN LATTA | OGGETTI VARI | OGGETTI IN LEGNO | VASI
http://w3id.org/zac/88064_lot_2,5,ANTICHITA' | MINIATURE | OGGETTI IN PELLE | OGGETTI D'ARTE | OGGETTI IN LEGNO
http://w3id.org/zac/88067_lot_16,5,BRONZI | Fayence; Majoliken | OGGETTI IN FERRO | PORCELLANE | VETRI
http://w3id.org/zac/88067_lot_21,5,BRONZI | CERAMICHE | Fayence; Majoliken | VETRI | PORCELLANE
http://w3id.org/zac/88067_lot_25,5,BRONZI | CERAMICHE | OGGETTI IN LATTA | PORCELLANE | VETRI
http://w3id.org/zac/88071_lot_11,5,Aquarelle; Drucke | Antiquitaten; Kunstgegenstande | OGGETTI D'ARTE ORIENTALE | OGGETTI LACCATI | VASI
http://w3id.org/zac/88092_lot_11,5,MAIOLICHE | FOTOGRAFIE | OGGETTI IN RAME | SCOMPARTI | PORCELLANE
http://w3id.org/zac/88092_lot_15,5,MAIOLICHE | MOBILI | OGGETTI IN RAME | SCULTURE | PIATTI
http://w3id.org/zac/88092_lot_27,5,ARGENTI | MOBILI | FOTOGRAFIE | OGGETTI VARI | OGGETTI IN RAME
http://w3id.org/zac/88096_lot_5,5,BRONZI | ARMI | Edelmetall; Schmuck | Mobel; Holzarbeiten | MOBEL; HOLZARBEITEN | OGGETTI IN LEGNO
http://w3id.org/zac/88096_lot_7,5,ARMI | MERLETTI | MOBEL; HOLZARBEITEN | Mobel; Holzarbeiten | OGGETTI IN LEGNO | OGGETTI VARI
http://w3id.org/zac/88096_lot_8,5,BRONZI | ARMI | Mobel; Holzarbeiten | MOBEL; HOLZARBEITEN | Facher; Miniaturen | Edelmetall; Schmuck
http://w3id.org/zac/88097_lot_2,5,ARMI | MOBILI | OGGETTI VARI | TERRECOTTE | SCOMPARTI
http://w3id.org/zac/88098_lot_12,5,AVORI | Munzen; Medaillen | Mobel; Holzsculpturen | MUNZEN; MEDAILLEN | OGGETTI IN RAME | OGGETTI IN LATTA
http://w3id.org/zac/88098_lot_17,5,MINIATURE | OGGETTI IN LEGNO | OGGETTI VARI | PORCELLANE | VETRI
http://w3id.org/zac/88098_lot_2,5,DIPINTI | Mobel; Holzsculpturen | Munzen; Medaillen | MUNZEN; MEDAILLEN | OGGETTI IN LEGNO | VASI
http://w3id.org/zac/88098_lot_4,5,CAMINI | DIPINTI | OGGETTI IN LEGNO | Silber; Elfenbein | PORCELLANE
http://w3id.org/zac/88098_lot_8,5,DIPINTI | MOBILI | OGGETTI IN LATTA | OGGETTI IN LEGNO | OGGETTI IN RAME
http://w3id.org/zac/88098_lot_9,5,DIPINTI | MAIOLICHE | MINIATURE | OGGETTI IN LATTA | OGGETTI VARI
http://w3id.org/zac/88102_lot_13,5,FAYENCE; MAJOLIKA; STEINZEUG | Fayence; Majolika; Steinzeug | GLAS; PORZELLAN; ELFENBEIN; GOLD; SILBER; SCHMUCK | MOBEL; DEKORATIONSGEGENSTANDE; STOFFE | PIATTI | VASI
http://w3id.org/zac/88102_lot_14,5,BRONZEN; PLAKETTEN; MEDAILLEN; MUNZEN | GLAS; PORZELLAN; ELFENBEIN; GOLD; SILBER; SCHMUCK | FAYENCE; MAJOLIKA; STEINZEUG | Fayence; Majolika; Steinzeug | LAMPADE | MOBEL; DEKORATIONSGEGENSTANDE; STOFFE
http://w3id.org/zac/88102_lot_20,5,BRONZEN; PLAKETTEN; MEDAILLEN; MUNZEN | GLAS; PORZELLAN; ELFENBEIN; GOLD; SILBER; SCHMUCK | MOBEL; DEKORATIONSGEGENSTANDE; STOFFE | TAPPETI | PIATTI
http://w3id.org/zac/88102_lot_22,5,BRONZEN; PLAKETTEN; MEDAILLEN; MUNZEN | GLAS; PORZELLAN; ELFENBEIN; GOLD; SILBER; SCHMUCK | OGGETTI IN PELLE | OGGETTI IN ORO | TAPPETI
http://w3id.org/zac/88102_lot_27,5,BRONZEN; PLAKETTEN; MEDAILLEN; MUNZEN | MOBEL; DEKORATIONSGEGENSTANDE; STOFFE | GLAS; PORZELLAN; ELFENBEIN; GOLD; SILBER; SCHMUCK | ORIENTALISCHE BRONZEN; WAFFEN | OGGETTI VARI
http://w3id.org/zac/88108_lot_2,5,DIPINTI | Keramik; Glas; Metallarbeiten | Gemalde; Bildwerke | SPARTITI MUSICALI | VASI
http://w3id.org/zac/88108_lot_5,5,CORNICI | Keramik; Glas; Metallarbeiten | Gemalde; Bildwerke | OGGETTI IN LEGNO | SPARTITI MUSICALI
http://w3id.org/zac/88108_lot_8,5,CORNICI | Bildwerke; Gemalde; Decken; Shawls; Romische Lampen | Gemalde; Bildwerke | OGGETTI IN LEGNO | SPARTITI MUSICALI
http://w3id.org/zac/88113_lot_3,5,DIPINTI | Munzen; Medaillen | MUNZEN; MEDAILLEN | OGGETTI IN LEGNO | OGGETTI VARI | Waffen; Geweihe; Antiquitaten; Kunstgegenstande; Mobel; Munzen; Medaillen
http://w3id.org/zac/88114_lot_14,5,MOBILI | OGGETTI IN ORO | OGGETTI IN RAME | PORCELLANE | PIATTI
http://w3id.org/zac/88132_lot_8,5,CERAMICHE | CORNICI | OGGETTI IN METALLO | OGGETTI VARI | OGGETTI IN LEGNO
http://w3id.org/zac/88141_lot_13,5,MAIOLICHE | EMAIL; SILBER; BRONZE; ZINN | MINIATURE | SCATOLE | VETRI
http://w3id.org/zac/88141_lot_16,5,MAIOLICHE | MOBILI | HOLZ; ELFENBEIN; DOSEN; MINIATUREN | OGGETTI VARI | PORCELLANE
http://w3id.org/zac/88141_lot_17,5,MAIOLICHE | MOBILI | OGGETTI VARI | VETRI | SCATOLE
http://w3id.org/zac/88141_lot_21,5,EMAIL; SILBER; BRONZE; ZINN | MAIOLICHE | OGGETTI VARI | VETRI | PORCELLANE
http://w3id.org/zac/88141_lot_23,5,MAIOLICHE | EMAIL; SILBER; BRONZE; ZINN | PORCELLANE | VASI | VETRI
http://w3id.org/zac/88141_lot_24,5,EMAIL; SILBER; BRONZE; ZINN | OGGETTI VARI | OGGETTI IN ORO | VETRI | PORCELLANE
http://w3id.org/zac/88141_lot_32,5,EMAIL; SILBER; BRONZE; ZINN | MAIOLICHE | MOBILI | OGGETTI VARI | PIATTI
http://w3id.org/zac/88142_lot_963,5,Aquarelle; Zeichnungen; Oelstudien | ACQUEFORTI | ACQUERELLI | DISEGNI | STAMPE E INCISIONI
http://w3id.org/zac/88143_lot_1,5,ARMI | AUTOGRAFI | MEDAGLIE | Medaillen; Munzen | OGGETTI IN RAME
http://w3id.org/zac/88144_lot_I,5,AUTOGRAFI | Medailles; monnaies | OGGETTI VARI | OROLOGI | Portraits; estampes; affiches
http://w3id.org/zac/88150_lot_3,5,DIPINTI | CORNICI | Dosen; Miniaturen | Fayencen; Meistergeigen | PIATTI
http://w3id.org/zac/88150_lot_6,5,CRISTALLI | DIPINTI | Dosen; Miniaturen | STAMPE E INCISIONI | TESSUTI
http://w3id.org/zac/88152_lot_2,5,CORNICI | ANTICHITA' | KUPFERSTICHE; LITHOGRAPHIEN | Kupferstiche; Lithographien | PORCELLANE | STAMPE E INCISIONI
http://w3id.org/zac/88152_lot_3,5,ANTICHITA' | KUPFERSTICHE; LITHOGRAPHIEN | Kupferstiche; Lithographien | OGGETTI IN LEGNO | STAMPE E INCISIONI | VETRI
http://w3id.org/zac/88152_lot_4,5,CORNICI | ANTICHITA' | Kupferstiche; Lithographien | KUPFERSTICHE; LITHOGRAPHIEN | VETRI | STAMPE E INCISIONI
http://w3id.org/zac/88152_lot_5,5,ANTICHITA' | Glas; Keramik | GLAS; KERAMIK | Kupferstiche; Lithographien | KUPFERSTICHE; LITHOGRAPHIEN | TESSUTI | STAMPE E INCISIONI
http://w3id.org/zac/88161_lot_2,5,CORNICI | BIANCHERIA | OGGETTI IN LEGNO | OGGETTI IN RAME | VETRI
http://w3id.org/zac/88167_lot_3,5,DIPINTI | CORNICI | OGGETTI VARI | Stoffe; Stickereien | PIATTI
http://w3id.org/zac/88174_lot_2,5,ARGENTI | DECORAZIONI DA PARETE | CAMINI | CORNICI | OGGETTI IN LEGNO
http://w3id.org/zac/88177_lot_5,5,CERAMICHE | DIPINTI | MOBILI | OGGETTI IN ORO | TEPPICHE; STOFFE | Teppiche; Stoffe
http://w3id.org/zac/88177_lot_7,5,CERAMICHE | MOBILI | OGGETTI IN PELLE | TEPPICHE; STOFFE | Teppiche; Stoffe | VASI
http://w3id.org/zac/88179_lot_7,5,CORNICI | ARBEITEN IN STEIN; HOLZ | OGGETTI IN LEGNO | PORZELLAN; FAYENCEN; GLAS | SCATOLE
http://w3id.org/zac/88197_lot_12,5,ARMI | CORNICI | MINIATURE | MOBILI | OGGETTI D'ARTE
http://w3id.org/zac/88197_lot_9,5,CORNICI | MOBILI | OGGETTI D'ARTE | OGGETTI IN ORO | VASI
http://w3id.org/zac/88198_lot_6,5,BRONZI | DIPINTI | GIOIELLI | OGGETTI IN LATTA | STEINZEUG; FAYENCEN | Steinzeug; Fayencen
http://w3id.org/zac/88198_lot_7,5,COPPE | Porzellan; Bronze | PIATTI | Tassen; Teller; Kannen; Figuren | STAMPE E INCISIONI
http://w3id.org/zac/88198_lot_8,5,MINIATUREN; SILHOUETTEN; STICHE | LAMPADE | OGGETTI VARI | STEINZEUG; FAYENCEN | Tassen; Teller; Kannen; Figuren | Steinzeug; Fayencen
http://w3id.org/zac/88198_lot_9,5,DIPINTI | MINIATUREN; SILHOUETTEN; STICHE | MUNZEN; MEDAILLEN | Munzen; Medaillen | OGGETTI VARI | Tassen; Teller; Kannen; Figuren
http://w3id.org/zac/88209_lot_16,5,ACQUEFORTI | MAIOLICHE | MODERNE MOBEL; GEMALDE; KUNSTGEWERBE | OGGETTI IN PELLE | PORCELLANE
http://w3id.org/zac/88209_lot_2,5,CORNICI | OGGETTI IN PELLE | OGGETTI IN LEGNO | OGGETTI IN RAME | PORCELLANE
http://w3id.org/zac/88219_lot_2,5,CANDELABRI | DIPINTI | Holzskulpturen; Broncen | OGGETTI IN LATTA | VETRI
http://w3id.org/zac/88225_lot_50,5,MOBILI | Kupferstiche; Radierungen | MINIATURE | Spitzen; Textilien; Teppiche | PORCELLANE
http://w3id.org/zac/88231_lot_12,5,ACQUERELLI | AQUARELLE; HANDZEICHNUNGEN | Aquarelle; Handzeichnungen | Fayencen; Porzellane; Bronzen; Emaille | OGGETTI IN RAME | PORCELLANE
http://w3id.org/zac/88231_lot_15,5,Fayencen; Porzellane; Bronzen; Emaille | Miniaturen; Dosen | MINIATUREN; DOSEN | OGGETTI IN RAME | STEINZEUG; FAYENCE | PORCELLANE | Steinzeug; Fayence
http://w3id.org/zac/88231_lot_3,5,Elfenbein; Alabaster; Meerschaum | OGGETTI IN ORO | PORCELLANE | Silber; Gold | Steinzeug; Fayence | STEINZEUG; FAYENCE
http://w3id.org/zac/88231_lot_30,5,ACQUERELLI | Miniaturen; Dosen | MOBILI | MINIATUREN; DOSEN | PORCELLANE | Steinzeug; Fayence | STEINZEUG; FAYENCE
http://w3id.org/zac/88231_lot_6,5,ACQUERELLI | OGGETTI IN RAME | STEINZEUG; FAYENCE | Steinzeug; Fayence | PORCELLANE | Silber; Gold
http://w3id.org/zac/88233_lot_10,5,CORNICI | Dosen; Silhouetten | OTTONI | VASI | PORCELLANE
http://w3id.org/zac/88233_lot_25,5,OGGETTI D'ARTE ORIENTALE | Eisen; Zinn; Messing; Kupfer; Bronze | OGGETTI IN LEGNO | PORCELLANE | STAMPE E INCISIONI
http://w3id.org/zac/88233_lot_40,5,CORNICI | Dosen; Silhouetten | OGGETTI IN LEGNO | PORCELLANE | STAMPE E INCISIONI
http://w3id.org/zac/88233_lot_90,5,CORNICI | Dosen; Silhouetten | DISEGNI | Eisen; Zinn; Messing; Kupfer; Bronze | PORCELLANE
http://w3id.org/zac/88237_lot_10,5,Aquarelle; Handzeichnungen; Stahlstiche | ARREDAMENTI | ARMI | TERRECOTTE | TEXTILIEN; TEPPICHE | Textilien; Teppiche
http://w3id.org/zac/88237_lot_12,5,Aquarelle; Handzeichnungen; Stahlstiche | ACQUERELLI | Miniaturen; Silhouetten | Einrichtungsgegenstande; Mobel | TERRECOTTE
http://w3id.org/zac/88237_lot_15,5,ARGENTI | ACQUERELLI | Einrichtungsgegenstande; Mobel | Elfenbein; Meerschaum | TERRECOTTE
http://w3id.org/zac/88237_lot_50,5,OGGETTI D'ARTE ORIENTALE | Einrichtungsgegenstande; Mobel | Miniaturen; Silhouetten | Marmor; Ton | TERRECOTTE
http://w3id.org/zac/88247_lot_5,5,Bronzen; Marmor | Eisen; Zinn; Messing; Kupfer; Waffen | Handzeichnungen; Aquarelle | Kupferstiche; Radierungen | VETRI
http://w3id.org/zac/88247_lot_6,5,ACQUEFORTI | OGGETTI D'ARTE ORIENTALE | Eisen; Zinn; Messing; Kupfer; Waffen | MAIOLICHE | Handzeichnungen; Aquarelle
http://w3id.org/zac/88265_lot_10,5,DIPINTI | MOBILI | OGGETTI VARI | STAMPE E INCISIONI | VETRI
http://w3id.org/zac/88265_lot_2,5,BRONZI | MOBILI | PIATTI | SCULTURE | TESSUTI
http://w3id.org/zac/88265_lot_20,5,MOBILI | OGGETTI VARI | OGGETTI IN FERRO | VASI | SCULTURE
http://w3id.org/zac/88265_lot_30,5,BRONZI | CERAMICHE | MOBILI | FOTOGRAFIE | OGGETTI VARI
http://w3id.org/zac/88265_lot_6,5,CERAMICHE | OGGETTI IN LATTA | OGGETTI VARI | SCULTURE | TESSUTI
http://w3id.org/zac/88302_lot_2,5,Antiquitaten; Mobel | BAULI | CORNICI | OGGETTI IN LEGNO | STAMPE E INCISIONI
http://w3id.org/zac/88320_lot_13,5,MOBILI | MAIOLICHE | OGGETTI IN METALLO | TESSUTI | PORCELLANE
http://w3id.org/zac/88320_lot_14,5,MOBILI | MAIOLICHE | OGGETTI IN METALLO | TESSUTI | PORCELLANE
http://w3id.org/zac/88320_lot_19,5,MAIOLICHE | MOBILI | OGGETTI IN METALLO | TESSUTI | PORCELLANE
http://w3id.org/zac/88320_lot_23,5,MAIOLICHE | MOBILI | OGGETTI IN METALLO | PIATTI | PORCELLANE
http://w3id.org/zac/88320_lot_29,5,MAIOLICHE | MOBILI | OGGETTI IN METALLO | TESSUTI | VETRI
http://w3id.org/zac/88320_lot_31,5,MAIOLICHE | MOBILI | OGGETTI IN METALLO | VETRI | PORCELLANE
http://w3id.org/zac/88320_lot_32,5,MOBILI | MAIOLICHE | OGGETTI IN ORO | OGGETTI IN METALLO | PORCELLANE
http://w3id.org/zac/88320_lot_36,5,MOBILI | MAIOLICHE | OGGETTI IN METALLO | PORCELLANE | VETRI
http://w3id.org/zac/88320_lot_37,5,MAIOLICHE | OGGETTI IN METALLO | VETRI | PIATTI | VASI
http://w3id.org/zac/88320_lot_39,5,MAIOLICHE | OGGETTI IN METALLO | VETRI | TESSUTI | STAMPE E INCISIONI
http://w3id.org/zac/88320_lot_41,5,MAIOLICHE | OGGETTI IN METALLO | OGGETTI IN ORO | TESSUTI | VETRI
http://w3id.org/zac/88320_lot_42,5,MOBILI | MAIOLICHE | OGGETTI IN METALLO | TESSUTI | VETRI
http://w3id.org/zac/88320_lot_45,5,CANDELABRI | MAIOLICHE | OGGETTI IN METALLO | VETRI | PORCELLANE
http://w3id.org/zac/88320_lot_46,5,OGGETTI IN ORO | OGGETTI IN METALLO | PORCELLANE | TESSUTI | VETRI
http://w3id.org/zac/88320_lot_7,5,MAIOLICHE | OGGETTI IN METALLO | PORCELLANE | TESSUTI | VETRI
http://w3id.org/zac/88321_lot_10,5,CORNICI | FAYENCE; MAJOLIKA | Fayence; Majolika | STAMPE E INCISIONI | TESSUTI | PLAKETTEN; MUNZEN; MINIATUREN; BUCHER
http://w3id.org/zac/88321_lot_11,5,ARTI GRAFICHE | OGGETTI IN LEGNO | VASI | STAMPE E INCISIONI | PLAKETTEN; MUNZEN; MINIATUREN; BUCHER
http://w3id.org/zac/88322_lot_15,5,Miniaturen; Silhouetten | Kupferstiche; Radierungen; Holzschnitte; Schabkunstblatter | OGGETTI IN RAME | OGGETTI IN LEGNO | OGGETTI IN LATTA
http://w3id.org/zac/88327_lot_15,5,Holzschnitte; Kupferstiche; Radierungen | OGGETTI IN RAME | STEINZEUG; FAYENCEN | VETRI | PORCELLANE | Steinzeug; Fayencen
http://w3id.org/zac/88327_lot_35,5,Holzschnitte; Kupferstiche; Radierungen | STEINZEUG; FAYENCEN | Steinzeug; Fayencen | Sculpturen; Mobel | Zinn; Messing; Kupfer; Bronzen | PORCELLANE
http://w3id.org/zac/88342_lot_120,5,ARGENTI | MOBILI | PORCELLANE | Stein; Terracotta; Elfenbein | TESSUTI
http://w3id.org/zac/88342_lot_40,5,MOBILI | Gemalde; Miniaturen; Farbstiche | OTTONI | TESSUTI | PORCELLANE
http://w3id.org/zac/88342_lot_6,5,ARGENTI | CORNICI | OGGETTI IN ORO | TESSUTI | PORCELLANE
http://w3id.org/zac/88351_lot_15,5,Handzeichnungen; Aquarelle | Kupferstiche; Radierungen; Lithographien | OGGETTI IN RAME | PORCELLANE | VETRI
http://w3id.org/zac/88351_lot_18,5,Handzeichnungen; Aquarelle | Kupferstiche; Radierungen; Lithographien | Zinn; Messing; Kupfer; Eisen | VETRI | PORCELLANE
http://w3id.org/zac/88362_lot_1,5,FOTOGRAFIE | Holz; Mobel | PORZELLAN; FAYENCE | Porzellan; Fayence | SCATOLE | SCULTURE
http://w3id.org/zac/88362_lot_11,5,LIBRI | DIPINTI | OGGETTI IN ORO | Silhouetten; Miniaturen; Dosen | Stoffe; Stickereien; Teppiche
http://w3id.org/zac/88362_lot_12,5,DIPINTI | OGGETTI IN LEGNO | Silhouetten; Miniaturen; Dosen | Stiche; Reproduktionen | Stoffe; Stickereien; Teppiche
http://w3id.org/zac/88362_lot_13,5,MINIATURE | DIPINTI | LIBRI | Silber; Schmucksticke | Stiche; Reproduktionen
http://w3id.org/zac/88362_lot_15,5,FOTOGRAFIE | LIBRI | DIPINTI | SCULTURE | Silhouetten; Miniaturen; Dosen
http://w3id.org/zac/88362_lot_4,5,LIBRI | DIPINTI | SCULTURE | STAMPE E INCISIONI | Stoffe; Stickereien; Teppiche
http://w3id.org/zac/88362_lot_5,5,LIBRI | DIPINTI | Stoffe; Stickereien; Teppiche | SCULTURE | PORZELLAN; FAYENCE | Porzellan; Fayence
http://w3id.org/zac/88363_lot_1,5,ARREDAMENTI | MOBILI | OGGETTI VARI | PORZELLAN; FAYENCE | Porzellan; Fayence | POLTRONE
http://w3id.org/zac/88367_lot_10,5,Fayence; Steinzeug; Majolika | MOBILI | STAMPE E INCISIONI | PORCELLANE | Teppiche; Gobelins; Stoffe
http://w3id.org/zac/88367_lot_11,5,Fayence; Steinzeug; Majolika | MOBILI | PORCELLANE | STAMPE E INCISIONI | Teppiche; Gobelins; Stoffe
http://w3id.org/zac/88367_lot_15,5,MOBILI | Fayence; Steinzeug; Majolika | PORCELLANE | STAMPE E INCISIONI | Teppiche; Gobelins; Stoffe
http://w3id.org/zac/88367_lot_17,5,BAULI | Fayence; Steinzeug; Majolika | MOBILI | STAMPE E INCISIONI | Teppiche; Gobelins; Stoffe
http://w3id.org/zac/88367_lot_20,5,CORNICI | Fayence; Steinzeug; Majolika | OGGETTI IN LEGNO | Teppiche; Gobelins; Stoffe | STAMPE E INCISIONI
http://w3id.org/zac/88367_lot_23,5,MINIATURE | MOBILI | OGGETTI IN ORO | PIATTI | STAMPE E INCISIONI
http://w3id.org/zac/88367_lot_26,5,Fayence; Steinzeug; Majolika | MOBILI | OGGETTI IN LEGNO | STAMPE E INCISIONI | PORCELLANE
http://w3id.org/zac/88367_lot_32,5,Fayence; Steinzeug; Majolika | OGGETTI IN LEGNO | STAMPE E INCISIONI | Teppiche; Gobelins; Stoffe | TERRECOTTE
http://w3id.org/zac/88367_lot_36,5,Fayence; Steinzeug; Majolika | MOBILI | OGGETTI IN LEGNO | STAMPE E INCISIONI | TERRECOTTE
http://w3id.org/zac/88367_lot_7,5,MOBILI | Teppiche; Gobelins; Stoffe | STAMPE E INCISIONI | SCATOLE | PORCELLANE
http://w3id.org/zac/88374_lot_11,5,MOBILI | MAIOLICHE | TESSUTI | VETRI | PIATTI
http://w3id.org/zac/88374_lot_16,5,MAIOLICHE | MOBILI | OGGETTI IN METALLO | TESSUTI | VETRI
http://w3id.org/zac/88374_lot_28,5,MAIOLICHE | MOBILI | OGGETTI IN METALLO | VETRI | PORCELLANE
http://w3id.org/zac/88374_lot_29,5,MAIOLICHE | MOBILI | OGGETTI IN METALLO | PORCELLANE | VETRI
http://w3id.org/zac/88374_lot_8,5,MOBILI | MAIOLICHE | OGGETTI IN METALLO | PORCELLANE | TESSUTI
http://w3id.org/zac/88377_lot_4,5,AVORI | ACQUEFORTI | HOLZSKULPTUREN; PERSISCHE TEPPICHE | OGGETTI VARI | SILBERNE GERATE; CHINESISCHES PORZELLAN; ELFENBEINMINIATUREN; SPITZEN; FACHERSAMMLUNG
http://w3id.org/zac/88377_lot_5,5,ACQUEFORTI | HOLZSKULPTUREN; PERSISCHE TEPPICHE | OGGETTI VARI | OGGETTI IN ORO | SILBERNE GERATE; CHINESISCHES PORZELLAN; ELFENBEINMINIATUREN; SPITZEN; FACHERSAMMLUNG
http://w3id.org/zac/88379_lot_1,5,Bronze; Messing; Zinn; Eisen | CERAMICHE | ARMI | BRONZE; MESSING; ZINN; EISEN | Kostume; Kleidungsstucke | Gobelins; Teppiche
http://w3id.org/zac/88396_lot_9,5,MAIOLICHE | LAMPADE | DIPINTI | OGGETTI VARI | PORCELLANE
http://w3id.org/zac/88398_lot_10,5,Bronze; Glas; Fayence | Mobel; Gobelins; Teppiche; Skulpturen | OGGETTI LACCATI | OGGETTI VARI | OGGETTI IN LEGNO
http://w3id.org/zac/88398_lot_6,5,Mobel; Gobelins; Teppiche; Skulpturen | OGGETTI VARI | OGGETTI IN LEGNO | PIATTI | VASI
http://w3id.org/zac/88400_lot_23,5,FAYENCE; PORZELLAN | Fayence; Porzellan | FAYENCEN; STEINGUT | Fayencen; Steingut | OGGETTI VARI | PORCELLANE | TESSUTI
http://w3id.org/zac/88400_lot_26,5,CANDELABRI | FAYENCEN; STEINGUT | FAYENCE; PORZELLAN | Fayence; Porzellan | Fayencen; Steingut | PORCELLANE | TESSUTI
http://w3id.org/zac/88400_lot_27,5,CORNICI | FAYENCEN; STEINGUT | Fayencen; Steingut | OGGETTI IN LEGNO | SPECCHI | TESSUTI
http://w3id.org/zac/88400_lot_30,5,Fayencen; Steingut | FAYENCEN; STEINGUT | TESSUTI | PORCELLANE | PORZELLAN; Waffen | PIATTI
http://w3id.org/zac/88400_lot_31,5,ARMI | FAYENCEN; STEINGUT | Fayencen; Steingut | PORCELLANE | PORZELLAN; Waffen | TESSUTI
http://w3id.org/zac/88400_lot_32,5,ARMI | FAYENCEN; STEINGUT | Fayencen; Steingut | TESSUTI | PORZELLAN; Waffen | PORCELLANE
http://w3id.org/zac/88400_lot_40,5,ARMI | Fayencen; Steingut | FAYENCEN; STEINGUT | OGGETTI IN LEGNO | PORZELLAN; Waffen | SCOMPARTI
http://w3id.org/zac/88412_lot_10,5,KLEINKUNST; MINIATUREN; TEXTILIEN | MINIATURE | OGGETTI VARI | OGGETTI IN RAME | PORCELLANE
http://w3id.org/zac/88412_lot_2,5,KLEINKUNST; MINIATUREN; TEXTILIEN | MOBEL; SKULPTUREN | OGGETTI IN LEGNO | OGGETTI VARI | PORCELLANE
http://w3id.org/zac/88412_lot_5,5,MAIOLICHE | MOBEL; SKULPTUREN | KLEINKUNST; MINIATUREN; TEXTILIEN | OGGETTI VARI | PORCELLANE
http://w3id.org/zac/88415_lot_19,5,OGGETTI D'ARTE ORIENTALE | Dritter Tag | OGGETTI IN LEGNO | SPECCHI | SCATOLE
http://w3id.org/zac/88415_lot_9,5,Dritter Tag | OGGETTI D'ARTE ORIENTALE | LAMPADE | SCATOLE | STAMPE E INCISIONI
http://w3id.org/zac/88417_lot_6,5,BRONZI | CORNICI | OGGETTI IN ORO | OGGETTI IN LATTA | SCULTURE
http://w3id.org/zac/88422_lot_16,5,ARGENTI | MAIOLICHE | OGGETTI D'ARTE | VETRI | PORCELLANE
http://w3id.org/zac/88422_lot_18,5,ARGENTI | MAIOLICHE | OGGETTI D'ARTE | OGGETTI IN LEGNO | VETRI
http://w3id.org/zac/88422_lot_19,5,ARGENTI | MAIOLICHE | OGGETTI IN LEGNO | SCATOLE | VETRI
http://w3id.org/zac/88422_lot_20,5,ARGENTI | MAIOLICHE | OGGETTI D'ARTE | OGGETTI IN LEGNO | PORCELLANE
http://w3id.org/zac/88422_lot_21,5,ARGENTI | MAIOLICHE | OGGETTI IN LEGNO | OGGETTI D'ARTE | PORCELLANE
http://w3id.org/zac/88422_lot_3,5,ARGENTI | MAIOLICHE | OGGETTI D'ARTE | STAMPE E INCISIONI | VASI
http://w3id.org/zac/88424_lot_6,5,MOBILI | MINIATURE | OGGETTI VARI | VASI | Textilien; Teppiche | TEXTILIEN; TEPPICHE
http://w3id.org/zac/88424_lot_9,5,MOBILI | MINIATURE | PIATTI | TEXTILIEN; TEPPICHE | Textilien; Teppiche | VASI
http://w3id.org/zac/88444_lot_14,5,OGGETTI IN ORO | OGGETTI D'ARTE | OGGETTI IN LEGNO | TAPPETI | PORCELLANE
http://w3id.org/zac/88444_lot_17,5,MAIOLICHE | OGGETTI D'ARTE | PIATTI | TESSUTI | VETRI
http://w3id.org/zac/88444_lot_26,5,MAIOLICHE | MOBILI | OGGETTI D'ARTE | PORCELLANE | TESSUTI
http://w3id.org/zac/88444_lot_27,5,MOBILI | OGGETTI IN LEGNO | OGGETTI D'ARTE | PORCELLANE | TESSUTI
http://w3id.org/zac/88444_lot_29,5,27. Oktober 1920 | MOBILI | OGGETTI D'ARTE | OGGETTI IN LEGNO | VETRI
http://w3id.org/zac/88462_lot_12,5,CERAMICHE | KUPFER; ZINN | Kupfer; Zinn | OGGETTI IN LEGNO | OGGETTI VARI | TESSUTI
http://w3id.org/zac/88462_lot_13,5,CERAMICHE | LAMPADE | OGGETTI D'ARTE ORIENTALE | SCOMPARTI | TESSUTI
http://w3id.org/zac/88462_lot_14,5,CERAMICHE | KUPFER; ZINN | Kupfer; Zinn | OGGETTI D'ARTE ORIENTALE | SCULTURE | TESSUTI
http://w3id.org/zac/88462_lot_22,5,CERAMICHE | ARGENTI | KUPFERSTICHE; FARBDRUCKE | VETRI | TESSUTI
http://w3id.org/zac/88477_lot_1,5,ARREDAMENTI | MAIOLICHE | OGGETTI IN LEGNO | OGGETTI VARI | PORCELLANE
http://w3id.org/zac/88479_lot_I,5,CORNICI | ARAZZI | COPPE | FOTOGRAFIE | OGGETTI VARI
http://w3id.org/zac/88482_lot_13,5,CORNICI | LAMPADE | OGGETTI IN ORO | VETRI | PORZELLAN; STEINZEUG; FAYENCE
http://w3id.org/zac/88482_lot_20,5,MINIATURE | LAMPADE | OGGETTI VARI | OGGETTI IN RAME | VETRI
http://w3id.org/zac/88482_lot_23,5,27. Oktober 1921 | LAMPADE | OGGETTI IN ORO | VETRI | PORZELLAN; STEINZEUG; FAYENCE
http://w3id.org/zac/88482_lot_3,5,LAMPADE | OGGETTI IN ORO | OGGETTI IN RAME | VETRI | PORZELLAN; STEINZEUG; FAYENCE
http://w3id.org/zac/88482_lot_6,5,LAMPADE | OGGETTI IN RAME | OGGETTI IN ORO | PORZELLAN; STEINZEUG; FAYENCE | VETRI
http://w3id.org/zac/88488_lot_4,5,CORNICI | LAMPADE | MOBEL; TEPPICHE | Mobel; Teppiche | OGGETTI IN ORO | OGGETTI IN LEGNO
http://w3id.org/zac/88495_lot_2,5,CORNICI | DECORAZIONI DA PARETE | DISEGNI | OGGETTI IN LEGNO | OGGETTI VARI
http://w3id.org/zac/88504_lot_11,5,ANTICHITA' | ACQUEFORTI | DIPINTI | OGGETTI VARI | OGGETTI IN RAME
http://w3id.org/zac/88509_lot_1,5,ARGENTI | BRONZI | OGGETTI IN LEGNO | SPECCHI | PIATTI
http://w3id.org/zac/88531_lot_1,5,CORNICI | DIPINTI | MOBILI | OGGETTI VARI | SPECCHI
http://w3id.org/zac/88532_lot_22,5,DIPINTI | OGGETTI VARI | OGGETTI IN ORO | PORZELLAN; FAYENCE; KUNSTGEWERBLICHE ARBEITEN | VASI
http://w3id.org/zac/88532_lot_24,5,DIPINTI | OGGETTI VARI | OGGETTI IN ORO | PORZELLAN; FAYENCE; KUNSTGEWERBLICHE ARBEITEN | PIATTI
http://w3id.org/zac/88544_lot_1,5,OGGETTI D'ARTE ORIENTALE | MOBILI | OGGETTI VARI | OGGETTI IN FERRO | PIATTI
http://w3id.org/zac/88547_lot_11,5,MAIOLICHE | OGGETTI IN LEGNO | OGGETTI IN ORO | PORCELLANE | SPECCHI
http://w3id.org/zac/88547_lot_17,5,PORCELLANE | PIATTI | SCULTURE | VASI | VETRI
http://w3id.org/zac/88547_lot_3,5,LAMPADE | DIPINTI | VETRI | Porzellan; Gruppen; Figuren; Geschirr | PORCELLANE
http://w3id.org/zac/88547_lot_6,5,OGGETTI VARI | OGGETTI IN LEGNO | Porzellan; Gruppen; Figuren; Geschirr | PORCELLANE | VETRI
http://w3id.org/zac/88547_lot_9,5,OGGETTI VARI | OGGETTI IN LEGNO | Porzellan; Gruppen; Figuren; Geschirr | PORCELLANE | VASI
http://w3id.org/zac/88552_lot_1,5,MOBILI | OGGETTI IN PELLE | OGGETTI VARI | OGGETTI IN FERRO | Porzellane; Fayencen
http://w3id.org/zac/88561_lot_5,5,ARREDAMENTI | OGGETTI VARI | OGGETTI IN PIOMBO | OGGETTI IN RAME | OGGETTI IN LEGNO
http://w3id.org/zac/88565_lot_22,5,OGGETTI D'ARTE ORIENTALE | MOBILI | Elfenbein; Miniaturen; Kleinkunst | OGGETTI VARI | STAMPE E INCISIONI
http://w3id.org/zac/88565_lot_26,5,ARGENTI | Elfenbein; Miniaturen; Kleinkunst | MOBILI | STAMPE E INCISIONI | VASI
http://w3id.org/zac/88565_lot_29,5,ARGENTI | OGGETTI D'ARTE ORIENTALE | Elfenbein; Miniaturen; Kleinkunst | MOBILI | OGGETTI IN LEGNO
http://w3id.org/zac/88565_lot_32,5,ARGENTI | CORNICI | Elfenbein; Miniaturen; Kleinkunst | MOBILI | STAMPE E INCISIONI
http://w3id.org/zac/88565_lot_33,5,ARGENTI | BRONZI | OGGETTI D'ARTE ORIENTALE | OGGETTI IN LEGNO | SMALTI
http://w3id.org/zac/88565_lot_36,5,AVORI | MOBILI | Elfenbein; Miniaturen; Kleinkunst | OGGETTI D'ARTE ORIENTALE | SMALTI
http://w3id.org/zac/88565_lot_7,5,ARGENTI | Elfenbein; Miniaturen; Kleinkunst | MOBILI | OGGETTI D'ARTE ORIENTALE | OGGETTI IN LEGNO
http://w3id.org/zac/88565_lot_8,5,ARGENTI | Elfenbein; Miniaturen; Kleinkunst | MOBILI | OGGETTI D'ARTE ORIENTALE | MINIATURE
http://w3id.org/zac/88565_lot_9,5,ARGENTI | AVORI | Elfenbein; Miniaturen; Kleinkunst | MOBILI | OGGETTI VARI
http://w3id.org/zac/88605_lot_4,5,Holzplastik; Kultgegenstande | OGGETTI D'ARTE ORIENTALE | MOBILI | OGGETTI VARI | PORCELLANE
http://w3id.org/zac/88605_lot_5,5,OGGETTI D'ARTE ORIENTALE | MOBILI | Holzplastik; Kultgegenstande | OGGETTI VARI | SCOMPARTI
http://w3id.org/zac/88605_lot_6,5,MOBILI | Holzplastik; Kultgegenstande | OGGETTI D'ARTE ORIENTALE | OGGETTI VARI | PORCELLANE
http://w3id.org/zac/88605_lot_7,5,CANDELABRI | Holzplastik; Kultgegenstande | MOBILI | OGGETTI VARI | PORCELLANE
http://w3id.org/zac/88607_lot_11,5,ARREDAMENTI | Kunstgewerbliche Arbeiten; Kleinkunst aus Edelmetallen | LAMPADE | OGGETTI VARI | Porzellane; Fayence; Steinzeug
http://w3id.org/zac/88607_lot_2,5,ARREDAMENTI | LAMPADE | OGGETTI VARI | OGGETTI IN LEGNO | PORCELLANE
http://w3id.org/zac/88609_lot_105,5,BIANCHERIA | ARMI | OGGETTI D'ARTE ORIENTALE | OGGETTI IN METALLO | VETRI
http://w3id.org/zac/88609_lot_25,5,ARMI | MINIATURE | OGGETTI D'ARTE ORIENTALE | OGGETTI LACCATI | OGGETTI IN METALLO
http://w3id.org/zac/88609_lot_30,5,ARMI | MOBILI | OGGETTI D'ARTE ORIENTALE | OGGETTI IN METALLO | TESSUTI
http://w3id.org/zac/88618_lot_3,5,CORNICI | ARREDAMENTI | CERAMICHE | BRONZE; KUPFER; MESSING; ZINN; TEXTILIEN; FAYENCE-SCHUSSELN | SPECCHI
http://w3id.org/zac/88638_lot_2,5,CORNICI | MOBILI | OGGETTI IN LEGNO | TEPPICHE; FLAMISCHER WANDTEPPICH | VASI
http://w3id.org/zac/88638_lot_3,5,CORNICI | ALABASTRI | MOBILI | SCATOLE | TEPPICHE; FLAMISCHER WANDTEPPICH
http://w3id.org/zac/88646_lot_10,5,BRONZI | MOBEL; HOLZSCHNITZEREIEN; PORZELLAN; FAYENCEN | MAIOLICHE | PERSERTEPPICHE; KELIMS | PORZELLAN; BRONZEN; GLAS
http://w3id.org/zac/88646_lot_15,5,ARGENTI | MOBEL; HOLZSCHNITZEREIEN; PORZELLAN; FAYENCEN | PERSERTEPPICHE; KELIMS | PORZELLAN; BRONZEN; GLAS | PIATTI
http://w3id.org/zac/88646_lot_16,5,MOBEL; HOLZSCHNITZEREIEN; PORZELLAN; FAYENCEN | PERSERTEPPICHE; KELIMS | OGGETTI IN ORO | OGGETTI IN LEGNO | VETRI
http://w3id.org/zac/88646_lot_18,5,BRONZI | MOBEL; HOLZSCHNITZEREIEN; PORZELLAN; FAYENCEN | PERSERTEPPICHE; KELIMS | PORCELLANE | POLTRONE
http://w3id.org/zac/88652_lot_1,5,CERAMICHE | OGGETTI IN LATTA | OGGETTI IN RAME | PIATTI | TESSUTI
http://w3id.org/zac/88652_lot_40,5,CERAMICHE | OGGETTI IN RAME | OGGETTI IN ORO | OGGETTI IN LATTA | TESSUTI
http://w3id.org/zac/88655_lot_2,5,Holzschnitzereien; Mobel | Miniaturen; Dosen; Silhouetten | OGGETTI IN LATTA | PORZELLAN; FAYENCE | VETRI | Porzellan; Fayence
http://w3id.org/zac/88661_lot_5,5,ANTIQUITATEN; GEMALDE | FOTOGRAFIE | MINIATURE | Holzplastik; Perserteppiche; Gemalde | PIATTI
http://w3id.org/zac/88668_lot_11,5,ARGENTI | ALABASTRI | Holz- und Elfenbein-Skulpturen; Bronzekronen; Kandelaber | OGGETTI IN ORO | VASI
http://w3id.org/zac/88668_lot_18,5,Bruisseler und franzosische Gobelins; Point-Arbeiten; Stickereien | ARGENTI | Holz- und Elfenbein-Skulpturen; Bronzekronen; Kandelaber | SCATOLE | SPECCHI
http://w3id.org/zac/88668_lot_2,5,AVORI | LAMPADE | Holz- und Elfenbein-Skulpturen; Bronzekronen; Kandelaber | OGGETTI IN LEGNO | PORCELLANE
http://w3id.org/zac/88668_lot_21,5,BIANCHERIA | BASTONI | ARGENTI | PORCELLANE | TAPPETI
http://w3id.org/zac/88668_lot_3,5,ARGENTI | AVORI | Holz- und Elfenbein-Skulpturen; Bronzekronen; Kandelaber | OGGETTI IN ORO | STAMPE E INCISIONI
http://w3id.org/zac/88668_lot_4,5,Bruisseler und franzosische Gobelins; Point-Arbeiten; Stickereien | ARGENTI | Holz- und Elfenbein-Skulpturen; Bronzekronen; Kandelaber | OGGETTI IN ORO | PORCELLANE
http://w3id.org/zac/88668_lot_5,5,ARGENTI | AVORI | Holz- und Elfenbein-Skulpturen; Bronzekronen; Kandelaber | OGGETTI IN ORO | Palissy-Arbeiten; Majoliken
http://w3id.org/zac/88668_lot_6,5,AVORI | OGGETTI IN ORO | Palissy-Arbeiten; Majoliken | OGGETTI IN LEGNO | SCOMPARTI
http://w3id.org/zac/88679_lot_15,5,ANTICHITA' | Gobelins; Perserteppiche | OGGETTI IN ORO | STAMPE E INCISIONI | TERRECOTTE
http://w3id.org/zac/88679_lot_18,5,ANTICHITA' | Gobelins; Perserteppiche | TERRECOTTE | VASI | STAMPE E INCISIONI
http://w3id.org/zac/88679_lot_3,5,Antiquitaten; Gemalde; Graphik | Gobelins; Perserteppiche | OGGETTI IN ORO | OGGETTI VARI | TERRECOTTE
http://w3id.org/zac/88679_lot_4,5,CORNICI | Gobelins; Perserteppiche | OGGETTI IN LEGNO | OGGETTI IN ORO | TERRECOTTE
http://w3id.org/zac/88679_lot_5,5,Antiquitaten; Gemalde; Graphik | Gobelins; Perserteppiche | OGGETTI IN ORO | OGGETTI IN LEGNO | TERRECOTTE
http://w3id.org/zac/88679_lot_8,5,ANTICHITA' | COPPE | Gobelins; Perserteppiche | OGGETTI IN ORO | TERRECOTTE
http://w3id.org/zac/88681_lot_2,5,ARGENTI | ARAZZI | OGGETTI IN LEGNO | SCULTURE | TERRECOTTE
http://w3id.org/zac/88692_lot_10,5,MOBILI | FOTOGRAFIE | OGGETTI IN ORO | OGGETTI IN LEGNO | SPECCHI
http://w3id.org/zac/88692_lot_16,5,MOBILI | OGGETTI IN ORO | OGGETTI VARI | SPECCHI | SCOMPARTI
http://w3id.org/zac/88692_lot_9,5,CORNICI | MOBILI | OGGETTI IN LEGNO | OGGETTI IN METALLO | STAMPE E INCISIONI
http://w3id.org/zac/88697_lot_6,5,CORNICI | CERAMICHE | OGGETTI IN LEGNO | SCULTURE | PORCELLANE
http://w3id.org/zac/88705_lot_4,5,BAULI | BRONZI | PORZELLAN; FAYENCEN; MAJOLIKA | PORZELLAN; BRONZEN; LACKARBEITEN | PORCELLANE
http://w3id.org/zac/88709_lot_10,5,ARAZZI | DIPINTI | OGGETTI VARI | OGGETTI IN LATTA | OGGETTI IN RAME
http://w3id.org/zac/88709_lot_11,5,ARAZZI | BANDIERE | DIPINTI | OGGETTI IN LEGNO | OGGETTI IN LATTA
http://w3id.org/zac/88709_lot_12,5,ARAZZI | DIPINTI | OGGETTI IN RAME | VASI | POLTRONE
http://w3id.org/zac/88709_lot_2,5,ARAZZI | CORNICI | MAIOLICHE | DIPINTI | STAMPE E INCISIONI
http://w3id.org/zac/88709_lot_22,5,ARAZZI | DIPINTI | OGGETTI VARI | SCATOLE | VASI
http://w3id.org/zac/88709_lot_8,5,DIPINTI | ARAZZI | OGGETTI IN ORO | OGGETTI IN LATTA | SCATOLE
http://w3id.org/zac/88716_lot_2,5,BRONZI | KLEINMOBEL; BRONZEN; CHINAPORZELLAN; KANDELABER; APPLIQUES; LUSTER; PLASTIK | HANDZEICHNUNGEN; KUPFERSTICHE; GEMALDE | OGGETTI IN LEGNO | OGGETTI IN RAME
http://w3id.org/zac/88743_lot_19,5,ARMI | MOBILI | OGGETTI IN LATTA | OGGETTI VARI | VASI
http://w3id.org/zac/88743_lot_21,5,ARMI | LAMPADE | MOBILI | OGGETTI IN LATTA | OGGETTI VARI
http://w3id.org/zac/88743_lot_22,5,ARMI | ARGENTI | LAMPADE | OGGETTI IN LATTA | OGGETTI VARI
http://w3id.org/zac/88745_lot_13,5,OGGETTI IN ORO | PORZELLAN; KERAMIK; ELFENBEINFIGUREN; ZWISCHENGOLDGLASER; BRONZEN | TEPPICHE; DECKEN | SILBER; SCHMUCK | Silber; Schmuck | WIRTSCHAFTSGEGENSTANDE; GESCHIRR
http://w3id.org/zac/88745_lot_21,5,OGGETTI IN PELLE | ORIGINALRADIERUNGEN; REPRODUKTIONEN; PRACHTWERKE; BUCHER | VASI | PORZELLAN; KERAMIK; ELFENBEINFIGUREN; ZWISCHENGOLDGLASER; BRONZEN | STICHE; GEMALDE; PLASTIK
http://w3id.org/zac/88745_lot_23,5,METALL; STEIN; GLAS | MOBILI | VASI | SILBER; SCHMUCK | Silber; Schmuck | STICHE; GEMALDE; PLASTIK
http://w3id.org/zac/88755_lot_17,5,BIANCHERIA | BRONZI | Bronze; Zinn; Bildwerke | MOBILI | Siberarbeiten; Mobel
http://w3id.org/zac/88755_lot_6,5,BRONZI | MOBILI | OGGETTI IN LEGNO | OGGETTI VARI | Siberarbeiten; Mobel
http://w3id.org/zac/88755_lot_I,5,Bronze; Zinn; Bildwerke | MOBILI | OGGETTI IN CERA | TESSUTI | Siberarbeiten; Mobel
http://w3id.org/zac/88765_lot_20,5,ANTICHITA' | FAYENCEN; PORZELLANE | JADEARBEITEN; KERAMIK; BRONZEN; CHINESISCHERKNUPFTEPPICH | OGGETTI IN METALLO | OGGETTI VARI
http://w3id.org/zac/88765_lot_9,5,BRONZI | ANTICHITA' | MOBEL; KERAMIK; SILBER; BRONZEN; UHREN; OSTASIATISCHES KUNSTGEWERBE | JADEARBEITEN; KERAMIK; BRONZEN; CHINESISCHERKNUPFTEPPICH | OGGETTI IN METALLO
http://w3id.org/zac/88766_lot_I,5,OGGETTI IN ORO | OGGETTI D'ARTE | SPECCHI | ROLLBILDER; GRAPHIK | TESSUTI
http://w3id.org/zac/88783_lot_150,5,ARMI | MOBILI | GIOIELLI | VETRI | SCULTURE
http://w3id.org/zac/88783_lot_400,5,ARMI | MOBILI | OGGETTI IN METALLO | Orientteppihe; Textilen | SCULTURE
http://w3id.org/zac/88804_lot_2,5,ARREDAMENTI | BRONZI | MOBILI | SCULTURE | SPARTITI MUSICALI
http://w3id.org/zac/90087_lot_100,5,ARMI | ARBEITEN IN BRONZE; MESSING; KUPFER | GIOIELLI | OGGETTI IN ORO | SPARTITI MUSICALI
http://w3id.org/zac/90087_lot_120,5,ARGENTI | OGGETTI IN FERRO | TERRECOTTE | VETRI | ROSENKRANZE; ROSENKRANZANHANGER
http://w3id.org/zac/90087_lot_150,5,ARGENTI | ARBEITEN IN BRONZE; MESSING; KUPFER | MATHEMATISCHE INSTRUMENTE; OPTISCHE INSTRUMENTE | GIOIELLI | VETRI
http://w3id.org/zac/90087_lot_23,5,ARGENTI | GIOIELLI | OGGETTI VARI | ROSENKRANZE; ROSENKRANZANHANGER | Samte; Brokate; Damaste; Stickereien; Spitzen
http://w3id.org/zac/90087_lot_31,5,ARMI | OGGETTI IN ORO | OGGETTI VARI | OGGETTI IN RAME | VETRI
http://w3id.org/zac/90087_lot_75,5,ARGENTI | MEDAGLIE | OGGETTI IN LEGNO | TERRECOTTE | PORCELLANE
http://w3id.org/zac/90087_lot_8,5,CORNICI | GIOIELLI | MINIATURE | JAGDBESTECKE; JAGDUTENSILIEN | OGGETTI IN ORO
http://w3id.org/zac/90087_lot_I,5,ARMI | GIOIELLI | Dosen; Bichschen | MOBILI | OGGETTI IN LEGNO
http://w3id.org/zac/B1210_lot_5,5,BIANCHERIA | OGGETTI IN LEGNO | OGGETTI VARI | STAMPE E INCISIONI | VASI
http://w3id.org/zac/B1210_lot_9,5,ARREDAMENTI | BISCOTTI | MINIATURE | SCOMPARTI | TORCE
http://w3id.org/zac/B15101_lot_2,5,BIANCHERIA | CANDELABRI | OGGETTI VARI | PORCELLANE | TABACCHIERE
http://w3id.org/zac/B15101_lot_5,5,OGGETTI IN LEGNO | OGGETTI VARI | TABACCHIERE | PORCELLANE | VASI
http://w3id.org/zac/B15101_lot_6,5,OGGETTI VARI | OGGETTI IN LEGNO | VASI | PORCELLANE | TABACCHIERE
http://w3id.org/zac/B15101_lot_I,5,GIOIELLI | LAMPADE | OGGETTI IN LEGNO | VASI | PORCELLANE
http://w3id.org/zac/4454_lot_6,4,BRONZI | BIANCHERIA | OGGETTI VARI | SCOMPARTI
http://w3id.org/zac/4554_lot_8,4,ARAZZI | MOBILI | SCOMPARTI | SCATOLE
http://w3id.org/zac/4868_lot_7,4,DIPINTI | MOBILI | OGGETTI VARI | VASI
http://w3id.org/zac/4868_lot_9,4,GIOIE; ORI; ARGENTI | OGGETTI VARI | VASI | POLTRONE
http://w3id.org/zac/4972_lot_3,4,Maioliche; porcellane | MAIOLICHE; PORCELLANE | MOBILI | Maioliche; Porcellane | OGGETTI IN LEGNO | Stucchi; Terrecotte | Stucchi; terrecotte
http://w3id.org/zac/4972_lot_6,4,DIPINTI | BRONZI | OGGETTI IN LEGNO | Stoffe; Tappeti | Stoffe; tappeti | STOFFE; TAPPETI
http://w3id.org/zac/50063_lot_I,4,ARGENTI | OGGETTI VARI | SCOMPARTI | PORCELLANE
http://w3id.org/zac/50114_lot_15,4,DIPINTI | VELOURS; SOIES; BRODERIES | SCULTURE | SCOMPARTI
http://w3id.org/zac/50114_lot_17,4,DIPINTI | ORFEVRERIES; BIJOUX; OBJETS DE VITRINE | SCULTURE | SCOMPARTI
http://w3id.org/zac/50114_lot_18,4,DIPINTI | OGGETTI IN LEGNO | ORFEVRERIES; BIJOUX; OBJETS DE VITRINE | SCULTURE
http://w3id.org/zac/50114_lot_2,4,DIPINTI | ARAZZI | ORFEVRERIES; BIJOUX; OBJETS DE VITRINE | VELOURS; SOIES; BRODERIES
http://w3id.org/zac/50114_lot_20,4,DIPINTI | PANNELLI | OGGETTI IN LEGNO | SCOMPARTI
http://w3id.org/zac/50114_lot_22,4,DIPINTI | ORFEVRERIES; BIJOUX; OBJETS DE VITRINE | VELOURS; SOIES; BRODERIES | SCOMPARTI
http://w3id.org/zac/50114_lot_23,4,DIPINTI | PANNELLI | SCOMPARTI | SCULTURE
http://w3id.org/zac/50114_lot_25,4,DIPINTI | SCOMPARTI | VELOURS; SOIES; BRODERIES | SCULTURE
http://w3id.org/zac/51205_lot_I,4,ARGENTI | OGGETTI IN LEGNO | OGGETTI LITURGICI | POTTERY; PORCELAINS
http://w3id.org/zac/5444_lot_8,4,ARREDAMENTI | OGGETTI IN LEGNO | TAPISSERIES; ETOFFES | SCATOLE | Tapisseries; Etoffes
http://w3id.org/zac/5507_lot_5,4,ARREDAMENTI | MOBILI | OGGETTI VARI | POLTRONE
http://w3id.org/zac/5541_lot_5,4,ARREDAMENTI | PIATTI | OGGETTI VARI | SEDIE
http://w3id.org/zac/5570_lot_10,4,OGGETTI VARI | STAMPE E INCISIONI | POLTRONE | VASI
http://w3id.org/zac/5725_lot_5,4,MOBILI | PIATTI | OGGETTI IN LEGNO | VASI
http://w3id.org/zac/5725_lot_6,4,BASSORILIEVI | MINIATURE | MOBILI | OGGETTI IN LEGNO
http://w3id.org/zac/5731_lot_6,4,ARMI | OGGETTI IN LEGNO | VASI | STAMPE E INCISIONI
http://w3id.org/zac/5760_lot_4,4,BROCADES; DAMASKS; VELVETS | MOBILI | PLACCHETTE | SPECCHI
http://w3id.org/zac/5760_lot_6,4,BROCADES; DAMASKS; VELVETS | OGGETTI VARI | SMALTI | SPECCHI
http://w3id.org/zac/81742_lot_5,4,BASSORILIEVI | OGGETTI IN LEGNO | PIATTI | SCATOLE
http://w3id.org/zac/81744_lot_11,4,LIBRI | EPEES; DAGUES; POIGNARDS; HACHES; LANCES | OGGETTI VARI | STAMPE E INCISIONI
http://w3id.org/zac/81744_lot_9,4,BIGIOTTERIA | LIBRI | EPEES; DAGUES; POIGNARDS; HACHES; LANCES | STAMPE E INCISIONI
http://w3id.org/zac/81755_lot_3,4,BISCOTTI | MINIATURE | OGGETTI VARI | OGGETTI IN LEGNO
http://w3id.org/zac/81760_lot_2,4,CANDELABRI | BASSORILIEVI | VASI | POLTRONE
http://w3id.org/zac/81767_lot_4,4,BASSORILIEVI | CORNICI | OGGETTI VARI | SEDIE
http://w3id.org/zac/81767_lot_9,4,CORNICI | DECORAZIONI DA PARETE | OGGETTI VARI | POLTRONE
http://w3id.org/zac/81770_lot_2,4,CORNICI | DIPINTI | MAIOLICHE | MINIATURE
http://w3id.org/zac/81770_lot_22,4,DIPINTI | MAIOLICHE | PIATTI | STAMPE E INCISIONI
http://w3id.org/zac/81770_lot_24,4,DIPINTI | Argenterie; oreficerie | MAIOLICHE | PORCELLANE
http://w3id.org/zac/81770_lot_25,4,CORNICI | DIPINTI | MAIOLICHE | SCATOLE
http://w3id.org/zac/81770_lot_26,4,Argenterie; oreficerie | CORNICI | MAIOLICHE | SCATOLE
http://w3id.org/zac/81770_lot_27,4,BRONZI | Bronzi; marmi; terracotte | DIPINTI | STAMPE E INCISIONI
http://w3id.org/zac/81770_lot_35,4,DIPINTI | Argenterie; oreficerie | Bronzi; marmi; terracotte | SCATOLE
http://w3id.org/zac/81770_lot_6,4,CORNICI | DIPINTI | MAIOLICHE | SCATOLE
http://w3id.org/zac/81771_lot_8,4,DIPINTI | ARGENTI | MOBILI | OGGETTI VARI
http://w3id.org/zac/81773_lot_17,4,MONETE | PIATTI | STAMPE E INCISIONI | VASI
http://w3id.org/zac/81773_lot_3,4,MONETE | LAMPADE | VASI | VASI DA FARMACIA
http://w3id.org/zac/81773_lot_6,4,BOTTIGLIE | MONETE | OGGETTI VARI | VASI
http://w3id.org/zac/81774_lot_2,4,ARMI | OGGETTI IN LEGNO | UTENSILES; OBJETS D'USAGE DOMESTIQUE | VENTAGLI
http://w3id.org/zac/81774_lot_5,4,CANONS; MORTIERS; ESPINGARDS | OGGETTI VARI | REPERTI ARCHEOLOGICI | UTENSILES; OBJETS D'USAGE DOMESTIQUE
http://w3id.org/zac/81775_lot_14,4,CORNICI | DIPINTI | MINIATURE | Libri; Legature; Autograf
http://w3id.org/zac/81775_lot_26,4,CORNICI | Medaglie; Placchette | MINIATURE | VASI
http://w3id.org/zac/81775_lot_29,4,MAIOLICHE; PORCELLANE | LAMPADE | MINIATURE | Maioliche; porcellane | Maioliche; Porcellane | PIATTI
http://w3id.org/zac/81775_lot_33,4,CORNICI | Maioliche; Porcellane | Maioliche; porcellane | MOBILI | MAIOLICHE; PORCELLANE | PORCELLANE
http://w3id.org/zac/81775_lot_6,4,DIPINTI | CORNICI | MOBILI | Maioliche; porcellane | Maioliche; Porcellane | MAIOLICHE; PORCELLANE
http://w3id.org/zac/81779_lot_15,4,Bronzi; Marmi; Terrecotte | DIPINTI | Maioliche; Porcellane; Cristallerie | STAMPE E INCISIONI
http://w3id.org/zac/81779_lot_20,4,CORNICI | ARMI | Maioliche; Porcellane; Cristallerie | STAMPE E INCISIONI
http://w3id.org/zac/81779_lot_26,4,ARMI | CORNICI | DIPINTI | Maioliche; Porcellane; Cristallerie
http://w3id.org/zac/81779_lot_27,4,BRONZI | DIPINTI | Maioliche; Porcellane; Cristallerie | STAMPE E INCISIONI
http://w3id.org/zac/81779_lot_29,4,ARMI | DIPINTI | CORNICI | STAMPE E INCISIONI
http://w3id.org/zac/81779_lot_3,4,DIPINTI | Bronzi; Marmi; Terrecotte | CORNICI | STAMPE E INCISIONI
http://w3id.org/zac/81779_lot_4,4,DIPINTI | CORNICI | Maioliche; Porcellane; Cristallerie | STAMPE E INCISIONI
http://w3id.org/zac/81779_lot_5,4,DIPINTI | CORNICI | MOBILI | Maioliche; Porcellane; Cristallerie
http://w3id.org/zac/81779_lot_6,4,DIPINTI | CORNICI | MINIATURE | MOBILI
http://w3id.org/zac/81783_lot_11,4,DIPINTI | CORNICI | OGGETTI D'ARTE | TAPPETI
http://w3id.org/zac/81783_lot_7,4,DIPINTI | MINIATURE | OGGETTI D'ARTE | TAPPETI
http://w3id.org/zac/81783_lot_9,4,DIPINTI | MOBILI | OGGETTI D'ARTE | SEDIE
http://w3id.org/zac/81784_lot_13,4,DIPINTI | BRONZI | CORNICI | DISEGNI
http://w3id.org/zac/81784_lot_16,4,DIPINTI | CORNICI | BRONZI | Argenterie; Oggetti d'oro; Oggetti da vetrina
http://w3id.org/zac/81784_lot_19,4,CORNICI | Argenterie; Oggetti d'oro; Oggetti da vetrina | BRONZI | DIPINTI
http://w3id.org/zac/81784_lot_22,4,CORNICI | DIPINTI | Maioliche; Porcellane | MAIOLICHE; PORCELLANE | Maioliche; porcellane | OGGETTI D'ARTE
http://w3id.org/zac/81790_lot_10,4,Bronzi; Avori; Terrecotte | DIPINTI | CORNICI | MINIATURE
http://w3id.org/zac/81790_lot_16,4,DIPINTI | CORNICI | Bronzi; Avori; Terrecotte | OGGETTI VARI
http://w3id.org/zac/81790_lot_17,4,DIPINTI | Bronzi; Avori; Terrecotte | CORNICI | MAIOLICHE; PORCELLANE | Maioliche; Porcellane | Maioliche; porcellane
http://w3id.org/zac/81790_lot_19,4,CORNICI | Bronzi; Avori; Terrecotte | MINIATURE | VASI
http://w3id.org/zac/81790_lot_3,4,CORNICI | DIPINTI | MAIOLICHE; PORCELLANE | Maioliche; porcellane | MINIATURE | Maioliche; Porcellane
http://w3id.org/zac/81790_lot_30,4,CORNICI | Bronzi; Avori; Terrecotte | MINIATURE | VASI
http://w3id.org/zac/81790_lot_32,4,Bronzi; Avori; Terrecotte | DIPINTI | MINIATURE | OGGETTI VARI
http://w3id.org/zac/81790_lot_9,4,DIPINTI | CORNICI | Maioliche; Porcellane | Maioliche; porcellane | MAIOLICHE; PORCELLANE | OGGETTI VARI
http://w3id.org/zac/81791_lot_2,4,CORNICI | BASSORILIEVI | MINIATURE | LAMPADE
http://w3id.org/zac/81791_lot_3,4,LAMPADE | OGGETTI IN LEGNO | VASI | POLTRONE
http://w3id.org/zac/81793_lot_6,4,MOBILI | MARMI | MAIOLICHE | SCOMPARTI
http://w3id.org/zac/81794_lot_13,4,DIPINTI | CORNICI | Maioliche; porcellane | Maioliche; Porcellane | MAIOLICHE; PORCELLANE | OGGETTI VARI
http://w3id.org/zac/81794_lot_14,4,DIPINTI | CORNICI | MAIOLICHE; PORCELLANE | Maioliche; Porcellane | Maioliche; porcellane | OGGETTI VARI
http://w3id.org/zac/81794_lot_15,4,ARGENTI | DIPINTI | MAIOLICHE; PORCELLANE | Maioliche; porcellane | Maioliche; Porcellane | OGGETTI VARI
http://w3id.org/zac/81794_lot_16,4,ARGENTI | CORNICI | MAIOLICHE; PORCELLANE | Maioliche; Porcellane | Maioliche; porcellane | OGGETTI VARI
http://w3id.org/zac/81794_lot_4,4,DIPINTI | CORNICI | Maioliche; Porcellane | MAIOLICHE; PORCELLANE | Maioliche; porcellane | STAMPE E INCISIONI
http://w3id.org/zac/81794_lot_8,4,CORNICI | Bronzi; Marmi; Terrecotte | Maioliche; porcellane | Maioliche; Porcellane | MAIOLICHE; PORCELLANE | OGGETTI VARI
http://w3id.org/zac/81794_lot_9,4,DIPINTI | CORNICI | Maioliche; porcellane | Maioliche; Porcellane | MAIOLICHE; PORCELLANE | OGGETTI VARI
http://w3id.org/zac/81795_lot_10,4,DIPINTI | CORNICI | MINIATURE | Maioliche; porcellane | Maioliche; Porcellane | MAIOLICHE; PORCELLANE
http://w3id.org/zac/81795_lot_6,4,CORNICI | Bronzi; Marmi; Terrecotte | MINIATURE | Maioliche; porcellane | MAIOLICHE; PORCELLANE | Maioliche; Porcellane
http://w3id.org/zac/81796_lot_14,4,DIPINTI | Bronzi; Marmi; Terrecotte; Scolture | BRONZI | MAIOLICHE; PORCELLANE | Maioliche; Porcellane | Maioliche; porcellane
http://w3id.org/zac/81797_lot_28,4,DIPINTI | Bronzi; Marmi; Terrecotte | MAIOLICHE; PORCELLANE | Maioliche; Porcellane | Maioliche; porcellane | PIATTI
http://w3id.org/zac/81797_lot_6,4,DIPINTI | MOBILI | TAPPETI | STAMPE E INCISIONI
http://w3id.org/zac/81797_lot_8,4,DIPINTI | ARREDAMENTI | Maioliche; porcellane | Maioliche; Porcellane | MAIOLICHE; PORCELLANE | TAPPETI
http://w3id.org/zac/81799_lot_10,4,ACQUEFORTI | LIBRI | MAIOLICHE | REPERTI ARCHEOLOGICI
http://w3id.org/zac/81800_lot_1,4,MAIOLICHE | LIBRI | VASI | REPERTI ARCHEOLOGICI
http://w3id.org/zac/81804_lot_18,4,CORNICI | DIPINTI | Miniature; Piccoli dipinti | Placchette; Medaglie
http://w3id.org/zac/81804_lot_6,4,BRONZI | CORNICI | MOBILI | Placchette; Medaglie
http://w3id.org/zac/81805_lot_1,4,GIOIELLI | VASI | SCULTURE | VETRI
http://w3id.org/zac/81805_lot_25,4,OGGETTI VARI | SCULTURE | VASI | VETRI
http://w3id.org/zac/81805_lot_26,4,BRONZI | GIOIELLI | VASI | TERRECOTTE
http://w3id.org/zac/81805_lot_38,4,Peliké | SCULTURE | VASI | VETRI
http://w3id.org/zac/81805_lot_7,4,BRONZI | TERRECOTTE | VETRI | VASI
http://w3id.org/zac/81805_lot_I,4,BRONZI | VASI | VETRI | TERRECOTTE
http://w3id.org/zac/81807_lot_18,4,DIPINTI | ARMI | MAIOLICHE; PORCELLANE | Maioliche; Porcellane | Maioliche; porcellane | SCULTURE
http://w3id.org/zac/81807_lot_19,4,DIPINTI | MAIOLICHE; PORCELLANE | Maioliche; Porcellane | Maioliche; porcellane | Oggetti diversi; Mobili | SCULTURE
http://w3id.org/zac/81807_lot_23,4,BASSORILIEVI | CORNICI | DIPINTI | Maioliche; porcellane | MAIOLICHE; PORCELLANE | Maioliche; Porcellane
http://w3id.org/zac/81807_lot_24,4,CORNICI | Oggetti diversi; Mobili | SCULTURE | VASI
http://w3id.org/zac/81807_lot_27,4,CORNICI | MAIOLICHE; PORCELLANE | Maioliche; Porcellane | Maioliche; porcellane | Oggetti diversi; Mobili | SCULTURE
http://w3id.org/zac/81807_lot_28,4,CORNICI | Maioliche; Porcellane | Maioliche; porcellane | MAIOLICHE; PORCELLANE | SCULTURE | VASI
http://w3id.org/zac/81807_lot_4,4,DIPINTI | CORNICI | Oggetti diversi; Mobili | SCULTURE
http://w3id.org/zac/81808_lot_13,4,MOBILI | PIATTI | OGGETTI VARI | TESSUTI
http://w3id.org/zac/81808_lot_5,4,DIPINTI | MOBILI | OGGETTI VARI | TESSUTI
http://w3id.org/zac/81808_lot_6,4,MOBILI | OGGETTI VARI | TESSUTI | REPERTI ARCHEOLOGICI
http://w3id.org/zac/81819_lot_15,4,DISEGNI | Objets d'art; meubles | Marbres; Terrecuites; Sculptures | OGGETTI IN LEGNO
http://w3id.org/zac/81819_lot_2,4,DIPINTI | DISEGNI | Objets d'art; meubles | OGGETTI VARI
http://w3id.org/zac/81819_lot_21,4,DIPINTI | DISEGNI | Objets d'art; meubles | TERRECOTTE
http://w3id.org/zac/81819_lot_3,4,DIPINTI | DISEGNI | Objets d'art; meubles | OGGETTI VARI
http://w3id.org/zac/81819_lot_5,4,DIPINTI | DISEGNI | MAIOLICHE | Objets d'art; meubles
http://w3id.org/zac/81819_lot_7,4,DIPINTI | DISEGNI | Marbres; Terrecuites; Sculptures | OGGETTI VARI
http://w3id.org/zac/81819_lot_8,4,ARREDAMENTI | Objets d'art; meubles | DISEGNI | TERRECOTTE
http://w3id.org/zac/81821_lot_9,4,MOBILI | OGGETTI VARI | SEDIE | SCULTURE
http://w3id.org/zac/81822_lot_11,4,Mercoledi 29 Aprile 1914 | Giovedi 30 Aprile 1914 | Sabato 2 Maggio 1914 | VASI
http://w3id.org/zac/81822_lot_6,4,Mercoledi 29 Aprile 1914 | Giovedi 30 Aprile 1914 | OGGETTI VARI | Sabato 2 Maggio 1914
http://w3id.org/zac/81825_lot_I,4,Bronzi; Placchette; Argenti | DIPINTI | MOBILI | Sculture; Terrecotte; Stucchi
http://w3id.org/zac/81829_lot_13,4,DIPINTI | MINIATURE | Maioliche; Porcellane | MAIOLICHE; PORCELLANE | Maioliche; porcellane | VASI
http://w3id.org/zac/81829_lot_2,4,DIPINTI | Maioliche; porcellane | Maioliche; Porcellane | MAIOLICHE; PORCELLANE | Oggetti d'Arte; Mobili | Oggetti d'arte; Mobili | VASI
http://w3id.org/zac/81829_lot_6,4,DIPINTI | MAIOLICHE; PORCELLANE | Maioliche; porcellane | Maioliche; Porcellane | Oggetti d'Arte; Mobili | MINIATURE | Oggetti d'arte; Mobili
http://w3id.org/zac/81831_lot_14,4,CORNICI | MARMI | OGGETTI D'ARTE | TESSUTI
http://w3id.org/zac/81831_lot_18,4,CORNICI | MOBILI | MARMI | TESSUTI
http://w3id.org/zac/81831_lot_19,4,MARMI | OGGETTI IN LEGNO | OGGETTI D'ARTE | POLTRONE
http://w3id.org/zac/81831_lot_21,4,MARMI | MOBILI | OGGETTI D'ARTE | VASI
http://w3id.org/zac/81831_lot_25,4,CORNICI | MOBILI | MARMI | OGGETTI D'ARTE
http://w3id.org/zac/81831_lot_26,4,CORNICI | MOBILI | MARMI | OGGETTI D'ARTE
http://w3id.org/zac/81832_lot_11,4,DIPINTI | LIBRI | OGGETTI D'ARTE | STAMPE E INCISIONI
http://w3id.org/zac/81832_lot_2,4,DIPINTI | MOBILI | LIBRI | OGGETTI D'ARTE
http://w3id.org/zac/81832_lot_8,4,DIPINTI | LIBRI | OGGETTI D'ARTE | STAMPE E INCISIONI
http://w3id.org/zac/81833_lot_10,4,DIPINTI | MINIATURE | OGGETTI D'ARTE | VASI
http://w3id.org/zac/81833_lot_11,4,DIPINTI | MOBILI | OGGETTI D'ARTE | STAMPE E INCISIONI
http://w3id.org/zac/81835_lot_13,4,ARMI | Mobili; tappeti | MOBILI; TAPPETI | TERRECOTTE | SCATOLE
http://w3id.org/zac/81835_lot_8,4,AVORI | ARMI | Mobili; tappeti | MOBILI; TAPPETI | TERRECOTTE
http://w3id.org/zac/81836_lot_10,4,Mobili; Incisioni | Miniature; Quadri | Quadri; Miniature | VASI
http://w3id.org/zac/81836_lot_12,4,MOBILI | MINIATURE | Miniature; Quadri | Quadri; Miniature
http://w3id.org/zac/81836_lot_13,4,ARREDAMENTI | Miniature; Quadri | POLTRONE | Quadri; Miniature
http://w3id.org/zac/81836_lot_18,4,DIPINTI | MOBILI | Miniature; Quadri | SPECCHI
http://w3id.org/zac/81836_lot_9,4,DIPINTI | Miniature; Quadri | MINIATURE | VASI
http://w3id.org/zac/81837_lot_3,4,DIPINTI | MINIATURE | MOBILI; TAPPETI | Mobili; tappeti | OGGETTI D'ARTE
http://w3id.org/zac/81837_lot_4,4,DIPINTI | MOBILI; TAPPETI | Mobili; tappeti | OGGETTI D'ARTE | PIATTI
http://w3id.org/zac/81837_lot_9,4,DIPINTI | OGGETTI D'ARTE | PIATTI | TAPPETI
http://w3id.org/zac/81839_lot_20,4,Argenterie; Oggetti d'arte; Miniature; Quadri | Oggetti d'arte; Quadri | Mobili; Oggetti d'arte | VASI
http://w3id.org/zac/81839_lot_3,4,Argenterie; Oggetti d'arte; Miniature; Quadri | DIPINTI | Mobili; Oggetti d'arte | Oggetti d'arte; Quadri
http://w3id.org/zac/81839_lot_4,4,Argenterie; Oggetti d'arte; Miniature; Quadri | DIPINTI | Mobili; Oggetti d'arte | Oggetti d'arte; Quadri
http://w3id.org/zac/81839_lot_5,4,Argenterie; Oggetti d'arte; Miniature; Quadri | Oggetti d'arte; Quadri | Oggetti d'arte; Miniature; Quadri | Mobili; Oggetti d'arte
http://w3id.org/zac/81839_lot_7,4,DIPINTI | Oggetti d'arte; Quadri | Mobili; Oggetti d'arte | OGGETTI VARI
http://w3id.org/zac/81839_lot_8,4,CORNICI | Oggetti d'arte; Quadri | PIATTI | VASI
http://w3id.org/zac/81845_lot_6,4,CORNICI | ARREDAMENTI | SEDIE | STAMPE E INCISIONI
http://w3id.org/zac/81860_lot_8,4,Condizioni di Vendita | OGGETTI VARI | SEDIE | VASI
http://w3id.org/zac/81865_lot_2,4,MODELLI | MARMI | OGGETTI IN LEGNO | POLTRONE
http://w3id.org/zac/81865_lot_3,4,ARAZZI | MARMI | OGGETTI VARI | POLTRONE
http://w3id.org/zac/81867_lot_15,4,LAMPADE | OGGETTI IN LEGNO | PIATTI | OGGETTI VARI
http://w3id.org/zac/81877_lot_7,4,DIPINTI | CORNICI | LAMPADE | VASI
http://w3id.org/zac/81878_lot_2,4,CORNICI | LIBRI | VASI | STAMPE E INCISIONI
http://w3id.org/zac/81878_lot_3,4,CORNICI | LIBRI | OGGETTI VARI | STAMPE E INCISIONI
http://w3id.org/zac/81879_lot_2,4,CORNICI | Quadri Moderni; Disegni | POLTRONE | SPECCHI
http://w3id.org/zac/81879_lot_4,4,MINIATURE | DISEGNI | OGGETTI VARI | PIATTI
http://w3id.org/zac/81913_lot_11,4,ARMI | MOBILI | OGGETTI VARI | Porcellane; Maioliche | PORCELLANE; MAIOLICHE | Porcellane; maioliche
http://w3id.org/zac/81913_lot_13,4,ARMI | MAIOLICHE | OGGETTI VARI | Porcellane; maioliche | Porcellane; Maioliche | PORCELLANE; MAIOLICHE
http://w3id.org/zac/81913_lot_15,4,MAIOLICHE | OGGETTI VARI | PIATTI | Porcellane; maioliche | Porcellane; Maioliche | PORCELLANE; MAIOLICHE
http://w3id.org/zac/81921_lot_62,4,ARAZZI | ARREDAMENTI | MINIATURE | STAMPE E INCISIONI
http://w3id.org/zac/81922_lot_8,4,ARREDAMENTI | LAMPADE | OGGETTI IN LEGNO | VASI
http://w3id.org/zac/81960_lot_I,4,BOTTIGLIE | Federazione Naz. Fascista Antichita Artistici e Culturali | MINIATURE | PANNELLI
http://w3id.org/zac/81966_lot_7,4,OGGETTI D'ARTE | PIATTI | POLTRONE | VASI
http://w3id.org/zac/81974_lot_15,4,CORNICI | CANDELABRI | PIATTI | VASI
http://w3id.org/zac/81980_lot_2,4,MOBILI | OGGETTI IN METALLO | STOFFE; VELLUTI | SCULTURE
http://w3id.org/zac/81980_lot_3,4,MOBILI | OGGETTI IN METALLO | STOFFE; VELLUTI | TAPPETI
http://w3id.org/zac/83658_lot_1,4,LIBRI | MAIOLICHE | SCULTURE | VASI
http://w3id.org/zac/83686_lot_I,4,ARREDAMENTI | DIPINTI | DISEGNI | OGGETTI IN LEGNO
http://w3id.org/zac/83695_lot_4,4,MAIOLICHE | MOBILI | LIBRI | OGGETTI VARI
http://w3id.org/zac/83695_lot_6,4,MOBILI | MAIOLICHE | LIBRI | VASI
http://w3id.org/zac/83695_lot_7,4,MOBILI | LIBRI | OGGETTI IN METALLO | OGGETTI IN LEGNO
http://w3id.org/zac/83696_lot_3,4,ACQUEFORTI | Faiences; porcelaines | Faiences; Porcelaines | FAIENCES; PORCELAINES | OGGETTI IN LEGNO | VASI
http://w3id.org/zac/83696_lot_6,4,Faiences; porcelaines | Faiences; Porcelaines | FAIENCES; PORCELAINES | MOBILI | OGGETTI VARI | PIATTI
http://w3id.org/zac/83701_lot_3,4,BASSORILIEVI | MINIATURE | OGGETTI IN LEGNO | PORCELLANE
http://w3id.org/zac/83707_lot_1,4,ARREDAMENTI | BASSORILIEVI | MAIOLICHE | OGGETTI VARI
http://w3id.org/zac/83712_lot_5,4,ARREDAMENTI | GIOIELLI | MOBILI | OGGETTI IN LEGNO
http://w3id.org/zac/83718_lot_12,4,CERAMICHE | BISCOTTI | OGGETTI LACCATI | PIATTI
http://w3id.org/zac/83718_lot_2,4,BRONZI | CERAMICHE | OGGETTI LACCATI | SCULTURE
http://w3id.org/zac/83718_lot_8,4,CERAMICHE | BRONZI | OGGETTI IN LEGNO | OGGETTI LACCATI
http://w3id.org/zac/83746_lot_3,4,MINIATURE | LAQUES DU JAPON | OGGETTI D'ARTE | SMALTI
http://w3id.org/zac/83749_lot_5,4,BASSORILIEVI | SCATOLE | VASI | STAMPE E INCISIONI
http://w3id.org/zac/83749_lot_6,4,BRONZI | STAMPE E INCISIONI | SCULTURE | PORCELLANE
http://w3id.org/zac/83749_lot_7,4,BRONZI | STAMPE E INCISIONI | SCULTURE | PORCELLANE
http://w3id.org/zac/83749_lot_9,4,CANDELABRI | MOBILI | STAMPE E INCISIONI | PORCELLANE
http://w3id.org/zac/83755_lot_6,4,MOBILI | VASI | VETRI | POLTRONE
http://w3id.org/zac/83755_lot_8,4,CUIVRES; FERS; ETAINS | TAPISSERIES; TAPIS | POLTRONE | Tapisseries; Tapis | SCOMPARTI
http://w3id.org/zac/83760_lot_1,4,ARREDAMENTI | DIPLOMES; GRAVURES; LIVRES | OGGETTI VARI | TABLIERS; CORDONS
http://w3id.org/zac/83760_lot_I,4,DIPLOMES; GRAVURES; LIVRES | MEDAGLIE | PIATTI | SCATOLE
http://w3id.org/zac/83768_lot_11,4,ACQUEFORTI | ARREDAMENTI | LAMPADE | OGGETTI IN LEGNO
http://w3id.org/zac/83780_lot_1,4,ARAZZI | FAIENCES; PORCELAINES | Faiences; Porcelaines | Faiences; porcelaines | GIOIELLI | OGGETTI IN LEGNO
http://w3id.org/zac/83781_lot_1,4,BASSORILIEVI | OGGETTI IN METALLO | PORCELLANE | TESSUTI
http://w3id.org/zac/83858_lot_5,4,BRONZES; CUIVRES | Bronzes; Cuivres | MAIOLICHE | OGGETTI IN LEGNO | PORCELAINES; GRES
http://w3id.org/zac/83858_lot_6,4,BISCOTTI | BASSORILIEVI | MAIOLICHE | OGGETTI IN LEGNO
http://w3id.org/zac/83896_lot_1,4,BISCOTTI | OGGETTI VARI | TORCE | PORCELLANE
http://w3id.org/zac/83896_lot_15,4,ACQUEFORTI | BISCOTTI | MOBILI | OGGETTI IN LEGNO
http://w3id.org/zac/83900_lot_18,4,LAMPADE | OGGETTI IN LEGNO | VASI | TESSUTI
http://w3id.org/zac/83905_lot_3,4,OGGETTI D'ARTE ORIENTALE | PORCELLANE | SCULTURE | STAMPE E INCISIONI
http://w3id.org/zac/83909_lot_3,4,ACQUEFORTI | MOBILI | LAMPADE | OGGETTI IN LEGNO
http://w3id.org/zac/83932_lot_1,4,ANTICHITA' | MAIOLICHE | OGGETTI VARI | VASI
http://w3id.org/zac/83932_lot_6,4,MARBRES; PIERRES | OGGETTI IN LEGNO | VETRI | SMALTI
http://w3id.org/zac/83966_lot_3,4,DECORAZIONI DA PARETE | ETENDARDS; ETOFFES | PANNELLI | OGGETTI IN METALLO
http://w3id.org/zac/84028_lot_3,4,BRONZI | OGGETTI VARI | SMALTI | PORCELLANE
http://w3id.org/zac/84029_lot_1,4,BOTTIGLIE | GIOIELLI | OGGETTI IN METALLO | OGGETTI VARI
http://w3id.org/zac/84040_lot_3,4,BISCOTTI | MINIATURES; BOITES | MINIATURE | SCOMPARTI
http://w3id.org/zac/84072_lot_3,4,BAULI | GIOIELLI | OGGETTI IN LEGNO | SEDIE
http://w3id.org/zac/84074_lot_3,4,COLLIERS; CHAPELETS DE PERLES | GIOIELLI | OGGETTI D'ARTE | OGGETTI VARI
http://w3id.org/zac/84074_lot_33,4,COLLIERS; CHAPELETS DE PERLES | GIOIELLI | OGGETTI VARI | OGGETTI D'ARTE
http://w3id.org/zac/84107_lot_1,4,BISCOTTI | OGGETTI D'ARTE ORIENTALE | OGGETTI VARI | OGGETTI IN METALLO
http://w3id.org/zac/84107_lot_3,4,ACQUEFORTI | LAMPADE | OGGETTI IN LEGNO | TORCE
http://w3id.org/zac/84136_lot_3,4,MINIATURE | MINIATURES; BOITES | SCATOLE | SEDIE
http://w3id.org/zac/84149_lot_1,4,ARAZZI | ARREDAMENTI | PANNELLI | OGGETTI IN LEGNO
http://w3id.org/zac/84209_lot_6,4,FAIENCES; PORCELAINES | MEDAGLIE | Faiences; Porcelaines | Faiences; porcelaines | PLACCHETTE | SMALTI
http://w3id.org/zac/84216_lot_3,4,MINIATURE | PANNELLI | TABACCHIERE | SCATOLE
http://w3id.org/zac/84228_lot_1,4,BASSORILIEVI | GIOIELLI | OGGETTI VARI | OGGETTI IN LEGNO
http://w3id.org/zac/84249_lot_1,4,GIOIELLI | MAIOLICHE | OGGETTI IN METALLO | SCULTURE
http://w3id.org/zac/84249_lot_23,4,BAULI | ARAZZI | MAIOLICHE | MOBILI
http://w3id.org/zac/84249_lot_3,4,MAIOLICHE | OGGETTI IN LEGNO | SMALTI | PIATTI
http://w3id.org/zac/84257_lot_I,4,BIGIOTTERIA | BRONZI | OGGETTI IN LEGNO | PLACCHETTE
http://w3id.org/zac/84275_lot_8,4,CANDELABRI | bronzes; pendules | Bronzes; Pendules | BRONZES; PENDULES | LUSTRI | VASI
http://w3id.org/zac/84295_lot_3,4,BISCUITS; FAIENCES | BIANCHERIA | MEUBLES; VITRINES; PIANOS | OGGETTI IN LEGNO
http://w3id.org/zac/84304_lot_5,4,Antiquites Grecques; Antiquites Romaines | ANTICHITA' | MAIOLICHE | OGGETTI VARI
http://w3id.org/zac/84304_lot_6,4,ANTICHITA' | MAIOLICHE | OGGETTI VARI | STAMPE E INCISIONI
http://w3id.org/zac/84308_lot_3,4,OGGETTI LITURGICI | OGGETTI IN LEGNO | SMALTI | VETRI
http://w3id.org/zac/84312_lot_I,4,LAMPADE | TORCE | VASI | SEDIE
http://w3id.org/zac/84332_lot_1,4,OGGETTI D'ARTE ORIENTALE | OGGETTI IN METALLO | TAPPETI | TESSUTI
http://w3id.org/zac/87357_lot_1,4,BRONZI | Kupfer; Messing; Bronze | OGGETTI VARI | Steingut; Thon
http://w3id.org/zac/87357_lot_12,4,ARREDAMENTI | BRONZI | Fayence; Majolika | FAYENCE; MAJOLIKA | OGGETTI VARI
http://w3id.org/zac/87357_lot_5,4,BRONZI | Fayence; Majolika | FAYENCE; MAJOLIKA | OGGETTI VARI | Porzellan; Biscuit
http://w3id.org/zac/87357_lot_90,4,COPPE | OGGETTI VARI | Steingut; Thon | Ristzeug; Waffen
http://w3id.org/zac/87358_lot_13,4,ARMI | OGGETTI VARI | PORCELLANE | STAGNI
http://w3id.org/zac/87361_lot_15,4,DIPINTI | ARMI | OGGETTI VARI | VETRI
http://w3id.org/zac/87361_lot_16,4,DIPINTI | ARMI | LIBRI | Porzellan; Emailen
http://w3id.org/zac/87361_lot_6,4,DIPINTI | ARMI | Mobel; Uhren; Spiegel; Luster | VETRI
http://w3id.org/zac/87361_lot_7,4,DIPINTI | ARMI | Mobel; Uhren; Spiegel; Luster | VETRI
http://w3id.org/zac/87361_lot_8,4,ARMI | DIPINTI | VETRI | SCULTURE
http://w3id.org/zac/87363_lot_22,4,Bilder; Miniaturen | Kriegs- und Jagd-Waffen; Jagdgerathschaften | Fayence; glasirte Thonwaaren | OGGETTI IN LATTA
http://w3id.org/zac/87363_lot_34,4,Kriegs- und Jagd-Waffen; Jagdgerathschaften | Fayence; glasirte Thonwaaren | OGGETTI IN LATTA | OGGETTI IN FERRO
http://w3id.org/zac/87366_lot_I,4,BIANCHERIA | OGGETTI IN LEGNO | OGGETTI VARI | SCULTURE
http://w3id.org/zac/87369_lot_7,4,OGGETTI IN FERRO | PIATTI | Streitkolben; Schlachtbeile; Streitäxte | Rüstungen
http://w3id.org/zac/87369_lot_9,4,Gruppen; Figuren | Medaillen; Münzen | OGGETTI IN FERRO | OGGETTI VARI
http://w3id.org/zac/87374_lot_12,4,Adels-Diplome; Wappen-Diplome; Privilegien-Briefe; Stammbaume | LETTERE | OGGETTI VARI | OGGETTI IN METALLO
http://w3id.org/zac/87374_lot_15,4,Adels-Diplome; Wappen-Diplome; Privilegien-Briefe; Stammbaume | Krige; Majoliken; glasirte Topfereien; Arbeiten in Thon | OGGETTI IN METALLO | OGGETTI VARI
http://w3id.org/zac/87374_lot_26,4,Adels-Diplome; Wappen-Diplome; Privilegien-Briefe; Stammbaume | MEDAGLIE | Munzen; Medaillen | MUNZEN; MEDAILLEN | OGGETTI VARI
http://w3id.org/zac/87374_lot_8,4,Adels-Diplome; Wappen-Diplome; Privilegien-Briefe; Stammbaume | MINIATURE | LETTERE | Munzen; Medaillen | MUNZEN; MEDAILLEN
http://w3id.org/zac/87381_lot_3,4,MINIATURE | LAMPADE | OGGETTI IN LEGNO | VASI
http://w3id.org/zac/87382_lot_10,4,ALTERTÜMER | OGGETTI IN FERRO | Riechbüchschen; Flacons | VASI
http://w3id.org/zac/87382_lot_7,4,ALTERTÜMER | OGGETTI IN FERRO | OGGETTI IN ORO | SCATOLE
http://w3id.org/zac/87382_lot_8,4,ARGENTI | BOTTIGLIE | OGGETTI IN FERRO | Riechbüchschen; Flacons
http://w3id.org/zac/87382_lot_I,4,BRONZI | ARGENTI | OROLOGI | Riechbüchschen; Flacons
http://w3id.org/zac/87388_lot_2,4,BRONZI | OGGETTI VARI | OGGETTI IN METALLO | OGGETTI IN ORO
http://w3id.org/zac/87389_lot_23,4,BRONZI | GIOIELLI | Orden; silberne Pokale; Prachtdegen; Reitpeitschen | Porzellan-Figuren; Gefasse; Tassen; Teller
http://w3id.org/zac/87389_lot_25,4,Glas; Email-Nippsachen; Bronze; Uhren; Schmuck; Miniaturen | Orden; silberne Pokale; Prachtdegen; Reitpeitschen | OGGETTI VARI | Porzellan-Figuren; Gefasse; Tassen; Teller
http://w3id.org/zac/87395_lot_6,4,BRONZI | Jagdstuick | PORCELLANE | VETRI
http://w3id.org/zac/87396_lot_14,4,Mobel; Gerathe | OGGETTI IN FERRO | OGGETTI IN RAME | VASI
http://w3id.org/zac/87396_lot_6,4,Mobel; Gerathe | OGGETTI IN FERRO | OGGETTI VARI | TESSUTI
http://w3id.org/zac/87407_lot_I,4,BIANCHERIA | ARREDAMENTI | OGGETTI IN LEGNO | TERRECOTTE
http://w3id.org/zac/87412_lot_I,4,DIPINTI | BANDIERE | Flusslandschaft | OGGETTI VARI
http://w3id.org/zac/87419_lot_2,4,CORNICI | ACQUERELLI | OGGETTI D'ARTE | OGGETTI IN LEGNO
http://w3id.org/zac/87420_lot_10,4,CERAMICHE | Mobel; Spiegel | OGGETTI IN LATTA | VETRI
http://w3id.org/zac/87420_lot_20,4,CERAMICHE | Mobel; Spiegel | OGGETTI IN METALLO | PORCELLANE
http://w3id.org/zac/87420_lot_21,4,CERAMICHE | Holzschnitzereien; Elfenbeinarbeiten | OGGETTI IN LATTA | OGGETTI IN METALLO
http://w3id.org/zac/87420_lot_23,4,CERAMICHE | Holzschnitzereien; Elfenbeinarbeiten | LIBRI | PIATTI
http://w3id.org/zac/87420_lot_32,4,CERAMICHE | LIBRI | OGGETTI IN LATTA | PIATTI
http://w3id.org/zac/87420_lot_4,4,CERAMICHE | Holzschnitzereien; Elfenbeinarbeiten | VETRI | SCATOLE
http://w3id.org/zac/87420_lot_6,4,ARMI | Mobel; Spiegel | Holzschnitzereien; Elfenbeinarbeiten | VETRI
http://w3id.org/zac/87420_lot_8,4,CERAMICHE | Mobel; Spiegel | VETRI | SCATOLE
http://w3id.org/zac/87421_lot_12,4,CERAMICHE | CAMEI | MOBILI | OGGETTI IN METALLO
http://w3id.org/zac/87421_lot_15,4,CERAMICHE | CAMEI | MEDAGLIE | MOBILI
http://w3id.org/zac/87424_lot_13,4,Holz; Meubles | OGGETTI VARI | Textilsachen; Spitzen | Porzellan; Fayence; Steingut; Glaser
http://w3id.org/zac/87424_lot_14,4,ARGENTI | MERLETTI | OGGETTI IN ORO | Porzellan; Fayence; Steingut; Glaser
http://w3id.org/zac/87424_lot_15,4,Gemalde; Stiche | Holz; Meubles | Zinn; Stahl; Eisen; Blei | Porzellan; Fayence; Steingut; Glaser
http://w3id.org/zac/87424_lot_29,4,ARGENTI | OGGETTI IN ORO | STAMPE E INCISIONI | Porzellan; Fayence; Steingut; Glaser
http://w3id.org/zac/87424_lot_32,4,ARGENTI | MONETE | Holz; Meubles | OGGETTI IN ORO
http://w3id.org/zac/87424_lot_33,4,ANTICHITA' | Holz; Meubles | OGGETTI IN ORO | PORCELLANE
http://w3id.org/zac/87425_lot_105,4,ARMI | ARREDAMENTI | MOBILI | TESSUTI
http://w3id.org/zac/87426_lot_12,4,DIPINTI | Muinzen; Medaillen | Uhren; Mobel | VETRI
http://w3id.org/zac/87426_lot_18,4,Muinzen; Medaillen | OGGETTI IN LEGNO | OGGETTI IN METALLO | VETRI
http://w3id.org/zac/87426_lot_19,4,Muinzen; Medaillen | OGGETTI IN METALLO | PIATTI | VETRI
http://w3id.org/zac/87426_lot_3,4,Muinzen; Medaillen | OGGETTI IN LEGNO | VETRI | Uhren; Mobel
http://w3id.org/zac/87426_lot_7,4,Holz; Elfenbein; Miniaturen | VASI | Uhren; Mobel | VETRI
http://w3id.org/zac/87437_lot_10,4,ARMI | MUSIKINSTRUMENTE; UHREN | Hirschgeweih | WAFFEN; RUSTUNGEN
http://w3id.org/zac/87437_lot_13,4,ARMI | MUSIKINSTRUMENTE; UHREN | EISEN; ZINN; METALLE | WAFFEN; RUSTUNGEN
http://w3id.org/zac/87437_lot_16,4,EISEN; ZINN; METALLE | MUSIKINSTRUMENTE; UHREN | Hirschgeweih | WAFFEN; RUSTUNGEN
http://w3id.org/zac/87437_lot_21,4,ARMI | ALABASTRI | EISEN; ZINN; METALLE | MUSIKINSTRUMENTE; UHREN
http://w3id.org/zac/87437_lot_6,4,ARMI | EISEN; ZINN; METALLE | MUSIKINSTRUMENTE; UHREN | OGGETTI IN RAME
http://w3id.org/zac/87437_lot_7,4,ARMI | MUSIKINSTRUMENTE; UHREN | OGGETTI IN FERRO | WAFFEN; RUSTUNGEN
http://w3id.org/zac/87437_lot_9,4,ARMI | Hirschgeweih | MUSIKINSTRUMENTE; UHREN | OGGETTI IN RAME
http://w3id.org/zac/87438_lot_I,4,CORNICI | BANDIERE | ARREDAMENTI | OGGETTI IN LEGNO
http://w3id.org/zac/87462_lot_2,4,ARGENTI | Majoliken; Topfereien | OGGETTI IN LEGNO | PORCELLANE
http://w3id.org/zac/87462_lot_4,4,ARGENTI | Majoliken; Topfereien | OGGETTI IN LEGNO | PORCELLANE
http://w3id.org/zac/87482_lot_6729,4,CERAMICHE | ARGENTI | OGGETTI IN LEGNO | PORCELLANE
http://w3id.org/zac/87483_lot_2,4,ARGENTI | OGGETTI IN RAME | OGGETTI VARI | OGGETTI IN LEGNO
http://w3id.org/zac/87496_lot_11,4,ACQUERELLI | BRONZI | Handzeichnungen; Aquarelle | OGGETTI IN RAME
http://w3id.org/zac/87496_lot_20,4,BRONZI | MAIOLICHE | OGGETTI IN LEGNO | STAGNI
http://w3id.org/zac/87496_lot_26,4,"BRONZI | Arbeiten in Steingut, Thon; Majoliken; Fayencen | OGGETTI VARI | OGGETTI IN LEGNO"
http://w3id.org/zac/87496_lot_33,4,BRONZI | OGGETTI VARI | OGGETTI IN LEGNO | STAGNI
http://w3id.org/zac/87496_lot_35,4,Arbeiten in Email; Miniaturen | OGGETTI VARI | OGGETTI IN LEGNO | Rustungssticke; Kriegs- und Jagd-Waffen
http://w3id.org/zac/87496_lot_40,4,BRONZI | MAIOLICHE | OGGETTI IN LEGNO | STAGNI
http://w3id.org/zac/87496_lot_9,4,"Arbeiten in Steingut, Thon; Majoliken; Fayencen | OGGETTI IN LEGNO | Rustungssticke; Kriegs- und Jagd-Waffen | STAGNI"
http://w3id.org/zac/87505_lot_27,4,OGGETTI IN RAME | Silber; Elfenbein | Porzellane; Fayencen; Glaser | Zinn; Eisen; Kupfer; Messing
http://w3id.org/zac/87505_lot_28,4,DIPINTI | OTTONI | Porzellane; Fayencen; Glaser | Silber; Elfenbein
http://w3id.org/zac/87505_lot_4,4,ARGENTI | DIPINTI | Mobel; Seulpturen | OGGETTI IN LATTA
http://w3id.org/zac/87505_lot_9,4,DIPINTI | OGGETTI IN LATTA | Zinn; Eisen; Kupfer; Messing | Silber; Elfenbein
http://w3id.org/zac/87514_lot_58,4,MINIATURE | MAIOLICHE | OGGETTI IN LATTA | Thon; Majoliken; Fayencen
http://w3id.org/zac/87514_lot_6,4,BIANCHERIA | OGGETTI VARI | Thon; Majoliken; Fayencen | TESSUTI
http://w3id.org/zac/87514_lot_I,4,Email; Miniaturen | OGGETTI IN LEGNO | OGGETTI IN RAME | VETRI
http://w3id.org/zac/87548_lot_4,4,DISEGNI | Oelgemalde; Pastelle; Aquarelle; Zeichnungen; Sculpturen | OGGETTI VARI | OGGETTI IN PIOMBO
http://w3id.org/zac/87561_lot_I,4,CAMINI | MINIATURE | OGGETTI IN LEGNO | VASI
http://w3id.org/zac/87564_lot_10,4,DIPINTI | OGGETTI IN FERRO | OGGETTI IN LEGNO | TESSUTI
http://w3id.org/zac/87581_lot_I,4,CAMINI | OGGETTI IN LEGNO | OGGETTI VARI | VASI
http://w3id.org/zac/87587_lot_I,4,CORNICI | BIANCHERIA | FOTOGRAFIE | OGGETTI VARI
http://w3id.org/zac/87593_lot_8,4,MINIATURE | OGGETTI IN ORO | VASI | PIATTI
http://w3id.org/zac/87594_lot_3,4,Kupferstiche; Holzschnitte | Kupferstiche; Radirungen; Holzschnite | OGGETTI IN RAME | STAMPE E INCISIONI
http://w3id.org/zac/87594_lot_5,4,ACQUEFORTI | Kupferstiche; Radirungen; Holzschnite | Kupferstiche; Holzschnitte | STAMPE E INCISIONI
http://w3id.org/zac/87621_lot_5,4,OGGETTI IN ORO | OGGETTI IN LEGNO | OGGETTI IN FERRO | VASI
http://w3id.org/zac/87648_lot_2,4,CAMINI | DIPINTI | OGGETTI IN LEGNO | OGGETTI D'ARTE
http://w3id.org/zac/87650_lot_10,4,OGGETTI VARI | OGGETTI IN FERRO | Steingut; Thon; Fayence; Majolika | Waffen; Eisen
http://w3id.org/zac/87650_lot_9,4,Bronze; Kupfer; Messing | OGGETTI VARI | Steingut; Thon; Fayence; Majolika | VASI
http://w3id.org/zac/87650_lot_I,4,CORNICI | OGGETTI VARI | OGGETTI IN METALLO | Waffen; Eisen
http://w3id.org/zac/87705_lot_10,4,Brandenburgica; Friedericiana | gotische Holzstatuetten; Antiquitaten; Autographen | OGGETTI IN ORO | Olgemalde; Miniaturen; Munzen; Medaillen
http://w3id.org/zac/87705_lot_11,4,ACQUEFORTI | Brandenburgica; Friedericiana | Olgemalde; Miniaturen; Munzen; Medaillen | OGGETTI IN ORO
http://w3id.org/zac/87705_lot_13,4,Brandenburgica; Friedericiana | gotische Holzstatuetten; Antiquitaten; Autographen | OGGETTI VARI | OGGETTI IN LEGNO
http://w3id.org/zac/87705_lot_2,4,Brandenburgica; Friedericiana | gotische Holzstatuetten; Antiquitaten; Autographen | OGGETTI VARI | Olgemalde; Miniaturen; Munzen; Medaillen
http://w3id.org/zac/87705_lot_20,4,Brandenburgica; Friedericiana | MEDAGLIE | Olgemalde; Miniaturen; Munzen; Medaillen | STAMPE E INCISIONI
http://w3id.org/zac/87705_lot_22,4,Brandenburgica; Friedericiana | gotische Holzstatuetten; Antiquitaten; Autographen | Olgemalde; Miniaturen; Munzen; Medaillen | OGGETTI IN LEGNO
http://w3id.org/zac/87705_lot_24,4,CORNICI | Brandenburgica; Friedericiana | Olgemalde; Miniaturen; Munzen; Medaillen | OGGETTI IN RAME
http://w3id.org/zac/87705_lot_4,4,Brandenburgica; Friedericiana | gotische Holzstatuetten; Antiquitaten; Autographen | Olgemalde; Miniaturen; Munzen; Medaillen | OGGETTI VARI
http://w3id.org/zac/87705_lot_6,4,Brandenburgica; Friedericiana | gotische Holzstatuetten; Antiquitaten; Autographen | Olgemalde; Miniaturen; Munzen; Medaillen | OGGETTI IN LEGNO
http://w3id.org/zac/87708_lot_10,4,ANTICHITA' | OGGETTI IN RAME | Zeichnungen; Aquarelle; Radierungen | Zeichnungen; Aquarelle
http://w3id.org/zac/87733_lot_2,4,MINIATURE | OGGETTI IN LEGNO | OGGETTI IN RAME | OGGETTI D'ARTE
http://w3id.org/zac/87733_lot_3,4,OGGETTI VARI | OGGETTI IN LEGNO | OGGETTI D'ARTE | OGGETTI IN ORO
http://w3id.org/zac/87742_lot_1233,4,ARMI | OGGETTI IN LEGNO | OGGETTI IN LATTA | PORCELLANE
http://w3id.org/zac/87742_lot_31,4,Mobel; Holzgegenstande | Messing; Kupfersachen | VETRI | Porzellan; Fayencen; Marmor; Steingut
http://w3id.org/zac/87742_lot_32,4,ARGENTI | Glas; Krystall; Spiegel | Messing; Kupfersachen | VETRI
http://w3id.org/zac/87742_lot_35,4,ARGENTI | Mobel; Holzgegenstande | Glas; Krystall; Spiegel | Messing; Kupfersachen
http://w3id.org/zac/87742_lot_53,4,ARGENTI | Glas; Krystall; Spiegel | Mobel; Holzgegenstande | Porzellan; Fayencen; Marmor; Steingut
http://w3id.org/zac/87742_lot_58,4,ARGENTI | Glas; Krystall; Spiegel | Mobel; Holzgegenstande | Messing; Kupfersachen
http://w3id.org/zac/87743_lot_8,4,CORNICI | MINIATURE | OGGETTI IN LATTA | Uhren; Miniaturen
http://w3id.org/zac/87746_lot_I,4,CORNICI | OGGETTI IN LEGNO | OGGETTI VARI | SCATOLE
http://w3id.org/zac/87754_lot_I,4,BAULI | BIANCHERIA | OGGETTI IN PELLE | OGGETTI VARI
http://w3id.org/zac/87763_lot_14,4,Altertumer; Kunstgegenstande | PLACCHETTE | plats; assiettes; Platten; Teller | Tableaux; Peintures; Gravures
http://w3id.org/zac/87763_lot_15,4,Altertumer; Kunstgegenstande | BISCOTTI | STAMPE E INCISIONI | PLACCHETTE
http://w3id.org/zac/87763_lot_21,4,Altertumer; Kunstgegenstande | MINIATURE | SCATOLE | PLACCHETTE
http://w3id.org/zac/87763_lot_24,4,Altertumer; Kunstgegenstande | CANDELABRI | OGGETTI IN LEGNO | PLACCHETTE
http://w3id.org/zac/87763_lot_25,4,Altertumer; Kunstgegenstande | CORNICI | MUNZEN; MEDAILLEN | Munzen; Medaillen | PLACCHETTE
http://w3id.org/zac/87763_lot_26,4,Altertumer; Kunstgegenstande | Munzen; Medaillen | MUNZEN; MEDAILLEN | PLACCHETTE | Tableaux; Peintures; Gravures
http://w3id.org/zac/87763_lot_30,4,Altertumer; Kunstgegenstande | BASSORILIEVI | Munzen; Medaillen | MUNZEN; MEDAILLEN | PLACCHETTE
http://w3id.org/zac/87763_lot_38,4,Altertumer; Kunstgegenstande | Munzen; Medaillen | MUNZEN; MEDAILLEN | Tableaux; Peintures; Gravures | PLACCHETTE
http://w3id.org/zac/87763_lot_40,4,Altertumer; Kunstgegenstande | Munzen; Medaillen | MUNZEN; MEDAILLEN | MEDAGLIE | PLACCHETTE
http://w3id.org/zac/87772_lot_7,4,ARMI | LIBRI | OGGETTI IN LATTA | Porzellan; Fayence; Steingut
http://w3id.org/zac/87772_lot_8,4,LIBRI | LAMPADE | OGGETTI IN LATTA | Porzellan; Fayence; Steingut
http://w3id.org/zac/87773_lot_11,4,DIPINTI | Mobel; Figuren | Silber; Bronze | SPECCHI
http://w3id.org/zac/87773_lot_12,4,DIPINTI | BRONZI | Mobel; Figuren | Waffen; Gobelin; Facher
http://w3id.org/zac/87773_lot_16,4,DIPINTI | OGGETTI IN CERA | SCULTURE | Waffen; Gobelin; Facher
http://w3id.org/zac/87773_lot_17,4,DIPINTI | Mobel; Figuren | OGGETTI VARI | Waffen; Gobelin; Facher
http://w3id.org/zac/87773_lot_20,4,DIPINTI | Mobel; Figuren | Waffen; Gobelin; Facher | SPECCHI
http://w3id.org/zac/87785_lot_19,4,MEDAGLIE | Munzen; Medaillen | MOBILI | MUNZEN; MEDAILLEN | PORCELLANE
http://w3id.org/zac/87785_lot_27,4,MUNZEN; MEDAILLEN | Munzen; Medaillen | MOBILI | OGGETTI IN LATTA | PORCELLANE
http://w3id.org/zac/87785_lot_28,4,Munzen; Medaillen | MUNZEN; MEDAILLEN | MOBILI | OGGETTI IN RAME | PORCELLANE
http://w3id.org/zac/87785_lot_8,4,MOBILI | MUNZEN; MEDAILLEN | MEDAGLIE | Munzen; Medaillen | PORCELLANE
http://w3id.org/zac/87791_lot_12,4,OGGETTI VARI | STAMPE E INCISIONI | Porzellane; Fayencen | VASI
http://w3id.org/zac/87791_lot_21,4,OGGETTI IN LATTA | OGGETTI VARI | Porzellane; Fayencen | STAMPE E INCISIONI
http://w3id.org/zac/87791_lot_25,4,OGGETTI VARI | STAMPE E INCISIONI | PIATTI | Porzellane; Fayencen
http://w3id.org/zac/87802_lot_14,4,ACQUEFORTI | DIPINTI | OGGETTI IN RAME | STAMPE E INCISIONI
http://w3id.org/zac/87802_lot_211,4,DIPINTI | ACQUEFORTI | Seelandschaften | STAMPE E INCISIONI
http://w3id.org/zac/87802_lot_4,4,ACQUEFORTI | DIPINTI | OGGETTI VARI | STAMPE E INCISIONI
http://w3id.org/zac/87802_lot_6,4,ACQUEFORTI | DIPINTI | OGGETTI IN LEGNO | STAMPE E INCISIONI
http://w3id.org/zac/87802_lot_7,4,DIPINTI | ACQUEFORTI | OGGETTI IN LEGNO | STAMPE E INCISIONI
http://w3id.org/zac/87807_lot_13,4,Antiquitaten; Kunstgegenstande; Mobel | ACQUERELLI | OGGETTI IN METALLO | OGGETTI IN LATTA
http://w3id.org/zac/87807_lot_17,4,CORNICI | Antiquitaten; Kunstgegenstande; Mobel | OGGETTI IN LEGNO | OGGETTI IN METALLO
http://w3id.org/zac/87807_lot_19,4,Antiquitaten; Kunstgegenstande; Mobel | ARGENTI | OGGETTI IN METALLO | PORCELLANE
http://w3id.org/zac/87807_lot_20,4,ARGENTI | ACQUERELLI | Antiquitaten; Kunstgegenstande; Mobel | OGGETTI IN METALLO
http://w3id.org/zac/87807_lot_25,4,ACQUERELLI | Antiquitaten; Kunstgegenstande; Mobel | OGGETTI IN ORO | OGGETTI VARI
http://w3id.org/zac/87807_lot_35,4,Antiquitaten; Kunstgegenstande; Mobel | ARGENTI | OGGETTI IN METALLO | PORCELLANE
http://w3id.org/zac/87807_lot_7,4,Antiquitaten; Kunstgegenstande; Mobel | ARGENTI | OGGETTI IN LATTA | OGGETTI IN METALLO
http://w3id.org/zac/87814_lot_10,4,Antiquitaten; Kunstgegenstande | OGGETTI IN METALLO | OGGETTI IN LEGNO | Porzellan; Fayence; Glas
http://w3id.org/zac/87814_lot_12,4,Antiquitaten; Kunstgegenstande | MAIOLICHE | OGGETTI IN METALLO | VETRI
http://w3id.org/zac/87814_lot_4,4,Antiquitaten; Kunstgegenstande | ARGENTI | MAIOLICHE | OGGETTI IN METALLO
http://w3id.org/zac/87830_lot_13,4,MINIATURE | Miniaturen; Munzen; Elfenbein | Metall; Waffen | Porzellan; Fayence | PORZELLAN; FAYENCE
http://w3id.org/zac/87830_lot_17,4,DIPINTI | Metall; Waffen | OGGETTI IN ORO | Porzellan; Fayence | PORZELLAN; FAYENCE
http://w3id.org/zac/87830_lot_20,4,Metall; Waffen | Miniaturen; Munzen; Elfenbein | OGGETTI IN LATTA | Porzellan; Fayence | PORZELLAN; FAYENCE
http://w3id.org/zac/87830_lot_22,4,Miniaturen; Munzen; Elfenbein | Metall; Waffen | PORCELLANE | PORZELLAN; FAYENCE | Porzellan; Fayence
http://w3id.org/zac/87830_lot_25,4,Miniaturen; Munzen; Elfenbein | Metall; Waffen | OGGETTI IN FERRO | PORZELLAN; FAYENCE | Porzellan; Fayence
http://w3id.org/zac/87830_lot_26,4,Miniaturen; Munzen; Elfenbein | Metall; Waffen | PORZELLAN; FAYENCE | Porzellan; Fayence | SCATOLE
http://w3id.org/zac/87830_lot_28,4,Metall; Waffen | Miniaturen; Munzen; Elfenbein | STAMPE E INCISIONI | PORZELLAN; FAYENCE | Porzellan; Fayence
http://w3id.org/zac/87830_lot_5,4,Metall; Waffen | PORZELLAN; FAYENCE | Porzellan; Fayence | SPECCHI | SCATOLE
http://w3id.org/zac/87830_lot_6,4,Miniaturen; Munzen; Elfenbein | Metall; Waffen | MONETE | Porzellan; Fayence | PORZELLAN; FAYENCE
http://w3id.org/zac/87831_lot_30,4,ARMI | OGGETTI D'ARTE ORIENTALE | Keramische; Glas- und Metallarbeiten | Mobel; Einrichtungs- und Gebrauchsgegenstande
http://w3id.org/zac/87831_lot_35,4,ARMI | Keramische; Glas- und Metallarbeiten | Mobel; Einrichtungs- und Gebrauchsgegenstande | OGGETTI IN METALLO
http://w3id.org/zac/87836_lot_6,4,Miniaturen; Dosen | MINIATUREN; DOSEN | OGGETTI IN LEGNO | PIATTI | STAMPE E INCISIONI
http://w3id.org/zac/87844_lot_I,4,CAMINI | ARREDAMENTI | OGGETTI IN LEGNO | PIATTI
http://w3id.org/zac/87850_lot_13,4,"DECORAZIONI DA PARETE | Donnerstag,den 15.Oktober 1908 | Mittwoch,den 14.Oktober 1908 | SCATOLE"
http://w3id.org/zac/87850_lot_17,4,"Dienstag, den 13. Oktober 1908 | Donnerstag,den 15.Oktober 1908 | Mittwoch,den 14.Oktober 1908 | OGGETTI IN RAME"
http://w3id.org/zac/87850_lot_2,4,"Dienstag, den 13. Oktober 1908 | LAMPADE | Donnerstag,den 15.Oktober 1908 | OGGETTI IN LEGNO"
http://w3id.org/zac/87850_lot_24,4,"Dienstag, den 13. Oktober 1908 | Donnerstag,den 15.Oktober 1908 | OGGETTI VARI | SPECCHI"
http://w3id.org/zac/87850_lot_27,4,"Dienstag, den 13. Oktober 1908 | Donnerstag,den 15.Oktober 1908 | Mittwoch,den 14.Oktober 1908 | OGGETTI IN LATTA"
http://w3id.org/zac/87850_lot_6,4,"Dienstag, den 13. Oktober 1908 | Mittwoch,den 14.Oktober 1908 | Donnerstag,den 15.Oktober 1908 | OGGETTI IN LEGNO"
http://w3id.org/zac/87851_lot_34,4,ARMI | LAMPADE | Stoffe; Teppiche | STOFFE; TEPPICHE | SCATOLE
http://w3id.org/zac/87856_lot_10,4,BRONZI | OGGETTI IN FERRO | OGGETTI IN LEGNO | Topfereien; Glas
http://w3id.org/zac/87856_lot_11,4,BRONZI | ARMI | DIPINTI | OGGETTI IN FERRO
http://w3id.org/zac/87856_lot_12,4,DIPINTI | ARMI | OGGETTI IN FERRO | TERRECOTTE
http://w3id.org/zac/87856_lot_13,4,ARMI | OGGETTI IN FERRO | Topfereien; Glas | TERRECOTTE
http://w3id.org/zac/87856_lot_14,4,ACQUERELLI | ARMI | Topfereien; Glas | TERRECOTTE
http://w3id.org/zac/87856_lot_18,4,ARMI | BRONZI | TERRECOTTE | Topfereien; Glas
http://w3id.org/zac/87856_lot_19,4,ARMI | BRONZI | TERRECOTTE | Topfereien; Glas
http://w3id.org/zac/87856_lot_22,4,ARMI | BRONZI | TERRECOTTE | Topfereien; Glas
http://w3id.org/zac/87856_lot_23,4,ARMI | OGGETTI IN LEGNO | Topfereien; Glas | TERRECOTTE
http://w3id.org/zac/87856_lot_24,4,ARMI | OGGETTI IN LEGNO | TERRECOTTE | Topfereien; Glas
http://w3id.org/zac/87856_lot_25,4,ARMI | OGGETTI IN LEGNO | TERRECOTTE | Topfereien; Glas
http://w3id.org/zac/87856_lot_3,4,BRONZI | ARMI | OGGETTI IN LEGNO | TERRECOTTE
http://w3id.org/zac/87856_lot_36,4,BRONZI | ACQUERELLI | ARMI | TERRECOTTE
http://w3id.org/zac/87856_lot_6,4,DIPINTI | OGGETTI IN FERRO | Topfereien; Glas | TERRECOTTE
http://w3id.org/zac/87856_lot_7,4,DIPINTI | OGGETTI IN FERRO | TERRECOTTE | Topfereien; Glas
http://w3id.org/zac/87864_lot_3,4,Antiquitaten; Kunstgegenstande | Kunstblatter; Drucke | Gemalde; Aquarelle | OGGETTI IN RAME
http://w3id.org/zac/87864_lot_5,4,ACQUEFORTI | Antiquitaten; Kunstgegenstande | Kunstblatter; Drucke | Gemalde; Aquarelle
http://w3id.org/zac/87864_lot_6,4,ACQUEFORTI | Antiquitaten; Kunstgegenstande | Kunstblatter; Drucke | Gemalde; Aquarelle
http://w3id.org/zac/87897_lot_24,4,ARREDAMENTI | MINIATURE | OGGETTI IN ORO | VASI
http://w3id.org/zac/87897_lot_3,4,MINIATURE | OGGETTI VARI | SCOMPARTI | STAMPE E INCISIONI
http://w3id.org/zac/87920_lot_13,4,ACQUERELLI | AUTOGRAFI | Antiquitaten; Kunstgegenstande; Autographen; Schmucksachen | LAMPADE
http://w3id.org/zac/87920_lot_28,4,Antiquitaten; Kunstgegenstande; Autographen; Schmucksachen | AUTOGRAFI | OGGETTI IN LEGNO | OGGETTI VARI
http://w3id.org/zac/87922_lot_13,4,ARMI | OGGETTI D'ARTE | OGGETTI IN LATTA | SCOMPARTI
http://w3id.org/zac/87922_lot_24,4,ARMI | OGGETTI D'ARTE | OGGETTI VARI | SCATOLE
http://w3id.org/zac/87922_lot_29,4,MINIATURE | OGGETTI IN LEGNO | OGGETTI D'ARTE | OGGETTI IN LATTA
http://w3id.org/zac/87959_lot_24,4,ACQUEFORTI | DIPINTI | OGGETTI VARI | OGGETTI D'ARTE
http://w3id.org/zac/87974_lot_10,4,ARGENTI | OGGETTI IN FERRO | TESSUTI | PORCELLANE
http://w3id.org/zac/87974_lot_11,4,ARGENTI | OGGETTI IN LEGNO | OGGETTI IN FERRO | TESSUTI
http://w3id.org/zac/87974_lot_17,4,ARGENTI | OGGETTI IN FERRO | PORCELLANE | TESSUTI
http://w3id.org/zac/87974_lot_19,4,ARGENTI | OGGETTI IN FERRO | PORCELLANE | TESSUTI
http://w3id.org/zac/87974_lot_23,4,ARGENTI | MAIOLICHE | OGGETTI IN FERRO | TESSUTI
http://w3id.org/zac/87974_lot_5,4,ARGENTI | OGGETTI VARI | PORCELLANE | VASI
http://w3id.org/zac/87974_lot_6,4,ARGENTI | OGGETTI IN LEGNO | OGGETTI VARI | PORCELLANE
http://w3id.org/zac/87985_lot_6,4,CERAMICHE | DISEGNI | OGGETTI IN METALLO | TESSUTI
http://w3id.org/zac/88016_lot_4,4,CERAMICHE | MAIOLICHE | MOBILI | OGGETTI VARI
http://w3id.org/zac/88016_lot_6,4,CERAMICHE | CORNICI | LIBRI | OGGETTI IN LEGNO
http://w3id.org/zac/88026_lot_18,4,ARGENTI | Ansichten | Aquarelle; Zeichnungen | STAMPE E INCISIONI
http://w3id.org/zac/88026_lot_20,4,Ansichten | Aquarelle; Zeichnungen | OGGETTI IN ORO | OGGETTI IN LATTA
http://w3id.org/zac/88026_lot_21,4,Ansichten | ACQUERELLI | OGGETTI IN LATTA | OGGETTI VARI
http://w3id.org/zac/88026_lot_26,4,Aquarelle; Zeichnungen | OGGETTI LITURGICI | PIATTI | VETRI
http://w3id.org/zac/88026_lot_27,4,Bein; Perlmutter; Holzschnitzereien | Aquarelle; Zeichnungen | PORCELLANE | VETRI
http://w3id.org/zac/88026_lot_9,4,Aquarelle; Zeichnungen | Bein; Perlmutter; Holzschnitzereien | OGGETTI LITURGICI | PIATTI
http://w3id.org/zac/88032_lot_2,4,CORNICI | OGGETTI VARI | SCATOLE | VASI
http://w3id.org/zac/88032_lot_8,4,COPPE | OGGETTI IN LEGNO | VASI | TERRECOTTE
http://w3id.org/zac/88058_lot_25,4,FAYENCE; MAJOLIKA; STEINGUT; GLAS | DOSEN; TASCHENUHREN; FACHER | MINIATUREN; BILDER; STICHE | OGGETTI IN LEGNO
http://w3id.org/zac/88058_lot_31,4,FAYENCE; MAJOLIKA; STEINGUT; GLAS | OGGETTI IN RAME | OGGETTI IN CERA | SCOMPARTI
http://w3id.org/zac/88063_lot_15,4,Antiquitaten; Kunstgegenstände; Mobel; Teppiche | ACQUERELLI | OGGETTI VARI | VASI
http://w3id.org/zac/88063_lot_19,4,ACQUERELLI | Antiquitaten; Kunstgegenstände; Mobel; Teppiche | LAMPADE | OGGETTI IN LEGNO
http://w3id.org/zac/88063_lot_22,4,ACQUERELLI | Antiquitaten; Kunstgegenstände; Mobel; Teppiche | LAMPADE | OGGETTI VARI
http://w3id.org/zac/88063_lot_26,4,Antiquitaten; Kunstgegenstände; Mobel; Teppiche | ACQUERELLI | OGGETTI IN RAME | VASI
http://w3id.org/zac/88063_lot_44,4,Antiquitaten; Kunstgegenstände; Mobel; Teppiche | OGGETTI IN LATTA | OGGETTI IN LEGNO | OGGETTI VARI
http://w3id.org/zac/88064_lot_16,4,ANTICHITA' | DIPINTI | OGGETTI D'ARTE | OGGETTI VARI
http://w3id.org/zac/88064_lot_4,4,ANTICHITA' | CORNICI | OGGETTI D'ARTE | VASI
http://w3id.org/zac/88064_lot_5,4,CORNICI | ANTICHITA' | MINIATURE | OGGETTI D'ARTE
http://w3id.org/zac/88064_lot_8,4,ANTICHITA' | MINIATURE | OGGETTI D'ARTE | OGGETTI VARI
http://w3id.org/zac/88067_lot_28,4,Fayence; Majoliken | OGGETTI IN LATTA | VETRI | PORCELLANE
http://w3id.org/zac/88067_lot_29,4,BRONZI | Mobel; Einrichtungsgenstande | VETRI | PORCELLANE
http://w3id.org/zac/88067_lot_30,4,BRONZI | OGGETTI VARI | PORCELLANE | VETRI
http://w3id.org/zac/88071_lot_10,4,Aquarelle; Drucke | DIPINTI | Antiquitaten; Kunstgegenstande | OGGETTI D'ARTE ORIENTALE
http://w3id.org/zac/88071_lot_3,4,Antiquitaten; Kunstgegenstande | Aquarelle; Drucke | BIANCHERIA | OGGETTI D'ARTE ORIENTALE
http://w3id.org/zac/88071_lot_7,4,Antiquitaten; Kunstgegenstande | Aquarelle; Drucke | OGGETTI D'ARTE ORIENTALE | OGGETTI IN RAME
http://w3id.org/zac/88075_lot_2,4,ACQUERELLI | Kunstgewerbe; Antiquitaten | LAMPADE | OGGETTI IN LEGNO
http://w3id.org/zac/88087_lot_11,4,ACQUERELLI | Mobel; Antiquitaten; Kunstgegenstande | OGGETTI IN ORO | OGGETTI IN LEGNO
http://w3id.org/zac/88087_lot_2,4,ACQUEFORTI | Gemalde; Aquarelle; Kunstdrucke | Mobel; Antiquitaten; Kunstgegenstande | STAMPE E INCISIONI
http://w3id.org/zac/88087_lot_26,4,ACQUERELLI | Mobel; Antiquitaten; Kunstgegenstande | OGGETTI IN LEGNO | OGGETTI VARI
http://w3id.org/zac/88087_lot_3,4,Gemalde; Aquarelle; Kunstdrucke | Mobel; Antiquitaten; Kunstgegenstande | OGGETTI LACCATI | STAMPE E INCISIONI
http://w3id.org/zac/88087_lot_4,4,Gemalde; Aquarelle; Kunstdrucke | Mobel; Antiquitaten; Kunstgegenstande | OGGETTI IN FERRO | STAMPE E INCISIONI
http://w3id.org/zac/88088_lot_163,4,ARREDAMENTI | Bronzen; Messing; Kupfer | LAMPADE | VASI
http://w3id.org/zac/88092_lot_18,4,Bronze; Messing | MOBILI | OGGETTI VARI | PIATTI
http://w3id.org/zac/88092_lot_19,4,ARGENTI | MOBILI | MAIOLICHE | PORCELLANE
http://w3id.org/zac/88092_lot_20,4,DIPINTI | MOBILI | OGGETTI IN RAME | PIATTI
http://w3id.org/zac/88092_lot_23,4,MOBILI | FOTOGRAFIE | OGGETTI IN RAME | PIATTI
http://w3id.org/zac/88092_lot_28,4,LAMPADE | FOTOGRAFIE | OGGETTI IN RAME | PIATTI
http://w3id.org/zac/88094_lot_13,4,DIPINTI | Mobel; Porzellane; Glas | PORCELLANE | STAMPE E INCISIONI
http://w3id.org/zac/88096_lot_10,4,BRONZI | ARMI | MOBEL; HOLZARBEITEN | Mobel; Holzarbeiten | OGGETTI IN LEGNO
http://w3id.org/zac/88096_lot_9,4,ARMI | BRONZI | Edelmetall; Schmuck | OGGETTI IN LEGNO
http://w3id.org/zac/88098_lot_13,4,DIPINTI | Mobel; Holzsculpturen | OGGETTI IN LATTA | PORCELLANE
http://w3id.org/zac/88098_lot_20,4,ARGENTI | MINIATURE | OGGETTI IN RAME | Porzellan; Fayanxe; Majolica
http://w3id.org/zac/88098_lot_3,4,DIPINTI | MINIATURE | OGGETTI IN LEGNO | Porzellan; Fayanxe; Majolica
http://w3id.org/zac/88102_lot_16,4,BRONZEN; PLAKETTEN; MEDAILLEN; MUNZEN | MOBEL; DEKORATIONSGEGENSTANDE; STOFFE | GLAS; PORZELLAN; ELFENBEIN; GOLD; SILBER; SCHMUCK | TAPPETI
http://w3id.org/zac/88102_lot_23,4,BRONZEN; PLAKETTEN; MEDAILLEN; MUNZEN | ORIENTALISCHE BRONZEN; WAFFEN | TAPPETI | SPECCHI
http://w3id.org/zac/88102_lot_28,4,BRONZEN; PLAKETTEN; MEDAILLEN; MUNZEN | GLAS; PORZELLAN; ELFENBEIN; GOLD; SILBER; SCHMUCK | MOBEL; DEKORATIONSGEGENSTANDE; STOFFE | ORIENTALISCHE BRONZEN; WAFFEN
http://w3id.org/zac/88102_lot_32,4,BRONZEN; PLAKETTEN; MEDAILLEN; MUNZEN | GLAS; PORZELLAN; ELFENBEIN; GOLD; SILBER; SCHMUCK | MOBEL; DEKORATIONSGEGENSTANDE; STOFFE | ORIENTALISCHE BRONZEN; WAFFEN
http://w3id.org/zac/88112_lot_2,4,CORNICI | DISEGNI | OGGETTI IN LEGNO | VASI
http://w3id.org/zac/88112_lot_6,4,ACQUEFORTI | CORNICI | FOTOGRAFIE | DISEGNI
http://w3id.org/zac/88113_lot_4,4,DIPINTI | Munzen; Medaillen | MUNZEN; MEDAILLEN | OGGETTI IN ORO | Waffen; Geweihe; Antiquitaten; Kunstgegenstande; Mobel; Munzen; Medaillen
http://w3id.org/zac/88113_lot_5,4,DIPINTI | MUNZEN; MEDAILLEN | MEDAGLIE | Munzen; Medaillen | Waffen; Geweihe; Antiquitaten; Kunstgegenstande; Mobel; Munzen; Medaillen
http://w3id.org/zac/88114_lot_12,4,DIPINTI | MINIATURE | OGGETTI VARI | PIATTI
http://w3id.org/zac/88114_lot_15,4,DIPINTI | Fayencen; Steinzeug | MINIATURE | OGGETTI IN RAME
http://w3id.org/zac/88114_lot_19,4,Glas; Kristall | OGGETTI IN RAME | SPECCHI | PIATTI
http://w3id.org/zac/88114_lot_9,4,OGGETTI IN LEGNO | OGGETTI IN RAME | PIATTI | PORCELLANE
http://w3id.org/zac/88128_lot_2,4,DIPINTI | DISEGNI | MOBILI | Stoffe; Kostiime
http://w3id.org/zac/88128_lot_6,4,ACQUERELLI | LIBRI | DISEGNI | OGGETTI IN LATTA
http://w3id.org/zac/88128_lot_99,4,DIPINTI | ARMI | DISEGNI | Stoffe; Kostiime
http://w3id.org/zac/88132_lot_11,4,CERAMICHE | OGGETTI IN FERRO | OGGETTI IN METALLO | PORCELLANE
http://w3id.org/zac/88132_lot_3,4,CERAMICHE | OGGETTI VARI | OGGETTI IN LEGNO | PORCELLANE
http://w3id.org/zac/88132_lot_9,4,CERAMICHE | OGGETTI VARI | OGGETTI IN METALLO | OGGETTI IN LEGNO
http://w3id.org/zac/88141_lot_15,4,MAIOLICHE | MINIATURE | MOBILI | PORCELLANE
http://w3id.org/zac/88141_lot_19,4,EMAIL; SILBER; BRONZE; ZINN | MAIOLICHE | PORCELLANE | VETRI
http://w3id.org/zac/88141_lot_22,4,EMAIL; SILBER; BRONZE; ZINN | MAIOLICHE | VETRI | PORCELLANE
http://w3id.org/zac/88141_lot_26,4,EMAIL; SILBER; BRONZE; ZINN | MOBILI | PORCELLANE | VETRI
http://w3id.org/zac/88141_lot_29,4,EMAIL; SILBER; BRONZE; ZINN | SPECCHI | STAMPE E INCISIONI | PORCELLANE
http://w3id.org/zac/88141_lot_31,4,EMAIL; SILBER; BRONZE; ZINN | VETRI | PORCELLANE | STAMPE E INCISIONI
http://w3id.org/zac/88141_lot_I,4,FOTOGRAFIE | OGGETTI VARI | PORCELLANE | VASI
http://w3id.org/zac/88143_lot_3,4,ARMI | Bilder; Portrats | Medaillen; Munzen | LIBRI
http://w3id.org/zac/88143_lot_4,4,Bilder; Portrats | LIBRI | Medaillen; Munzen | MEDAGLIE
http://w3id.org/zac/88144_lot_4,4,AUTOGRAFI | Medailles; monnaies | MEDAGLIE | STAMPE E INCISIONI
http://w3id.org/zac/88150_lot_13,4,CRISTALLI | DIPINTI | MINIATURE | TESSUTI
http://w3id.org/zac/88150_lot_4,4,DIPINTI | CRISTALLI | Fayencen; Meistergeigen | MERLETTI
http://w3id.org/zac/88150_lot_9,4,DIPINTI | MOBILI | TESSUTI | VASI
http://w3id.org/zac/88152_lot_11,4,GLAS; KERAMIK | KUPFERSTICHE; LITHOGRAPHIEN | Kupferstiche; Lithographien | Glas; Keramik | STAMPE E INCISIONI | TESSUTI
http://w3id.org/zac/88152_lot_8,4,Kupferstiche; Lithographien | KUPFERSTICHE; LITHOGRAPHIEN | OGGETTI VARI | VETRI | STAMPE E INCISIONI
http://w3id.org/zac/88167_lot_4,4,OGGETTI IN RAME | OGGETTI VARI | Stoffe; Stickereien | PIATTI
http://w3id.org/zac/88170_lot_I,4,CAMINI | CORNICI | OGGETTI VARI | VASI
http://w3id.org/zac/88173_lot_11,4,CERAMICHE | Holz; Mobel | OGGETTI IN METALLO | PORCELLANE
http://w3id.org/zac/88173_lot_13,4,CERAMICHE | Holz; Mobel | OGGETTI IN METALLO | PORCELLANE
http://w3id.org/zac/88173_lot_3,4,CERAMICHE | Bronze; Email; Waffen | OGGETTI VARI | OGGETTI IN LEGNO
http://w3id.org/zac/88173_lot_4,4,CERAMICHE | OGGETTI LITURGICI | OGGETTI IN METALLO | PORCELLANE
http://w3id.org/zac/88173_lot_6,4,OGGETTI IN METALLO | OGGETTI IN LEGNO | SMALTI | PORCELLANE
http://w3id.org/zac/88174_lot_18,4,MONETE | OGGETTI D'ARTE | OGGETTI VARI | TESSUTI
http://w3id.org/zac/88177_lot_4,4,CERAMICHE | MOBILI | TEPPICHE; STOFFE | Teppiche; Stoffe | SCATOLE
http://w3id.org/zac/88177_lot_8,4,DIPINTI | CERAMICHE | MOBILI | TEPPICHE; STOFFE | Teppiche; Stoffe
http://w3id.org/zac/88179_lot_6,4,CORNICI | OGGETTI IN METALLO | PORZELLAN; FAYENCEN; GLAS | STICHEN; ZEICHNUNGEN; AQUARELLEN
http://w3id.org/zac/88179_lot_8,4,CORNICI | ARBEITEN IN STEIN; HOLZ | OGGETTI IN METALLO | PORZELLAN; FAYENCEN; GLAS
http://w3id.org/zac/88187_lot_10,4,CORNICI | ARMI | OGGETTI IN RAME | STAMPE E INCISIONI
http://w3id.org/zac/88187_lot_5,4,ARMI | CORNICI | OGGETTI IN RAME | PORCELLANE
http://w3id.org/zac/88187_lot_6,4,ARMI | CORNICI | OGGETTI IN RAME | STAMPE E INCISIONI
http://w3id.org/zac/88197_lot_11,4,CORNICI | ARMI | MOBILI | OGGETTI D'ARTE
http://w3id.org/zac/88197_lot_15,4,ARMI | MOBILI | OGGETTI D'ARTE | PORCELLANE
http://w3id.org/zac/88197_lot_5,4,ARMI | MOBILI | OGGETTI D'ARTE | VASI
http://w3id.org/zac/88197_lot_7,4,MINIATURE | MOBILI | OGGETTI D'ARTE | PORCELLANE
http://w3id.org/zac/88198_lot_16,4,MINIATUREN; SILHOUETTEN; STICHE | LAMPADE | PIATTI | Tassen; Teller; Kannen; Figuren
http://w3id.org/zac/88198_lot_22,4,CORNICI | Munzen; Medaillen | MUNZEN; MEDAILLEN | Schranke; Sofas; Tische; Stuhle | PIATTI
http://w3id.org/zac/88209_lot_12,4,ACQUEFORTI | MAIOLICHE | PORCELLANE | STAMPE E INCISIONI
http://w3id.org/zac/88209_lot_13,4,ACQUEFORTI | OGGETTI IN PELLE | STAMPE E INCISIONI | PORCELLANE
http://w3id.org/zac/88209_lot_14,4,ACQUEFORTI | OGGETTI IN PELLE | STAMPE E INCISIONI | PORCELLANE
http://w3id.org/zac/88209_lot_4,4,ACQUEFORTI | OGGETTI IN PELLE | PORCELLANE | STAMPE E INCISIONI
http://w3id.org/zac/88219_lot_11,4,Holzskulpturen; Broncen | OGGETTI IN LATTA | OGGETTI IN RAME | Radierungen; Stiche
http://w3id.org/zac/88225_lot_15,4,Kupferstiche; Radierungen | MOBILI | PORCELLANE | Spitzen; Textilien; Teppiche
http://w3id.org/zac/88225_lot_5,4,Kupferstiche; Radierungen | PORCELLANE | Silber; Gold | TERRECOTTE
http://w3id.org/zac/88225_lot_70,4,Kupferstiche; Radierungen | Spitzen; Textilien; Teppiche | PORCELLANE | TERRECOTTE
http://w3id.org/zac/88225_lot_8,4,GIOIELLI | Kupferstiche; Radierungen | VETRI | Silber; Gold
http://w3id.org/zac/88231_lot_70,4,MINIATUREN; DOSEN | Miniaturen; Dosen | Fayencen; Porzellane; Bronzen; Emaille | OGGETTI IN RAME | OGGETTI IN ORO
http://w3id.org/zac/88231_lot_80,4,MOBILI | Fayencen; Porzellane; Bronzen; Emaille | OGGETTI IN ORO | Silber; Gold
http://w3id.org/zac/88233_lot_18,4,Dosen; Silhouetten | OGGETTI D'ARTE ORIENTALE | OGGETTI IN RAME | Silber; Gold
http://w3id.org/zac/88233_lot_35,4,MAIOLICHE | OGGETTI D'ARTE ORIENTALE | OGGETTI IN LEGNO | OGGETTI IN RAME
http://w3id.org/zac/88233_lot_50,4,ACQUERELLI | Dosen; Silhouetten | OGGETTI IN LEGNO | PORCELLANE
http://w3id.org/zac/88233_lot_80,4,DISEGNI | OGGETTI IN LEGNO | Silber; Gold | PORCELLANE
http://w3id.org/zac/88237_lot_18,4,ARGENTI | ACQUERELLI | Einrichtungsgegenstande; Mobel | Kupferstiche; Radierungen; Lithographien
http://w3id.org/zac/88237_lot_2,4,Aquarelle; Handzeichnungen; Stahlstiche | OGGETTI D'ARTE ORIENTALE | Miniaturen; Silhouetten | TERRECOTTE
http://w3id.org/zac/88237_lot_20,4,ACQUERELLI | ARGENTI | ARMI | TERRECOTTE
http://w3id.org/zac/88237_lot_31,4,Aquarelle; Handzeichnungen; Stahlstiche | ACQUERELLI | VETRI | TERRECOTTE
http://w3id.org/zac/88247_lot_12,4,Möbel | Kupferstiche; Radierungen | möbel | Handzeichnungen; Aquarelle | VETRI
http://w3id.org/zac/88247_lot_3,4,Eisen; Zinn; Messing; Kupfer; Waffen | Kupferstiche; Radierungen | MAIOLICHE | VETRI
http://w3id.org/zac/88247_lot_4,4,MAIOLICHE | Eisen; Zinn; Messing; Kupfer; Waffen | Kupferstiche; Radierungen | OGGETTI IN LATTA
http://w3id.org/zac/88247_lot_8,4,Handzeichnungen; Aquarelle | Eisen; Zinn; Messing; Kupfer; Waffen | MAIOLICHE | Kupferstiche; Radierungen
http://w3id.org/zac/88256_lot_25,4,ACQUEFORTI | Aquarelle; Handzeichnungen; Pastelle | MAIOLICHE | Miniaturen; Silhouetten
http://w3id.org/zac/88256_lot_5,4,Aquarelle; Handzeichnungen; Pastelle | ACQUEFORTI | Miniaturen; Silhouetten | Schmucksachen; Uhren
http://w3id.org/zac/88256_lot_50,4,ACQUEFORTI | Aquarelle; Handzeichnungen; Pastelle | Einrichtungsgegenstande; Mobel | Miniaturen; Silhouetten
http://w3id.org/zac/88256_lot_6,4,Aquarelle; Handzeichnungen; Pastelle | ACQUEFORTI | Glas; Kristall | OGGETTI IN RAME
http://w3id.org/zac/88256_lot_65,4,ACQUEFORTI | Miniaturen; Silhouetten | OGGETTI IN RAME | Schmucksachen; Uhren
http://w3id.org/zac/88265_lot_3,4,DIPINTI | SCULTURE | TESSUTI | VETRI
http://w3id.org/zac/88265_lot_4,4,BRONZI | CERAMICHE | STRUMENTI MUSICALI | SCULTURE
http://w3id.org/zac/88265_lot_40,4,DIPINTI | CERAMICHE | MOBILI | OGGETTI IN METALLO
http://w3id.org/zac/88282_lot_4,4,MAIOLICHE | Messing; Bronze | OGGETTI IN METALLO | TERRECOTTE
http://w3id.org/zac/88302_lot_17,4,Antiquitaten; Mobel | OGGETTI IN RAME | OGGETTI VARI | VASI
http://w3id.org/zac/88302_lot_8,4,CANDELABRI | Antiquitaten; Mobel | DIPINTI | OGGETTI VARI
http://w3id.org/zac/88318_lot_I,4,MOBILI | OGGETTI IN METALLO | OGGETTI LITURGICI | SMALTI
http://w3id.org/zac/88320_lot_20,4,MOBILI | MAIOLICHE | OGGETTI IN METALLO | PORCELLANE
http://w3id.org/zac/88320_lot_30,4,MOBILI | MAIOLICHE | OGGETTI IN METALLO | PORCELLANE
http://w3id.org/zac/88320_lot_38,4,MAIOLICHE | OGGETTI IN METALLO | VETRI | PORCELLANE
http://w3id.org/zac/88320_lot_40,4,MAIOLICHE | OGGETTI IN METALLO | VETRI | TESSUTI
http://w3id.org/zac/88320_lot_43,4,MAIOLICHE | OGGETTI IN METALLO | VETRI | SCOMPARTI
http://w3id.org/zac/88320_lot_44,4,MAIOLICHE | OGGETTI IN METALLO | PORCELLANE | VETRI
http://w3id.org/zac/88322_lot_1,4,DIPINTI | Kupferstiche; Radierungen; Holzschnitte; Schabkunstblatter | OGGETTI IN LATTA | Zinn; Messing
http://w3id.org/zac/88322_lot_28,4,DIPINTI | Miniaturen; Silhouetten | OGGETTI IN LATTA | OGGETTI IN ORO
http://w3id.org/zac/88322_lot_9,4,DIPINTI | CORNICI | Kupferstiche; Radierungen; Holzschnitte; Schabkunstblatter | OGGETTI IN RAME
http://w3id.org/zac/88327_lot_12,4,ACQUERELLI | Holzschnitte; Kupferstiche; Radierungen | Miniaturen; Silhouetten | Steinzeug; Fayencen | STEINZEUG; FAYENCEN
http://w3id.org/zac/88327_lot_14,4,Holzschnitte; Kupferstiche; Radierungen | STEINZEUG; FAYENCEN | Steinzeug; Fayencen | Sculpturen; Mobel | Zinn; Messing; Kupfer; Bronzen
http://w3id.org/zac/88327_lot_3,4,Miniaturen; Silhouetten | Holzschnitte; Kupferstiche; Radierungen | VETRI | Zinn; Messing; Kupfer; Bronzen
http://w3id.org/zac/88327_lot_50,4,OGGETTI IN LEGNO | TESSUTI | Sculpturen; Mobel | STEINZEUG; FAYENCEN | Steinzeug; Fayencen
http://w3id.org/zac/88327_lot_60,4,OGGETTI IN RAME | PORCELLANE | Sculpturen; Mobel | Zinn; Messing; Kupfer; Bronzen
http://w3id.org/zac/88327_lot_75,4,Miniaturen; Silhouetten | OGGETTI IN RAME | Sculpturen; Mobel | PORCELLANE
http://w3id.org/zac/88327_lot_80,4,Handzeichnungen; Aquarelle | OGGETTI IN RAME | Sculpturen; Mobel | Steinzeug; Fayencen | STEINZEUG; FAYENCEN
http://w3id.org/zac/88342_lot_130,4,OGGETTI IN LATTA | VASI | Silber; Email | PORCELLANE
http://w3id.org/zac/88342_lot_20,4,SPECCHI | Silber; Email | TESSUTI | PIATTI
http://w3id.org/zac/88342_lot_320,4,MOBILI | OGGETTI VARI | OGGETTI IN LEGNO | PORCELLANE
http://w3id.org/zac/88342_lot_410,4,AVORI | MOBILI | Spiegel; Leuchter; Konsolen; Wanddekorationen | TESSUTI
http://w3id.org/zac/88342_lot_700,4,OROLOGI | TESSUTI | Spiegel; Leuchter; Konsolen; Wanddekorationen | Vertafelungen; Zimmereinrichtungen; Turen
http://w3id.org/zac/88351_lot_20,4,ARGENTI | Handzeichnungen; Aquarelle | Kupferstiche; Radierungen; Lithographien | OGGETTI IN RAME
http://w3id.org/zac/88351_lot_22,4,ARGENTI | Einrichtungsgegenstande; Mobel | OGGETTI IN RAME | PORCELLANE
http://w3id.org/zac/88351_lot_45,4,Handzeichnungen; Aquarelle | OGGETTI D'ARTE ORIENTALE | Kupferstiche; Radierungen; Lithographien | PORCELLANE
http://w3id.org/zac/88351_lot_60,4,Einrichtungsgegenstande; Mobel | Handzeichnungen; Aquarelle | OGGETTI IN RAME | PORCELLANE
http://w3id.org/zac/88351_lot_8,4,Kupferstiche; Radierungen; Lithographien | OGGETTI D'ARTE ORIENTALE | OGGETTI IN RAME | VETRI
http://w3id.org/zac/88362_lot_17,4,LIBRI | DIPINTI | STAMPE E INCISIONI | Stiche; Reproduktionen
http://w3id.org/zac/88362_lot_23,4,DIPINTI | LIBRI | OGGETTI IN RAME | Silhouetten; Miniaturen; Dosen
http://w3id.org/zac/88362_lot_26,4,Holz; Mobel | DIPINTI | OGGETTI VARI | Stoffe; Stickereien; Teppiche
http://w3id.org/zac/88362_lot_28,4,LIBRI | Holz; Mobel | Silhouetten; Miniaturen; Dosen | Silber; Schmucksticke
http://w3id.org/zac/88362_lot_8,4,DIPINTI | MINIATURE | LIBRI | SCULTURE
http://w3id.org/zac/88362_lot_9,4,MINIATURE | LIBRI | DIPINTI | OGGETTI IN LEGNO
http://w3id.org/zac/88363_lot_10,4,MOBILI | OGGETTI VARI | SCULTURE | PORZELLAN; FAYENCE | Porzellan; Fayence
http://w3id.org/zac/88363_lot_2,4,ARREDAMENTI | MOBILI | PORZELLAN; FAYENCE | SCULTURE | Porzellan; Fayence
http://w3id.org/zac/88363_lot_3,4,MOBILI | SCULTURE | PIATTI | Porzellan; Fayence | PORZELLAN; FAYENCE
http://w3id.org/zac/88367_lot_14,4,MOBILI | Fayence; Steinzeug; Majolika | STAMPE E INCISIONI | Teppiche; Gobelins; Stoffe
http://w3id.org/zac/88367_lot_16,4,MOBILI | Fayence; Steinzeug; Majolika | Teppiche; Gobelins; Stoffe | STAMPE E INCISIONI
http://w3id.org/zac/88367_lot_18,4,Fayence; Steinzeug; Majolika | MOBILI | PORCELLANE | Teppiche; Gobelins; Stoffe
http://w3id.org/zac/88367_lot_19,4,MOBILI | SCOMPARTI | STAMPE E INCISIONI | PORCELLANE
http://w3id.org/zac/88367_lot_2,4,MOBILI | Fayence; Steinzeug; Majolika | Teppiche; Gobelins; Stoffe | STAMPE E INCISIONI
http://w3id.org/zac/88367_lot_22,4,Fayence; Steinzeug; Majolika | MOBILI | PORCELLANE | STAMPE E INCISIONI
http://w3id.org/zac/88367_lot_25,4,OGGETTI IN LEGNO | STAMPE E INCISIONI | PORCELLANE | Teppiche; Gobelins; Stoffe
http://w3id.org/zac/88367_lot_29,4,MOBILI | OGGETTI IN ORO | STAMPE E INCISIONI | Teppiche; Gobelins; Stoffe
http://w3id.org/zac/88367_lot_31,4,Fayence; Steinzeug; Majolika | MOBILI | Teppiche; Gobelins; Stoffe | STAMPE E INCISIONI
http://w3id.org/zac/88367_lot_33,4,MOBILI | Fayence; Steinzeug; Majolika | Teppiche; Gobelins; Stoffe | STAMPE E INCISIONI
http://w3id.org/zac/88367_lot_34,4,BAULI | OGGETTI IN RAME | Teppiche; Gobelins; Stoffe | STAMPE E INCISIONI
http://w3id.org/zac/88367_lot_38,4,DIPINTI | MOBILI | Teppiche; Gobelins; Stoffe | PORCELLANE
http://w3id.org/zac/88367_lot_5,4,Fayence; Steinzeug; Majolika | MOBILI | STAMPE E INCISIONI | Teppiche; Gobelins; Stoffe
http://w3id.org/zac/88373_lot_25,4,ACQUEFORTI | OGGETTI IN PIOMBO | OGGETTI IN RAME | STAMPE E INCISIONI
http://w3id.org/zac/88374_lot_10,4,MAIOLICHE | MOBILI | OGGETTI IN METALLO | TESSUTI
http://w3id.org/zac/88374_lot_12,4,MOBILI | MAIOLICHE | TESSUTI | PORCELLANE
http://w3id.org/zac/88374_lot_20,4,MAIOLICHE | MOBILI | OGGETTI IN METALLO | TESSUTI
http://w3id.org/zac/88374_lot_21,4,MOBILI | OGGETTI IN METALLO | VETRI | STAMPE E INCISIONI
http://w3id.org/zac/88374_lot_23,4,MAIOLICHE | MOBILI | OGGETTI IN METALLO | PORCELLANE
http://w3id.org/zac/88374_lot_24,4,MOBILI | OGGETTI IN METALLO | SCATOLE | PORCELLANE
http://w3id.org/zac/88374_lot_27,4,MOBILI | OGGETTI IN METALLO | VETRI | PORCELLANE
http://w3id.org/zac/88374_lot_31,4,BASTONI | MOBILI | OGGETTI IN METALLO | VETRI
http://w3id.org/zac/88374_lot_33,4,MOBILI | OGGETTI IN METALLO | OGGETTI IN LEGNO | VETRI
http://w3id.org/zac/88374_lot_35,4,MOBILI | MAIOLICHE | OGGETTI IN METALLO | OGGETTI IN LEGNO
http://w3id.org/zac/88374_lot_7,4,MOBILI | MAIOLICHE | TESSUTI | PORCELLANE
http://w3id.org/zac/88374_lot_9,4,MAIOLICHE | DIPINTI | MOBILI | TESSUTI
http://w3id.org/zac/88377_lot_15,4,HOLZSKULPTUREN; PERSISCHE TEPPICHE | OGGETTI IN ORO | OGGETTI IN LEGNO | SILBERNE GERATE; CHINESISCHES PORZELLAN; ELFENBEINMINIATUREN; SPITZEN; FACHERSAMMLUNG
http://w3id.org/zac/88377_lot_3,4,HOLZSKULPTUREN; PERSISCHE TEPPICHE | OGGETTI VARI | STAMPE E INCISIONI | SILBERNE GERATE; CHINESISCHES PORZELLAN; ELFENBEINMINIATUREN; SPITZEN; FACHERSAMMLUNG
http://w3id.org/zac/88377_lot_7,4,CORNICI | HOLZSKULPTUREN; PERSISCHE TEPPICHE | SCATOLE | SILBERNE GERATE; CHINESISCHES PORZELLAN; ELFENBEINMINIATUREN; SPITZEN; FACHERSAMMLUNG
http://w3id.org/zac/88377_lot_9,4,HOLZSKULPTUREN; PERSISCHE TEPPICHE | OGGETTI VARI | SCOMPARTI | SILBERNE GERATE; CHINESISCHES PORZELLAN; ELFENBEINMINIATUREN; SPITZEN; FACHERSAMMLUNG
http://w3id.org/zac/88396_lot_10,4,LAMPADE | MAIOLICHE | DIPINTI | PORCELLANE
http://w3id.org/zac/88396_lot_7,4,DIPINTI | LAMPADE | FOTOGRAFIE | PORCELLANE
http://w3id.org/zac/88396_lot_8,4,LAMPADE | FOTOGRAFIE | DIPINTI | PORCELLANE
http://w3id.org/zac/88396_lot_I,4,AVORI | DIPINTI | MOBILI | OGGETTI VARI
http://w3id.org/zac/88398_lot_14,4,CORNICI | Bronze; Glas; Fayence | OGGETTI IN LEGNO | SCATOLE
http://w3id.org/zac/88398_lot_7,4,Bronze; Glas; Fayence | Mobel; Gobelins; Teppiche; Skulpturen | OGGETTI VARI | STAMPE E INCISIONI
http://w3id.org/zac/88398_lot_8,4,BIANCHERIA | Bronze; Glas; Fayence | Mobel; Gobelins; Teppiche; Skulpturen | VETRI
http://w3id.org/zac/88398_lot_9,4,BRONZI | Bronze; Glas; Fayence | OGGETTI VARI | OGGETTI IN LEGNO
http://w3id.org/zac/88400_lot_33,4,Fayencen; Steingut | FAYENCEN; STEINGUT | PORZELLAN; Waffen | TESSUTI | PORCELLANE
http://w3id.org/zac/88400_lot_39,4,ARMI | FAYENCEN; STEINGUT | Fayencen; Steingut | TESSUTI | PORZELLAN; Waffen
http://w3id.org/zac/88401_lot_I,4,CERAMICHE | MAIOLICHE | OGGETTI IN ORO | OGGETTI IN METALLO
http://w3id.org/zac/88412_lot_3,4,KLEINKUNST; MINIATUREN; TEXTILIEN | MOBEL; SKULPTUREN | OGGETTI VARI | PORCELLANE
http://w3id.org/zac/88412_lot_6,4,MOBEL; SKULPTUREN | KLEINKUNST; MINIATUREN; TEXTILIEN | MAIOLICHE | PORCELLANE
http://w3id.org/zac/88412_lot_7,4,KLEINKUNST; MINIATUREN; TEXTILIEN | MOBEL; SKULPTUREN | MAIOLICHE | PORCELLANE
http://w3id.org/zac/88413_lot_2,4,CERAMICHE | OGGETTI VARI | SCOMPARTI | VASI
http://w3id.org/zac/88413_lot_6,4,CERAMICHE | OGGETTI VARI | OGGETTI IN RAME | STAMPE E INCISIONI
http://w3id.org/zac/88413_lot_I,4,BIANCHERIA | CERAMICHE | OGGETTI IN FERRO | VASI
http://w3id.org/zac/88415_lot_2,4,OGGETTI D'ARTE ORIENTALE | Dritter Tag | OGGETTI IN LEGNO | OGGETTI VARI
http://w3id.org/zac/88415_lot_23,4,Dritter Tag | OGGETTI D'ARTE ORIENTALE | MINIATURE | OGGETTI IN LEGNO
http://w3id.org/zac/88415_lot_5,4,CORNICI | OGGETTI D'ARTE ORIENTALE | Dritter Tag | STAMPE E INCISIONI
http://w3id.org/zac/88415_lot_7,4,OGGETTI D'ARTE ORIENTALE | Dritter Tag | OGGETTI IN LEGNO | SCATOLE
http://w3id.org/zac/88415_lot_8,4,ARREDAMENTI | OGGETTI D'ARTE ORIENTALE | Dritter Tag | STAMPE E INCISIONI
http://w3id.org/zac/88417_lot_2,4,CORNICI | OGGETTI IN ORO | STAMPE E INCISIONI | SCULTURE
http://w3id.org/zac/88417_lot_3,4,CORNICI | OGGETTI IN ORO | SCULTURE | Plastik; Uhren; Mobel
http://w3id.org/zac/88417_lot_4,4,BRONZI | CORNICI | OGGETTI VARI | OGGETTI IN ORO
http://w3id.org/zac/88422_lot_24,4,ARGENTI | OGGETTI IN LEGNO | OGGETTI D'ARTE | PORCELLANE
http://w3id.org/zac/88422_lot_27,4,ARGENTI | ACQUEFORTI | VETRI | PORCELLANE
http://w3id.org/zac/88424_lot_10,4,ACQUERELLI | CORNICI | MOBILI | TEXTILIEN; TEPPICHE | Textilien; Teppiche
http://w3id.org/zac/88424_lot_15,4,MOBILI | MINIATURE | OGGETTI VARI | Textilien; Teppiche | TEXTILIEN; TEPPICHE
http://w3id.org/zac/88424_lot_19,4,MOBILI | MINIATURE | SPECCHI | TEXTILIEN; TEPPICHE | Textilien; Teppiche
http://w3id.org/zac/88424_lot_20,4,MOBILI | MINIATURE | TAPPETI | Textilien; Teppiche | TEXTILIEN; TEPPICHE
http://w3id.org/zac/88424_lot_21,4,MINIATURE | OGGETTI IN ORO | SCATOLE | TEXTILIEN; TEPPICHE | Textilien; Teppiche
http://w3id.org/zac/88424_lot_8,4,CORNICI | MOBILI | GEMALDE; ZEICHNUNGEN; AQUARELLE; MINIATUREN | TEXTILIEN; TEPPICHE | Textilien; Teppiche
http://w3id.org/zac/88436_lot_11,4,AQUARELLE; HANDZEICHNUNGEN | Aquarelle; Handzeichnungen | KUPFERSTICHE; SCHABKUNSTBLATTER; FARBENDRUCKE | OGGETTI IN LEGNO | STAMPE E INCISIONI
http://w3id.org/zac/88436_lot_19,4,Aquarelle; Handzeichnungen | AQUARELLE; HANDZEICHNUNGEN | KUPFERSTICHE; SCHABKUNSTBLATTER; FARBENDRUCKE | OGGETTI IN LEGNO | STAMPE E INCISIONI
http://w3id.org/zac/88436_lot_4,4,AQUARELLE; HANDZEICHNUNGEN | Aquarelle; Handzeichnungen | FOTOGRAFIE | KUPFERSTICHE; SCHABKUNSTBLATTER; FARBENDRUCKE | STAMPE E INCISIONI
http://w3id.org/zac/88442_lot_2,4,DISEGNI | OGGETTI IN LEGNO | OGGETTI IN RAME | STAMPE E INCISIONI
http://w3id.org/zac/88444_lot_15,4,MOBILI | OGGETTI D'ARTE | OGGETTI IN LATTA | VETRI
http://w3id.org/zac/88444_lot_16,4,MAIOLICHE | OGGETTI D'ARTE | TESSUTI | PORCELLANE
http://w3id.org/zac/88444_lot_20,4,OGGETTI D'ARTE | PORCELLANE | TESSUTI | TAPPETI
http://w3id.org/zac/88444_lot_21,4,MAIOLICHE | OGGETTI D'ARTE | TAPPETI | TESSUTI
http://w3id.org/zac/88444_lot_28,4,MAIOLICHE | OGGETTI D'ARTE | VETRI | PORCELLANE
http://w3id.org/zac/88444_lot_32,4,27. Oktober 1920 | MAIOLICHE | OGGETTI D'ARTE | PORCELLANE
http://w3id.org/zac/88444_lot_34,4,MAIOLICHE | OGGETTI D'ARTE | TESSUTI | PORCELLANE
http://w3id.org/zac/88444_lot_40,4,CORNICI | OGGETTI D'ARTE | OGGETTI IN LEGNO | TESSUTI
http://w3id.org/zac/88462_lot_11,4,CERAMICHE | OGGETTI VARI | OGGETTI IN ORO | TESSUTI
http://w3id.org/zac/88462_lot_16,4,CERAMICHE | OGGETTI D'ARTE ORIENTALE | KUPFER; ZINN | Kupfer; Zinn | SCULTURE
http://w3id.org/zac/88462_lot_21,4,CORNICI | CERAMICHE | OGGETTI VARI | VETRI
http://w3id.org/zac/88462_lot_27,4,CERAMICHE | KUPFERSTICHE; FARBDRUCKE | OGGETTI D'ARTE ORIENTALE | STAMPE E INCISIONI
http://w3id.org/zac/88462_lot_31,4,OGGETTI D'ARTE ORIENTALE | KUPFERSTICHE; FARBDRUCKE | OGGETTI IN ORO | PIATTI
http://w3id.org/zac/88462_lot_33,4,CERAMICHE | OGGETTI D'ARTE ORIENTALE | OGGETTI IN ORO | TESSUTI
http://w3id.org/zac/88467_lot_2,4,CORNICI | LAMPADE | PIATTI | Porzellane; Fayencen; Steingut
http://w3id.org/zac/88482_lot_11,4,LAMPADE | OGGETTI IN RAME | PORZELLAN; STEINZEUG; FAYENCE | VETRI
http://w3id.org/zac/88482_lot_14,4,25. Oktober 1921 | LAMPADE | OGGETTI IN ORO | PORZELLAN; STEINZEUG; FAYENCE
http://w3id.org/zac/88482_lot_16,4,LAMPADE | OGGETTI IN RAME | OGGETTI VARI | VETRI
http://w3id.org/zac/88482_lot_19,4,LAMPADE | OGGETTI IN ORO | VETRI | PORZELLAN; STEINZEUG; FAYENCE
http://w3id.org/zac/88482_lot_2,4,LAMPADE | OGGETTI IN RAME | OGGETTI IN ORO | PORZELLAN; STEINZEUG; FAYENCE
http://w3id.org/zac/88482_lot_27,4,OGGETTI IN ORO | OGGETTI VARI | PIATTI | VETRI
http://w3id.org/zac/88482_lot_32,4,OGGETTI IN ORO | SPECCHI | VETRI | PORZELLAN; STEINZEUG; FAYENCE
http://w3id.org/zac/88482_lot_4,4,26. Oktober 1921 | CORNICI | LAMPADE | PORZELLAN; STEINZEUG; FAYENCE
http://w3id.org/zac/88488_lot_18,4,MOBEL; TEPPICHE | Mobel; Teppiche | MINIATURE | OGGETTI IN ORO | PIATTI
http://w3id.org/zac/88488_lot_27,4,Mobel; Teppiche | MOBEL; TEPPICHE | OGGETTI IN ORO | OGGETTI VARI | STAMPE E INCISIONI
http://w3id.org/zac/88488_lot_9,4,Mobel; Teppiche | MOBEL; TEPPICHE | OGGETTI IN RAME | SCATOLE | PIATTI
http://w3id.org/zac/88495_lot_5,4,DISEGNI | HANDZEICHNUNGEN; KUPFERSTICHE | OGGETTI IN RAME | OGGETTI IN LEGNO
http://w3id.org/zac/88499_lot_2,4,CORNICI | OGGETTI D'ARTE ORIENTALE | OGGETTI IN ORO | PORCELLANE
http://w3id.org/zac/88504_lot_19,4,ANTICHITA' | DIPINTI | OGGETTI IN LEGNO | PIATTI
http://w3id.org/zac/88504_lot_25,4,ANTICHITA' | OGGETTI IN RAME | OGGETTI IN LEGNO | OGGETTI IN LATTA
http://w3id.org/zac/88504_lot_3,4,CORNICI | ANTICHITA' | DIPINTI | OGGETTI IN RAME
http://w3id.org/zac/88504_lot_9,4,ACQUEFORTI | ANTICHITA' | OGGETTI IN RAME | STAMPE E INCISIONI
http://w3id.org/zac/88519_lot_2,4,CAMINI | DIPINTI | OGGETTI IN LEGNO | STAMPE E INCISIONI
http://w3id.org/zac/88532_lot_11,4,DIPINTI | PALE D'ALTARE | OGGETTI IN RAME | PORZELLAN; FAYENCE; KUNSTGEWERBLICHE ARBEITEN
http://w3id.org/zac/88532_lot_12,4,DIPINTI | PORZELLAN; FAYENCE; KUNSTGEWERBLICHE ARBEITEN | STAMPE E INCISIONI | SCOMPARTI
http://w3id.org/zac/88532_lot_13,4,DIPINTI | LAMPADE | OGGETTI IN LATTA | PORZELLAN; FAYENCE; KUNSTGEWERBLICHE ARBEITEN
http://w3id.org/zac/88532_lot_14,4,DIPINTI | LAMPADE | OGGETTI IN LEGNO | PORZELLAN; FAYENCE; KUNSTGEWERBLICHE ARBEITEN
http://w3id.org/zac/88532_lot_19,4,DIPINTI | OGGETTI IN METALLO | OGGETTI IN ORO | PORZELLAN; FAYENCE; KUNSTGEWERBLICHE ARBEITEN
http://w3id.org/zac/88532_lot_2,4,DIPINTI | LAMPADE | VASI | PORZELLAN; FAYENCE; KUNSTGEWERBLICHE ARBEITEN
http://w3id.org/zac/88532_lot_21,4,DIPINTI | OGGETTI IN RAME | PIATTI | STAMPE E INCISIONI
http://w3id.org/zac/88532_lot_23,4,DIPINTI | PORZELLAN; FAYENCE; KUNSTGEWERBLICHE ARBEITEN | VASI | PIATTI
http://w3id.org/zac/88532_lot_28,4,DIPINTI | OGGETTI VARI | SCOMPARTI | PORZELLAN; FAYENCE; KUNSTGEWERBLICHE ARBEITEN
http://w3id.org/zac/88532_lot_8,4,DIPINTI | OGGETTI VARI | PORZELLAN; FAYENCE; KUNSTGEWERBLICHE ARBEITEN | PIATTI
http://w3id.org/zac/88543_lot_2,4,ARTI GRAFICHE | OGGETTI D'ARTE ORIENTALE | OGGETTI IN RAME | OGGETTI IN LEGNO
http://w3id.org/zac/88543_lot_4,4,ARTI GRAFICHE | ACQUEFORTI | OGGETTI D'ARTE ORIENTALE | OGGETTI IN RAME
http://w3id.org/zac/88543_lot_8,4,OGGETTI D'ARTE ORIENTALE | OGGETTI IN LEGNO | OGGETTI IN RAME | SCATOLE
http://w3id.org/zac/88547_lot_13,4,OGGETTI VARI | OGGETTI IN ORO | SPECCHI | PORCELLANE
http://w3id.org/zac/88547_lot_14,4,Porzellan; Gruppen; Figuren; Geschirr | PIATTI | SCATOLE | VETRI
http://w3id.org/zac/88547_lot_15,4,OGGETTI IN LEGNO | PORCELLANE | Porzellan; Gruppen; Figuren; Geschirr | VETRI
http://w3id.org/zac/88547_lot_18,4,OGGETTI IN LEGNO | PORCELLANE | VETRI | Porzellan; Gruppen; Figuren; Geschirr
http://w3id.org/zac/88547_lot_20,4,PORCELLANE | SCULTURE | VETRI | Porzellan; Gruppen; Figuren; Geschirr
http://w3id.org/zac/88547_lot_22,4,BIANCHERIA | OGGETTI VARI | VETRI | PORCELLANE
http://w3id.org/zac/88547_lot_4,4,OGGETTI IN ORO | Porzellan; Gruppen; Figuren; Geschirr | PIATTI | PORCELLANE
http://w3id.org/zac/88557_lot_13,4,OGGETTI D'ARTE ORIENTALE | OGGETTI IN ORO | OGGETTI VARI | STAMPE E INCISIONI
http://w3id.org/zac/88565_lot_11,4,MOBILI | Elfenbein; Miniaturen; Kleinkunst | OGGETTI D'ARTE ORIENTALE | OGGETTI IN ORO
http://w3id.org/zac/88565_lot_15,4,ARGENTI | MOBILI | OGGETTI D'ARTE ORIENTALE | Elfenbein; Miniaturen; Kleinkunst
http://w3id.org/zac/88565_lot_17,4,MOBILI | Elfenbein; Miniaturen; Kleinkunst | OGGETTI VARI | OGGETTI IN LATTA
http://w3id.org/zac/88565_lot_19,4,Elfenbein; Miniaturen; Kleinkunst | MOBILI | OGGETTI IN LEGNO | OGGETTI VARI
http://w3id.org/zac/88565_lot_25,4,CORNICI | MOBILI | Elfenbein; Miniaturen; Kleinkunst | SMALTI
http://w3id.org/zac/88565_lot_30,4,MINIATURE | OGGETTI D'ARTE ORIENTALE | Elfenbein; Miniaturen; Kleinkunst | OGGETTI IN LEGNO
http://w3id.org/zac/88565_lot_34,4,OGGETTI D'ARTE ORIENTALE | MOBILI | Elfenbein; Miniaturen; Kleinkunst | OGGETTI IN RAME
http://w3id.org/zac/88565_lot_35,4,Elfenbein; Miniaturen; Kleinkunst | MINIATURE | OGGETTI D'ARTE ORIENTALE | MOBILI
http://w3id.org/zac/88571_lot_I,4,MOBILI | DIPINTI | OGGETTI VARI | VASI DA FARMACIA
http://w3id.org/zac/88576_lot_2,4,CORNICI | Porzellan; Fayence; Glas | Waffen; Ristungen | VASI
http://w3id.org/zac/88582_lot_I,4,DIPINTI | OGGETTI IN LEGNO | PORCELLANE | STAMPE E INCISIONI
http://w3id.org/zac/88605_lot_11,4,COPPE | MOBILI | OGGETTI VARI | PORCELLANE
http://w3id.org/zac/88605_lot_3,4,MOBILI | OGGETTI VARI | PORCELLANE | SCOMPARTI
http://w3id.org/zac/88605_lot_8,4,Holzplastik; Kultgegenstande | MOBILI | OGGETTI VARI | PORCELLANE
http://w3id.org/zac/88605_lot_9,4,Holzplastik; Kultgegenstande | MOBILI | OGGETTI VARI | PORCELLANE
http://w3id.org/zac/88607_lot_10,4,ARREDAMENTI | LAMPADE | OGGETTI VARI | SCATOLE
http://w3id.org/zac/88607_lot_12,4,ARREDAMENTI | OGGETTI VARI | Porzellane; Fayence; Steinzeug | TEPPICHE; TEXTILIEN | Teppiche; Textilien
http://w3id.org/zac/88607_lot_15,4,ARREDAMENTI | LAMPADE | VASI | TAPPETI
http://w3id.org/zac/88607_lot_17,4,ARREDAMENTI | OGGETTI VARI | TEPPICHE; TEXTILIEN | PORCELLANE | Teppiche; Textilien
http://w3id.org/zac/88607_lot_18,4,ARREDAMENTI | Teppiche; Textilien | VASI | TEPPICHE; TEXTILIEN | Porzellane; Fayence; Steinzeug
http://w3id.org/zac/88607_lot_3,4,ARREDAMENTI | LAMPADE | OGGETTI VARI | OGGETTI IN LEGNO
http://w3id.org/zac/88607_lot_4,4,ARREDAMENTI | LAMPADE | OGGETTI VARI | Porzellane; Fayence; Steinzeug
http://w3id.org/zac/88607_lot_8,4,ARREDAMENTI | LAMPADE | OGGETTI VARI | PORCELLANE
http://w3id.org/zac/88609_lot_2,4,ARMI | OGGETTI D'ARTE ORIENTALE | OGGETTI IN METALLO | OGGETTI LACCATI
http://w3id.org/zac/88609_lot_20,4,ARMI | MOBILI | OGGETTI IN METALLO | OGGETTI LACCATI
http://w3id.org/zac/88609_lot_35,4,MOBILI | OGGETTI LACCATI | OGGETTI VARI | VASI
http://w3id.org/zac/88609_lot_40,4,ARMI | DIPINTI | OGGETTI IN METALLO | VETRI
http://w3id.org/zac/88609_lot_5,4,ARMI | OGGETTI LACCATI | OGGETTI IN METALLO | TESSUTI
http://w3id.org/zac/88609_lot_50,4,ARMI | OGGETTI D'ARTE ORIENTALE | OGGETTI LACCATI | OGGETTI IN METALLO
http://w3id.org/zac/88609_lot_6,4,ARMI | OGGETTI LACCATI | OGGETTI IN METALLO | TAPPETI
http://w3id.org/zac/88609_lot_8,4,ARMI | OGGETTI D'ARTE ORIENTALE | OGGETTI LACCATI | VETRI
http://w3id.org/zac/88615_lot_2,4,DIPINTI | DISEGNI | OGGETTI IN PIOMBO | OGGETTI IN LEGNO
http://w3id.org/zac/88615_lot_6,4,ARREDAMENTI | DISEGNI | OGGETTI IN LEGNO | OGGETTI IN PIOMBO
http://w3id.org/zac/88618_lot_4,4,BRONZI | CERAMICHE | OGGETTI IN ORO | SCOMPARTI
http://w3id.org/zac/88618_lot_7,4,BRONZE; KUPFER; MESSING; ZINN; TEXTILIEN; FAYENCE-SCHUSSELN | CERAMICHE | OGGETTI VARI | SCOMPARTI
http://w3id.org/zac/88633_lot_234,4,CORNICI | MOBEL; TEPPICHE | Mobel; Teppiche | OGGETTI IN ORO | OGGETTI VARI
http://w3id.org/zac/88633_lot_69,4,Mobel; Teppiche | MOBEL; TEPPICHE | OGGETTI IN LEGNO | OGGETTI IN RAME | PIATTI
http://w3id.org/zac/88638_lot_11,4,LAMPADE | MOBILI | OGGETTI VARI | TEPPICHE; FLAMISCHER WANDTEPPICH
http://w3id.org/zac/88638_lot_4,4,MINIATURE | MOBILI | OGGETTI IN METALLO | TEPPICHE; FLAMISCHER WANDTEPPICH
http://w3id.org/zac/88646_lot_17,4,MOBEL; HOLZSCHNITZEREIEN; PORZELLAN; FAYENCEN | PERSERTEPPICHE; KELIMS | SCATOLE | STAMPE E INCISIONI
http://w3id.org/zac/88646_lot_19,4,MOBEL; HOLZSCHNITZEREIEN; PORZELLAN; FAYENCEN | PERSERTEPPICHE; KELIMS | OGGETTI IN ORO | PORCELLANE
http://w3id.org/zac/88646_lot_2,4,ARGENTI | MOBEL; HOLZSCHNITZEREIEN; PORZELLAN; FAYENCEN | PERSERTEPPICHE; KELIMS | VASI
http://w3id.org/zac/88646_lot_21,4,MOBEL; HOLZSCHNITZEREIEN; PORZELLAN; FAYENCEN | PERSERTEPPICHE; KELIMS | OGGETTI IN ORO | PORZELLAN; BRONZEN; GLAS
http://w3id.org/zac/88646_lot_24,4,MOBEL; HOLZSCHNITZEREIEN; PORZELLAN; FAYENCEN | PERSERTEPPICHE; KELIMS | PORZELLAN; BRONZEN; GLAS | PIATTI
http://w3id.org/zac/88652_lot_8,4,CERAMICHE | Irdengut; Steinzeug; Steingut | OGGETTI VARI | PIATTI
http://w3id.org/zac/88661_lot_4,4,ANTIQUITATEN; GEMALDE | Holzplastik; Perserteppiche; Gemalde | OGGETTI IN LATTA | STAMPE E INCISIONI
http://w3id.org/zac/88668_lot_12,4,ARGENTI | Holz- und Elfenbein-Skulpturen; Bronzekronen; Kandelaber | MERLETTI | Palissy-Arbeiten; Majoliken
http://w3id.org/zac/88668_lot_13,4,ARGENTI | Holz- und Elfenbein-Skulpturen; Bronzekronen; Kandelaber | Palissy-Arbeiten; Majoliken | SCATOLE
http://w3id.org/zac/88668_lot_15,4,ARGENTI | Holz- und Elfenbein-Skulpturen; Bronzekronen; Kandelaber | TAPPETI | PORCELLANE
http://w3id.org/zac/88668_lot_16,4,Holz- und Elfenbein-Skulpturen; Bronzekronen; Kandelaber | OGGETTI VARI | TAPPETI | PORCELLANE
http://w3id.org/zac/88668_lot_19,4,Bruisseler und franzosische Gobelins; Point-Arbeiten; Stickereien | ARGENTI | Holz- und Elfenbein-Skulpturen; Bronzekronen; Kandelaber | TAPPETI
http://w3id.org/zac/88668_lot_20,4,Holz- und Elfenbein-Skulpturen; Bronzekronen; Kandelaber | OGGETTI IN ORO | PORCELLANE | TAPPETI
http://w3id.org/zac/88668_lot_22,4,ARGENTI | OGGETTI VARI | PORCELLANE | TAPPETI
http://w3id.org/zac/88668_lot_9,4,ARGENTI | Holz- und Elfenbein-Skulpturen; Bronzekronen; Kandelaber | OGGETTI IN ORO | Palissy-Arbeiten; Majoliken
http://w3id.org/zac/88672_lot_3,4,CORNICI | KUNSTGEWERBE; SKULPTUREN | OGGETTI IN LEGNO | STAMPE E INCISIONI
http://w3id.org/zac/88679_lot_10,4,ANTICHITA' | Gobelins; Perserteppiche | TERRECOTTE | STAMPE E INCISIONI
http://w3id.org/zac/88679_lot_11,4,CORNICI | ANTICHITA' | Gobelins; Perserteppiche | OGGETTI IN ORO
http://w3id.org/zac/88679_lot_13,4,ANTICHITA' | Gobelins; Perserteppiche | OGGETTI IN ORO | STAMPE E INCISIONI
http://w3id.org/zac/88679_lot_17,4,ANTICHITA' | OGGETTI IN ORO | STAMPE E INCISIONI | TERRECOTTE
http://w3id.org/zac/88679_lot_20,4,ANTICHITA' | Gobelins; Perserteppiche | OGGETTI IN ORO | SPECCHI
http://w3id.org/zac/88679_lot_22,4,ANTICHITA' | Antiquitaten; Gemalde; Graphik | Gobelins; Perserteppiche | OGGETTI IN ORO
http://w3id.org/zac/88681_lot_3,4,ARGENTI | OGGETTI IN LEGNO | TERRECOTTE | SCULTURE
http://w3id.org/zac/88681_lot_7,4,ARGENTI | ARAZZI | TERRECOTTE | VASI
http://w3id.org/zac/88690_lot_3,4,MOBILI | DIPINTI | OGGETTI IN ORO | OGGETTI IN PELLE
http://w3id.org/zac/88690_lot_30,4,AVORI | ARMI | DIPINTI | PORCELLANE
http://w3id.org/zac/88690_lot_80,4,ARMI | LAMPADE | MINIATURE | OGGETTI IN METALLO
http://w3id.org/zac/88692_lot_19,4,COPPE | MOBILI | OGGETTI VARI | VASI
http://w3id.org/zac/88692_lot_21,4,BIANCHERIA | MOBILI | OGGETTI IN LEGNO | OGGETTI VARI
http://w3id.org/zac/88692_lot_23,4,COPPE | MOBILI | LAMPADE | OGGETTI IN LEGNO
http://w3id.org/zac/88692_lot_24,4,ALABASTRI | MOBILI | OGGETTI IN LEGNO | OGGETTI VARI
http://w3id.org/zac/88692_lot_7,4,CORNICI | MOBILI | OGGETTI VARI | SCATOLE
http://w3id.org/zac/88697_lot_7,4,CERAMICHE | OGGETTI VARI | OGGETTI IN FERRO | PORCELLANE
http://w3id.org/zac/88701_lot_I,4,CRISTALLI | MOBEL; HOLZARBEITEN | Mobel; Holzarbeiten | OGGETTI VARI | TESSUTI
http://w3id.org/zac/88705_lot_16,4,BRONZI | OGGETTI IN ORO | PORZELLAN; FAYENCEN; MAJOLIKA | PORZELLAN; BRONZEN; LACKARBEITEN
http://w3id.org/zac/88705_lot_17,4,BASTONI | OGGETTI VARI | PORZELLAN; FAYENCEN; MAJOLIKA | PORZELLAN; BRONZEN; LACKARBEITEN
http://w3id.org/zac/88705_lot_19,4,BASTONI | CORNICI | MAIOLICHE | PORZELLAN; BRONZEN; LACKARBEITEN
http://w3id.org/zac/88705_lot_20,4,CORNICI | PORZELLAN; BRONZEN; LACKARBEITEN | PIATTI | PORZELLAN; FAYENCEN; MAJOLIKA
http://w3id.org/zac/88705_lot_6,4,OGGETTI IN ORO | OGGETTI IN LEGNO | PORZELLAN; BRONZEN; LACKARBEITEN | PORZELLAN; FAYENCEN; MAJOLIKA
http://w3id.org/zac/88706_lot_2,4,CORNICI | OGGETTI IN LEGNO | OGGETTI IN RAME | VASI
http://w3id.org/zac/88709_lot_15,4,ARAZZI | DIPINTI | VASI | SPECCHI
http://w3id.org/zac/88709_lot_16,4,ARAZZI | DIPINTI | OGGETTI VARI | OGGETTI IN ORO
http://w3id.org/zac/88709_lot_20,4,ARAZZI | CORNICI | DIPINTI | OGGETTI IN ORO
http://w3id.org/zac/88709_lot_27,4,ARAZZI | DIPINTI | MINIATURE | OGGETTI VARI
http://w3id.org/zac/88714_lot_I,4,ARBEITEN IN METALL; HOLZ; STEIN; GLAS | MOBILI | OGGETTI VARI | PORCELLANE
http://w3id.org/zac/88716_lot_4,4,CANDELABRI | Mobel; Teppiche | KLEINMOBEL; BRONZEN; CHINAPORZELLAN; KANDELABER; APPLIQUES; LUSTER; PLASTIK | HANDZEICHNUNGEN; KUPFERSTICHE; GEMALDE | MOBEL; TEPPICHE
http://w3id.org/zac/88716_lot_8,4,CANDELABRI | HANDZEICHNUNGEN; KUPFERSTICHE; GEMALDE | DISEGNI | KLEINMOBEL; BRONZEN; CHINAPORZELLAN; KANDELABER; APPLIQUES; LUSTER; PLASTIK
http://w3id.org/zac/88723_lot_16,4,LIBRI | DISEGNI | OGGETTI IN METALLO | OGGETTI VARI
http://w3id.org/zac/88723_lot_I,4,ARTI GRAFICHE | LIBRI | OGGETTI IN LEGNO | SCULTURE
http://w3id.org/zac/88743_lot_23,4,ARMI | LAMPADE | OGGETTI VARI | OGGETTI IN LATTA
http://w3id.org/zac/88745_lot_16,4,ARREDAMENTI | MOBILI | OGGETTI VARI | PORZELLAN; KERAMIK; ELFENBEINFIGUREN; ZWISCHENGOLDGLASER; BRONZEN
http://w3id.org/zac/88745_lot_22,4,DIPINTI | OGGETTI IN METALLO | OGGETTI IN ORO | VASI
http://w3id.org/zac/88745_lot_24,4,DIPINTI | MOBILI | OGGETTI VARI | PIATTI
http://w3id.org/zac/88755_lot_1,4,MOBILI | OGGETTI IN LEGNO | OGGETTI VARI | Siberarbeiten; Mobel
http://w3id.org/zac/88755_lot_18,4,Bronze; Zinn; Bildwerke | MOBILI | Siberarbeiten; Mobel | TAPPETI
http://w3id.org/zac/88755_lot_3,4,Bronze; Zinn; Bildwerke | BRONZI | ARGENTI | MOBILI
http://w3id.org/zac/88756_lot_466,4,CORNICI | CAMINI | OGGETTI IN LEGNO | PLASTIK; SCHNITZEREIEN
http://w3id.org/zac/88764_lot_4,4,TEPPICHE; TEXTILIEN | TERRECOTTE | Teppiche; Textilien | VETRI | SCULTURE
http://w3id.org/zac/88764_lot_7,4,OGGETTI VARI | VETRI | SCATOLE | TAPPETI
http://w3id.org/zac/88764_lot_8,4,SCATOLE | VASI | VETRI | Teppiche; Textilien | TEPPICHE; TEXTILIEN
http://w3id.org/zac/88783_lot_10,4,GIOIELLI | OGGETTI IN PELLE | Orientteppihe; Textilen | VETRI
http://w3id.org/zac/88783_lot_100,4,ARMI | MOBILI | OGGETTI IN LEGNO | Porzellan; Bronzen
http://w3id.org/zac/88783_lot_16,4,MOBILI | GIOIELLI | Porzellan; Steingut | VETRI
http://w3id.org/zac/88783_lot_20,4,OGGETTI IN PELLE | Porzellan; Bronzen | SCULTURE | VETRI
http://w3id.org/zac/88783_lot_40,4,MOBILI | MAIOLICHE | OGGETTI IN METALLO | Porzellan; Bronzen
http://w3id.org/zac/88783_lot_80,4,ARMI | MAIOLICHE | MOBILI | Orientteppihe; Textilen
http://w3id.org/zac/88790_lot_5,4,ANTICHITA' | OGGETTI D'ARTE ORIENTALE | OGGETTI IN ORO | PORCELLANE
http://w3id.org/zac/88804_lot_3,4,MOBILI | OGGETTI VARI | VASI | PIATTI
http://w3id.org/zac/90052_lot_3,4,ARAZZI | LAMPADE | OGGETTI IN LEGNO | POLTRONE
http://w3id.org/zac/90087_lot_1,4,AVORI | ARBEITEN IN BRONZE; MESSING; KUPFER | STAGNI | VETRI
http://w3id.org/zac/90087_lot_110,4,ARBEITEN IN BRONZE; MESSING; KUPFER | MATHEMATISCHE INSTRUMENTE; OPTISCHE INSTRUMENTE | OGGETTI IN RAME | VETRI
http://w3id.org/zac/90087_lot_12,4,ARBEITEN IN BRONZE; MESSING; KUPFER | OGGETTI VARI | TERRECOTTE | VETRI
http://w3id.org/zac/90087_lot_13,4,LAMPADE | OGGETTI VARI | OGGETTI IN FERRO | TERRECOTTE
http://w3id.org/zac/90087_lot_22,4,OGGETTI VARI | OGGETTI IN FERRO | VETRI | Samte; Brokate; Damaste; Stickereien; Spitzen
http://w3id.org/zac/90087_lot_32,4,ARGENTI | MEDAGLIE | OGGETTI VARI | OGGETTI IN FERRO
http://w3id.org/zac/90087_lot_35,4,BUCHER; MANUSKRIPTE | MATHEMATISCHE INSTRUMENTE; OPTISCHE INSTRUMENTE | TABACCHIERE | VETRI
http://w3id.org/zac/90087_lot_55,4,JAGDBESTECKE; JAGDUTENSILIEN | GIOIELLI | OGGETTI IN FERRO | STAGNI
http://w3id.org/zac/90087_lot_57,4,MOBILI | Fayencen; Majoliken | OGGETTI IN ORO | VETRI
http://w3id.org/zac/90087_lot_80,4,CORNICI | ARGENTI | GIOIELLI | PORCELLANE
http://w3id.org/zac/90087_lot_81,4,OGGETTI VARI | OGGETTI IN ORO | PORCELLANE | VETRI
http://w3id.org/zac/90087_lot_9,4,Fayencen; Majoliken | OGGETTI VARI | VETRI | TERRECOTTE
http://w3id.org/zac/90097_lot_3,4,BASSORILIEVI | OGGETTI VARI | SCULTURE | PLACCHETTE
http://w3id.org/zac/90097_lot_I,4,GIOIELLI | OGGETTI VARI | OGGETTI IN METALLO | STAMPE E INCISIONI
http://w3id.org/zac/B1210_lot_7,4,BISCOTTI | ARREDAMENTI | OGGETTI IN LEGNO | VASI
http://w3id.org/zac/B2246_lot_10,4,BASSORILIEVI | ARMI | MARMI | PORCELLANE
http://w3id.org/zac/B2246_lot_9,4,ARMI | MINIATURE | OGGETTI IN LEGNO | PORCELLANE
http://w3id.org/zac/44434_lot_70,3,ARREDAMENTI | BORSE | GIOIELLI
http://w3id.org/zac/4454_lot_12,3,BRONZI | OGGETTI VARI | OGGETTI IN LEGNO
http://w3id.org/zac/4454_lot_413,3,BIANCHERIA | DECORAZIONI DA PARETE | SCOMPARTI
http://w3id.org/zac/4454_lot_8,3,BRONZI | LAMPADE | OGGETTI VARI
http://w3id.org/zac/4454_lot_9,3,BRONZI | OGGETTI VARI | VETRI
http://w3id.org/zac/4466_lot_6,3,CANDELABRI | CORNICI | VASI
http://w3id.org/zac/4554_lot_10,3,ARAZZI | OGGETTI IN LEGNO | PANNELLI
http://w3id.org/zac/4554_lot_271,3,MOBILI | OGGETTI VARI | PANNELLI
http://w3id.org/zac/4554_lot_5,3,ARAZZI | MOBILI | SCOMPARTI
http://w3id.org/zac/4554_lot_657,3,DECORAZIONI DA PARETE | LAMPADE | OGGETTI IN LEGNO
http://w3id.org/zac/4554_lot_7,3,ACQUEFORTI | MOBILI | SCOMPARTI
http://w3id.org/zac/4554_lot_9,3,OGGETTI IN LEGNO | PANNELLI | OGGETTI VARI
http://w3id.org/zac/4868_lot_10,3,MINIATURE | MOBILI | OGGETTI VARI
http://w3id.org/zac/4868_lot_11,3,DIPINTI | MOBILI | OGGETTI VARI
http://w3id.org/zac/4868_lot_16,3,DIPINTI | GIOIE; ORI; ARGENTI | OGGETTI VARI
http://w3id.org/zac/50064_lot_1,3,ARGENTI | OGGETTI VARI | SCULTURE
http://w3id.org/zac/50114_lot_10,3,DIPINTI | ORFEVRERIES; BIJOUX; OBJETS DE VITRINE | SCOMPARTI
http://w3id.org/zac/50114_lot_12,3,DIPINTI | ORFEVRERIES; BIJOUX; OBJETS DE VITRINE | VELOURS; SOIES; BRODERIES
http://w3id.org/zac/50114_lot_14,3,DIPINTI | SCULTURE | VELOURS; SOIES; BRODERIES
http://w3id.org/zac/50114_lot_19,3,DIPINTI | ORFEVRERIES; BIJOUX; OBJETS DE VITRINE | VELOURS; SOIES; BRODERIES
http://w3id.org/zac/50114_lot_27,3,ARAZZI | DIPINTI | SCULTURE
http://w3id.org/zac/50115_lot_I,3,BIANCHERIA | DIPINTI | OGGETTI VARI
http://w3id.org/zac/50791_lot_6,3,PIATTI | OGGETTI IN LEGNO | PANNELLI
http://w3id.org/zac/50791_lot_7,3,ACQUEFORTI | OGGETTI VARI | OGGETTI IN LEGNO
http://w3id.org/zac/50791_lot_8,3,PIATTI | OGGETTI IN LEGNO | VASI
http://w3id.org/zac/51174_lot_87,3,ARREDAMENTI | OGGETTI VARI | POLTRONE
http://w3id.org/zac/51174_lot_I,3,MOBILI | OGGETTI VARI | VASI
http://w3id.org/zac/51178_lot_I,3,BASSORILIEVI | OGGETTI D'ARTE | VASI
http://w3id.org/zac/51192_lot_2,3,OGGETTI VARI | TAPPETI | REPERTI ARCHEOLOGICI
http://w3id.org/zac/51205_lot_193,3,BIANCHERIA | LAMPADE | MERLETTI
http://w3id.org/zac/51205_lot_6,3,BIANCHERIA | LUSTRI | POTTERY; PORCELAINS
http://w3id.org/zac/51205_lot_9,3,BIANCHERIA | OGGETTI VARI | POTTERY; PORCELAINS
http://w3id.org/zac/5247_lot_4,3,MAIOLICHE | OGGETTI IN PELTRO | Verres; Cristaux | VERRES; CRISTAUX
http://w3id.org/zac/5444_lot_1,3,Mardi 10 Mai | OGGETTI VARI | OGGETTI IN LEGNO
http://w3id.org/zac/5444_lot_7,3,Mardi 17 Mai | OGGETTI VARI | SCULTURE
http://w3id.org/zac/5444_lot_I,3,Mardi 10 Mai | OGGETTI IN LEGNO | VASI
http://w3id.org/zac/5541_lot_10,3,COPPE | PIATTI | POLTRONE
http://w3id.org/zac/5541_lot_14,3,ACQUEFORTI | SCOMPARTI | SCATOLE
http://w3id.org/zac/5541_lot_15,3,ACQUEFORTI | MINIATURE | PIATTI
http://w3id.org/zac/5541_lot_7,3,ARREDAMENTI | VASI | POLTRONE
http://w3id.org/zac/5725_lot_2,3,MOBILI | OGGETTI VARI | OGGETTI IN LEGNO
http://w3id.org/zac/5725_lot_3,3,MOBILI | MINIATURE | OGGETTI IN LEGNO
http://w3id.org/zac/5725_lot_66,3,PIATTI | OGGETTI IN LEGNO | VASI
http://w3id.org/zac/5731_lot_1,3,ARREDAMENTI | OGGETTI IN LEGNO | STAMPE E INCISIONI
http://w3id.org/zac/5760_lot_9,3,OGGETTI IN ORO | SMALTI | SPECCHI
http://w3id.org/zac/65734_lot_2,3,CANDELABRI | BRONZI | SCULTURE
http://w3id.org/zac/65739_lot_I,3,OGGETTI IN LEGNO | OGGETTI VARI | VASI
http://w3id.org/zac/66057_lot_I,3,LIBRI | OGGETTI D'ARTE ORIENTALE | STAMPE E INCISIONI
http://w3id.org/zac/66069_lot_6,3,CHINESE CARVINGS; HARDSTONES | VASI | PORCELLANE
http://w3id.org/zac/66070_lot_6,3,BIANCHERIA | MOBILI | SPECCHI
http://w3id.org/zac/66072_lot_6,3,OGGETTI D'ARTE | PORCELLANE | SCOMPARTI
http://w3id.org/zac/66093_lot_2,3,CERAMICHE | MOBILI | OGGETTI IN LEGNO
http://w3id.org/zac/66093_lot_3,3,CERAMICHE | MOBILI | VASI
http://w3id.org/zac/81742_lot_6,3,BASSORILIEVI | OGGETTI VARI | OGGETTI IN LEGNO
http://w3id.org/zac/81742_lot_7,3,BRONZI | PANNELLI | VASI
http://w3id.org/zac/81744_lot_10,3,LIBRI | EPEES; DAGUES; POIGNARDS; HACHES; LANCES | STAMPE E INCISIONI
http://w3id.org/zac/81744_lot_12,3,LIBRI | OGGETTI IN LEGNO | STAMPE E INCISIONI
http://w3id.org/zac/81745_lot_5,3,MINIATURE | Terres cuites émaillees | VASI
http://w3id.org/zac/81748_lot_3,3,OGGETTI VARI | OGGETTI IN LEGNO | SCATOLE
http://w3id.org/zac/81755_lot_13,3,ARREDAMENTI | OGGETTI VARI | OGGETTI IN LEGNO
http://w3id.org/zac/81755_lot_4,3,CANDELABRI | LUSTRI | OGGETTI IN LEGNO
http://w3id.org/zac/81755_lot_5,3,BISCOTTI | OGGETTI IN LEGNO | OGGETTI VARI
http://w3id.org/zac/81755_lot_7,3,CANDELABRI | OGGETTI VARI | OGGETTI IN LEGNO
http://w3id.org/zac/81757_lot_I,3,Oelgemalde; Aquarelle; Zeichnungen | OGGETTI IN LEGNO | OGGETTI VARI
http://w3id.org/zac/81759_lot_2,3,ARREDAMENTI | MOBILI | OGGETTI VARI
http://w3id.org/zac/81763_lot_18,3,MARMI | PIATTI | VASI
http://w3id.org/zac/81763_lot_4,3,BOTTIGLIE | BRONZI | MOBILI
http://w3id.org/zac/81767_lot_10,3,OGGETTI VARI | POLTRONE | VASI
http://w3id.org/zac/81767_lot_6,3,SEDIE | VASI | POLTRONE
http://w3id.org/zac/81770_lot_23,3,CORNICI | MAIOLICHE | VASI
http://w3id.org/zac/81770_lot_29,3,CORNICI | Argenterie; oreficerie | TERRECOTTE
http://w3id.org/zac/81770_lot_30,3,Argenterie; oreficerie | Bronzi; marmi; terracotte | DIPINTI
http://w3id.org/zac/81770_lot_31,3,DIPINTI | MAIOLICHE | PORCELLANE
http://w3id.org/zac/81770_lot_32,3,MAIOLICHE | SCATOLE | PORCELLANE
http://w3id.org/zac/81770_lot_34,3,MAIOLICHE | SCATOLE | VASI
http://w3id.org/zac/81771_lot_1,3,BRONZI | MARMI | OGGETTI VARI
http://w3id.org/zac/81771_lot_11,3,DIPINTI | OGGETTI VARI | VASI
http://w3id.org/zac/81771_lot_12,3,CORNICI | MARMI | OGGETTI VARI
http://w3id.org/zac/81771_lot_121,3,OGGETTI IN LEGNO | OGGETTI VARI | VETRI
http://w3id.org/zac/81771_lot_7,3,DIPINTI | MOBILI | OGGETTI VARI
http://w3id.org/zac/81771_lot_9,3,DIPINTI | OGGETTI VARI | VETRI
http://w3id.org/zac/81772_lot_10,3,1. aprile | 6 aprile | OGGETTI VARI
http://w3id.org/zac/81772_lot_11,3,1. aprile | 6 aprile | OGGETTI VARI
http://w3id.org/zac/81772_lot_13,3,CORNICI | 4 Aprile 1908 | OGGETTI VARI
http://w3id.org/zac/81772_lot_14,3,1. aprile | 4 Aprile 1908 | OGGETTI VARI
http://w3id.org/zac/81772_lot_9,3,1. aprile | MINIATURE | OGGETTI VARI
http://w3id.org/zac/81773_lot_10,3,MONETE | OGGETTI VARI | SCOMPARTI
http://w3id.org/zac/81773_lot_14,3,MONETE | MINIATURE | VASI
http://w3id.org/zac/81773_lot_7,3,MONETE | OGGETTI VARI | VASI
http://w3id.org/zac/81774_lot_10,3,UTENSILES; OBJETS D'USAGE DOMESTIQUE | SPECCHI | VENTAGLI
http://w3id.org/zac/81774_lot_3,3,OGGETTI IN LEGNO | UTENSILES; OBJETS D'USAGE DOMESTIQUE | REPERTI ARCHEOLOGICI
http://w3id.org/zac/81774_lot_7,3,ARREDAMENTI | UTENSILES; OBJETS D'USAGE DOMESTIQUE | REPERTI ARCHEOLOGICI
http://w3id.org/zac/81774_lot_8,3,CANONS; MORTIERS; ESPINGARDS | VENTAGLI | UTENSILES; OBJETS D'USAGE DOMESTIQUE
http://w3id.org/zac/81775_lot_13,3,Bronzi; Marmi; Terrecotte; Avorii; Legni | DIPINTI | Maioliche; Porcellane | MAIOLICHE; PORCELLANE | Maioliche; porcellane
http://w3id.org/zac/81775_lot_28,3,DIPINTI | MOBILI | MINIATURE
http://w3id.org/zac/81775_lot_30,3,DIPINTI | MINIATURE | MAIOLICHE; PORCELLANE | Maioliche; Porcellane | Maioliche; porcellane
http://w3id.org/zac/81775_lot_34,3,CORNICI | Maioliche; porcellane | Maioliche; Porcellane | MAIOLICHE; PORCELLANE | MINIATURE
http://w3id.org/zac/81775_lot_35,3,CORNICI | MOBILI | MINIATURE
http://w3id.org/zac/81779_lot_16,3,DIPINTI | CORNICI | STAMPE E INCISIONI
http://w3id.org/zac/81779_lot_18,3,CORNICI | DIPINTI | MOBILI
http://w3id.org/zac/81779_lot_22,3,ARREDAMENTI | DIPINTI | STAMPE E INCISIONI
http://w3id.org/zac/81779_lot_25,3,CORNICI | DIPINTI | Maioliche; Porcellane; Cristallerie
http://w3id.org/zac/81779_lot_35,3,CORNICI | ARMI | Maioliche; Porcellane; Cristallerie
http://w3id.org/zac/81779_lot_7,3,Bronzi; Marmi; Terrecotte | DIPINTI | STAMPE E INCISIONI
http://w3id.org/zac/81779_lot_8,3,Bronzi; Marmi; Terrecotte | CORNICI | POLTRONE
http://w3id.org/zac/81783_lot_10,3,DIPINTI | MOBILI | VASI
http://w3id.org/zac/81783_lot_4,3,DIPINTI | MINIATURE | TAPPETI
http://w3id.org/zac/81783_lot_5,3,DIPINTI | Placchette; Medaglie | TAPPETI
http://w3id.org/zac/81783_lot_8,3,DIPINTI | MOBILI | VASI
http://w3id.org/zac/81784_lot_11,3,DIPINTI | CORNICI | OGGETTI D'ARTE
http://w3id.org/zac/81784_lot_12,3,CORNICI | DIPINTI | MINIATURE
http://w3id.org/zac/81784_lot_14,3,DIPINTI | CORNICI | MINIATURE
http://w3id.org/zac/81784_lot_15,3,Argenterie; Oggetti d'oro; Oggetti da vetrina | BRONZI | CORNICI
http://w3id.org/zac/81784_lot_17,3,DIPINTI | Argenterie; Oggetti d'oro; Oggetti da vetrina | MAIOLICHE; PORCELLANE | Maioliche; Porcellane | Maioliche; porcellane
http://w3id.org/zac/81784_lot_18,3,CORNICI | DIPINTI | Maioliche; porcellane | Maioliche; Porcellane | MAIOLICHE; PORCELLANE
http://w3id.org/zac/81784_lot_27,3,DIPINTI | Argenterie; Oggetti d'oro; Oggetti da vetrina | CORNICI
http://w3id.org/zac/81784_lot_28,3,DIPINTI | CORNICI | OGGETTI D'ARTE
http://w3id.org/zac/81784_lot_3,3,DIPINTI | MAIOLICHE; PORCELLANE | Maioliche; porcellane | Maioliche; Porcellane | Incisioni; disegni | Incisioni; Disegni
http://w3id.org/zac/81784_lot_40,3,CORNICI | Argenterie; Oggetti d'oro; Oggetti da vetrina | Maioliche; Porcellane | Maioliche; porcellane | MAIOLICHE; PORCELLANE
http://w3id.org/zac/81784_lot_7,3,CORNICI | DIPINTI | Incisioni; Disegni | Incisioni; disegni
http://w3id.org/zac/81789_lot_18,3,CORNICI | Maioliche; Porcellane | MAIOLICHE; PORCELLANE | Maioliche; porcellane | POLTRONE
http://w3id.org/zac/81789_lot_27,3,DIPINTI | MAIOLICHE; PORCELLANE | Maioliche; porcellane | Maioliche; Porcellane | VASI
http://w3id.org/zac/81789_lot_7,3,CORNICI | MOBILI | Maioliche; porcellane | Maioliche; Porcellane | MAIOLICHE; PORCELLANE
http://w3id.org/zac/81790_lot_14,3,DIPINTI | CORNICI | MINIATURE
http://w3id.org/zac/81790_lot_18,3,DIPINTI | MAIOLICHE; PORCELLANE | Maioliche; Porcellane | Maioliche; porcellane | MINIATURE
http://w3id.org/zac/81790_lot_20,3,Bronzi; Avori; Terrecotte | CORNICI | DIPINTI
http://w3id.org/zac/81790_lot_21,3,DIPINTI | CORNICI | Maioliche; Porcellane | Maioliche; porcellane | MAIOLICHE; PORCELLANE
http://w3id.org/zac/81790_lot_22,3,CORNICI | Bronzi; Avori; Terrecotte | Maioliche; porcellane | Maioliche; Porcellane | MAIOLICHE; PORCELLANE
http://w3id.org/zac/81790_lot_23,3,Bronzi; Avori; Terrecotte | DIPINTI | Maioliche; porcellane | Maioliche; Porcellane | MAIOLICHE; PORCELLANE
http://w3id.org/zac/81790_lot_25,3,CORNICI | DIPINTI | MINIATURE
http://w3id.org/zac/81790_lot_26,3,CORNICI | DIPINTI | Incisioni; Libri
http://w3id.org/zac/81790_lot_28,3,CORNICI | BOTTIGLIE | Incisioni; Libri
http://w3id.org/zac/81790_lot_29,3,CORNICI | Maioliche; porcellane | Maioliche; Porcellane | MINIATURE | MAIOLICHE; PORCELLANE
http://w3id.org/zac/81790_lot_37,3,CORNICI | DIPINTI | OGGETTI VARI
http://w3id.org/zac/81790_lot_41,3,CORNICI | DIPINTI | VASI
http://w3id.org/zac/81790_lot_6,3,CORNICI | DIPINTI | VASI
http://w3id.org/zac/81793_lot_1,3,MAIOLICHE | OGGETTI VARI | PIATTI
http://w3id.org/zac/81793_lot_100,3,MOBILI | MAIOLICHE | OGGETTI VARI
http://w3id.org/zac/81793_lot_210,3,BASSORILIEVI | MARMI | OGGETTI VARI
http://w3id.org/zac/81793_lot_300,3,MAIOLICHE | PANNELLI | VASI
http://w3id.org/zac/81793_lot_4,3,MAIOLICHE | OGGETTI VARI | SCOMPARTI
http://w3id.org/zac/81793_lot_8,3,MAIOLICHE | PIATTI | OGGETTI IN LEGNO
http://w3id.org/zac/81793_lot_88,3,MOBILI | MARMI | OGGETTI IN LEGNO
http://w3id.org/zac/81794_lot_18,3,DIPINTI | MAIOLICHE; PORCELLANE | Maioliche; Porcellane | Maioliche; porcellane | VASI
http://w3id.org/zac/81794_lot_19,3,CORNICI | MOBILI | Maioliche; porcellane | Maioliche; Porcellane | MAIOLICHE; PORCELLANE
http://w3id.org/zac/81794_lot_23,3,DIPINTI | CORNICI | Maioliche; porcellane | MAIOLICHE; PORCELLANE | Maioliche; Porcellane
http://w3id.org/zac/81794_lot_25,3,DIPINTI | MAIOLICHE; PORCELLANE | MOBILI | Maioliche; Porcellane | Maioliche; porcellane
http://w3id.org/zac/81794_lot_5,3,CORNICI | DIPINTI | Maioliche; Porcellane | MAIOLICHE; PORCELLANE | Maioliche; porcellane
http://w3id.org/zac/81794_lot_7,3,DIPINTI | CORNICI | Bronzi; Marmi; Terrecotte
http://w3id.org/zac/81795_lot_11,3,CORNICI | Maioliche; porcellane | Maioliche; Porcellane | MAIOLICHE; PORCELLANE | MINIATURE
http://w3id.org/zac/81795_lot_12,3,DIPINTI | Bronzi; Marmi; Terrecotte | CORNICI
http://w3id.org/zac/81795_lot_13,3,Bronzi; Marmi; Terrecotte | DIPINTI | CORNICI
http://w3id.org/zac/81795_lot_14,3,CORNICI | Bronzi; Marmi; Terrecotte | DIPINTI
http://w3id.org/zac/81795_lot_15,3,DIPINTI | Bronzi; Marmi; Terrecotte | Maioliche; Porcellane | MAIOLICHE; PORCELLANE | Maioliche; porcellane
http://w3id.org/zac/81795_lot_16,3,CORNICI | DIPINTI | VASI
http://w3id.org/zac/81795_lot_17,3,CORNICI | DIPINTI | Maioliche; Porcellane | Maioliche; porcellane | MAIOLICHE; PORCELLANE
http://w3id.org/zac/81795_lot_23,3,CORNICI | DIPINTI | Maioliche; porcellane | MAIOLICHE; PORCELLANE | Maioliche; Porcellane
http://w3id.org/zac/81795_lot_33,3,CORNICI | Maioliche; porcellane | Maioliche; Porcellane | MAIOLICHE; PORCELLANE | VASI
http://w3id.org/zac/81795_lot_4,3,DIPINTI | CORNICI | MINIATURE
http://w3id.org/zac/81796_lot_13,3,CORNICI | Bronzi; Marmi; Terrecotte; Scolture | Maioliche; Porcellane | Maioliche; porcellane | MAIOLICHE; PORCELLANE
http://w3id.org/zac/81796_lot_17,3,DIPINTI | CORNICI | Maioliche; porcellane | Maioliche; Porcellane | MAIOLICHE; PORCELLANE
http://w3id.org/zac/81796_lot_2,3,DIPINTI | Bronzi; Marmi; Terrecotte; Scolture | MAIOLICHE; PORCELLANE | Maioliche; Porcellane | Maioliche; porcellane
http://w3id.org/zac/81796_lot_22,3,CORNICI | DIPINTI | MAIOLICHE; PORCELLANE | Maioliche; Porcellane | Maioliche; porcellane
http://w3id.org/zac/81796_lot_26,3,DIPINTI | CORNICI | Maioliche; porcellane | Maioliche; Porcellane | MAIOLICHE; PORCELLANE
http://w3id.org/zac/81796_lot_33,3,DIPINTI | CORNICI | MINIATURE
http://w3id.org/zac/81796_lot_7,3,CORNICI | Bronzi; Marmi; Terrecotte; Scolture | DIPINTI
http://w3id.org/zac/81796_lot_8,3,CORNICI | Bronzi; Marmi; Terrecotte | Maioliche; Porcellane | Maioliche; porcellane | MAIOLICHE; PORCELLANE
http://w3id.org/zac/81796_lot_9,3,CORNICI | Bronzi; Marmi; Terrecotte | Maioliche; porcellane | MAIOLICHE; PORCELLANE | Maioliche; Porcellane
http://w3id.org/zac/81797_lot_11,3,DIPINTI | MAIOLICHE; PORCELLANE | Maioliche; Porcellane | Maioliche; porcellane | TAPPETI
http://w3id.org/zac/81797_lot_12,3,CORNICI | DIPINTI | Maioliche; porcellane | Maioliche; Porcellane | MAIOLICHE; PORCELLANE
http://w3id.org/zac/81797_lot_13,3,DIPINTI | MAIOLICHE; PORCELLANE | MOBILI | Maioliche; porcellane | Maioliche; Porcellane
http://w3id.org/zac/81797_lot_15,3,DIPINTI | MAIOLICHE; PORCELLANE | Maioliche; Porcellane | Maioliche; porcellane | VASI
http://w3id.org/zac/81797_lot_17,3,DIPINTI | Bronzi; Marmi; Terrecotte | Maioliche; porcellane | MAIOLICHE; PORCELLANE | Maioliche; Porcellane
http://w3id.org/zac/81797_lot_18,3,CORNICI | DIPINTI | Bronzi; Marmi; Terrecotte
http://w3id.org/zac/81797_lot_21,3,Bronzi; Marmi; Terrecotte | DIPINTI | Maioliche; porcellane | MAIOLICHE; PORCELLANE | Maioliche; Porcellane
http://w3id.org/zac/81797_lot_29,3,DIPINTI | Bronzi; Marmi; Terrecotte | Maioliche; porcellane | Maioliche; Porcellane | MAIOLICHE; PORCELLANE
http://w3id.org/zac/81797_lot_3,3,DIPINTI | Maioliche; porcellane | Maioliche; Porcellane | MAIOLICHE; PORCELLANE | Trine; Stoffe
http://w3id.org/zac/81797_lot_31,3,DIPINTI | BRONZI | Maioliche; porcellane | Maioliche; Porcellane | MAIOLICHE; PORCELLANE
http://w3id.org/zac/81797_lot_32,3,DIPINTI | BRONZI | Maioliche; porcellane | Maioliche; Porcellane | MAIOLICHE; PORCELLANE
http://w3id.org/zac/81797_lot_4,3,DIPINTI | Maioliche; Porcellane | MAIOLICHE; PORCELLANE | Maioliche; porcellane | STAMPE E INCISIONI
http://w3id.org/zac/81797_lot_5,3,DIPINTI | CORNICI | STAMPE E INCISIONI
http://w3id.org/zac/81797_lot_7,3,DIPINTI | MAIOLICHE; PORCELLANE | Maioliche; Porcellane | Maioliche; porcellane | MOBILI
http://w3id.org/zac/81797_lot_9,3,Bronzi; Marmi; Terrecotte | DIPINTI | MAIOLICHE; PORCELLANE | Maioliche; Porcellane | Maioliche; porcellane
http://w3id.org/zac/81800_lot_18,3,CORNICI | MONETE | LIBRI
http://w3id.org/zac/81802_lot_8,3,CORNICI | OGGETTI VARI | VASI
http://w3id.org/zac/81804_lot_12,3,CORNICI | BRONZI | OGGETTI VARI
http://w3id.org/zac/81804_lot_13,3,DIPINTI | CORNICI | OGGETTI VARI
http://w3id.org/zac/81804_lot_14,3,DIPINTI | CORNICI | Maioliche; Porcellane | MAIOLICHE; PORCELLANE | Maioliche; porcellane
http://w3id.org/zac/81804_lot_15,3,BRONZI | CORNICI | OGGETTI VARI
http://w3id.org/zac/81804_lot_16,3,CORNICI | BRONZI | OGGETTI VARI
http://w3id.org/zac/81804_lot_2,3,CORNICI | OGGETTI VARI | Sculture; Bronzi
http://w3id.org/zac/81804_lot_22,3,CORNICI | DIPINTI | OGGETTI VARI
http://w3id.org/zac/81804_lot_24,3,CORNICI | OGGETTI VARI | Placchette; Medaglie
http://w3id.org/zac/81804_lot_25,3,ARREDAMENTI | DIPINTI | MAIOLICHE; PORCELLANE | Maioliche; Porcellane | Maioliche; porcellane
http://w3id.org/zac/81804_lot_3,3,DIPINTI | CORNICI | Sculture; Bronzi
http://w3id.org/zac/81804_lot_7,3,DIPINTI | CORNICI | Placchette; Medaglie
http://w3id.org/zac/81804_lot_8,3,CORNICI | DIPINTI | Placchette; Medaglie
http://w3id.org/zac/81805_lot_10,3,BRONZI | VETRI | VASI
http://w3id.org/zac/81805_lot_13,3,TERRECOTTE | SCULTURE | VASI
http://w3id.org/zac/81805_lot_18,3,BRONZI | VASI | TERRECOTTE
http://w3id.org/zac/81805_lot_23,3,VASI | SCULTURE | VETRI
http://w3id.org/zac/81805_lot_32,3,BRONZI | Peliké | VASI
http://w3id.org/zac/81805_lot_4,3,VETRI | STAMPE E INCISIONI | VASI
http://w3id.org/zac/81805_lot_41,3,LAMPADE | VETRI | VASI
http://w3id.org/zac/81805_lot_45,3,Peliké | SCULTURE | VASI
http://w3id.org/zac/81805_lot_6,3,VETRI | TERRECOTTE | VASI
http://w3id.org/zac/81805_lot_65,3,SCULTURE | VASI | VETRI
http://w3id.org/zac/81805_lot_70,3,VETRI | SCULTURE | VASI
http://w3id.org/zac/81805_lot_8,3,BRONZI | VASI | VETRI
http://w3id.org/zac/81805_lot_9,3,BRONZI | VETRI | VASI
http://w3id.org/zac/81806_lot_11,3,ARREDAMENTI | ARGENTI | VASI
http://w3id.org/zac/81806_lot_5,3,ARGENTI | MINIATURE | SCOMPARTI
http://w3id.org/zac/81806_lot_9,3,ARGENTI | OGGETTI IN LEGNO | OGGETTI VARI
http://w3id.org/zac/81807_lot_11,3,DIPINTI | CORNICI | MAIOLICHE; PORCELLANE | Maioliche; porcellane | Maioliche; Porcellane
http://w3id.org/zac/81807_lot_12,3,CORNICI | Maioliche; porcellane | Maioliche; Porcellane | MAIOLICHE; PORCELLANE | Oggetti diversi; Mobili
http://w3id.org/zac/81807_lot_13,3,DIPINTI | CORNICI | MAIOLICHE; PORCELLANE | Maioliche; porcellane | Maioliche; Porcellane
http://w3id.org/zac/81807_lot_14,3,CORNICI | DIPINTI | SCULTURE
http://w3id.org/zac/81807_lot_17,3,ARMI | CORNICI | REPERTI ARCHEOLOGICI
http://w3id.org/zac/81807_lot_20,3,CORNICI | DIPINTI | SCULTURE
http://w3id.org/zac/81807_lot_21,3,CORNICI | MINIATURE | Maioliche; porcellane | Maioliche; Porcellane | MAIOLICHE; PORCELLANE
http://w3id.org/zac/81807_lot_25,3,CORNICI | Maioliche; porcellane | Maioliche; Porcellane | MAIOLICHE; PORCELLANE | SCULTURE
http://w3id.org/zac/81807_lot_26,3,CORNICI | Maioliche; Porcellane | MAIOLICHE; PORCELLANE | Maioliche; porcellane | Oggetti diversi; Mobili
http://w3id.org/zac/81807_lot_29,3,CORNICI | MAIOLICHE; PORCELLANE | Maioliche; porcellane | Maioliche; Porcellane | SCULTURE
http://w3id.org/zac/81807_lot_31,3,DIPINTI | Maioliche; porcellane | Maioliche; Porcellane | MAIOLICHE; PORCELLANE | PIATTI
http://w3id.org/zac/81807_lot_33,3,DIPINTI | Maioliche; porcellane | Maioliche; Porcellane | MAIOLICHE; PORCELLANE | SCULTURE
http://w3id.org/zac/81807_lot_34,3,Maioliche; Porcellane | Maioliche; porcellane | MAIOLICHE; PORCELLANE | MINIATURE | SCULTURE
http://w3id.org/zac/81808_lot_11,3,MOBILI | OGGETTI VARI | TESSUTI
http://w3id.org/zac/81808_lot_12,3,MOBILI | OGGETTI VARI | TESSUTI
http://w3id.org/zac/81808_lot_14,3,MOBILI | OGGETTI VARI | TESSUTI
http://w3id.org/zac/81808_lot_16,3,MOBILI | OGGETTI VARI | TESSUTI
http://w3id.org/zac/81808_lot_17,3,MOBILI | OGGETTI VARI | TESSUTI
http://w3id.org/zac/81808_lot_7,3,OGGETTI VARI | POLTRONE | TESSUTI
http://w3id.org/zac/81808_lot_9,3,MOBILI | OGGETTI VARI | TESSUTI
http://w3id.org/zac/81811_lot_4,3,CORNICI | CANDELABRI | VASI
http://w3id.org/zac/81811_lot_5,3,CORNICI | VASI | SEDIE
http://w3id.org/zac/81811_lot_8,3,ARREDAMENTI | OGGETTI VARI | SEDIE
http://w3id.org/zac/81811_lot_9,3,ARREDAMENTI | OGGETTI VARI | VASI
http://w3id.org/zac/81819_lot_10,3,DIPINTI | DISEGNI | TERRECOTTE
http://w3id.org/zac/81819_lot_11,3,DIPINTI | DISEGNI | OGGETTI IN LEGNO
http://w3id.org/zac/81819_lot_13,3,DIPINTI | DISEGNI | Objets d'art; meubles
http://w3id.org/zac/81819_lot_14,3,DIPINTI | Objets d'art; meubles | DISEGNI
http://w3id.org/zac/81819_lot_19,3,DIPINTI | DISEGNI | TERRECOTTE
http://w3id.org/zac/81819_lot_20,3,DIPINTI | DISEGNI | Marbres; Terrecuites; Sculptures
http://w3id.org/zac/81819_lot_24,3,DIPINTI | DISEGNI | OGGETTI VARI
http://w3id.org/zac/81819_lot_25,3,DIPINTI | DISEGNI | MAIOLICHE
http://w3id.org/zac/81819_lot_6,3,DIPINTI | DISEGNI | OGGETTI VARI
http://w3id.org/zac/81821_lot_1,3,MOBILI | OGGETTI VARI | SCULTURE
http://w3id.org/zac/81822_lot_10,3,Giovedi 30 Aprile 1914 | Mercoledi 29 Aprile 1914 | Sabato 2 Maggio 1914
http://w3id.org/zac/81822_lot_12,3,Giovedi 30 Aprile 1914 | VASI | Sabato 2 Maggio 1914
http://w3id.org/zac/81822_lot_2,3,Giovedi 30 Aprile 1914 | Mercoledi 29 Aprile 1914 | Sabato 2 Maggio 1914
http://w3id.org/zac/81822_lot_3,3,Mercoledi 29 Aprile 1914 | Giovedi 30 Aprile 1914 | Sabato 2 Maggio 1914
http://w3id.org/zac/81822_lot_8,3,Giovedi 30 Aprile 1914 | Mercoledi 29 Aprile 1914 | Sabato 2 Maggio 1914
http://w3id.org/zac/81827_lot_11,3,PRIMA VENDITA | TERZA VENDITA | SECONDA VENDITA
http://w3id.org/zac/81827_lot_14,3,TERZA VENDITA | PRIMA VENDITA | SECONDA VENDITA
http://w3id.org/zac/81827_lot_15,3,TERZA VENDITA | PRIMA VENDITA | SECONDA VENDITA
http://w3id.org/zac/81827_lot_16,3,TERZA VENDITA | PRIMA VENDITA | SECONDA VENDITA
http://w3id.org/zac/81827_lot_2,3,SECONDA VENDITA | PRIMA VENDITA | TERZA VENDITA
http://w3id.org/zac/81827_lot_20,3,ACQUEFORTI | PRIMA VENDITA | TERZA VENDITA
http://w3id.org/zac/81827_lot_3,3,SECONDA VENDITA | TERZA VENDITA | PRIMA VENDITA
http://w3id.org/zac/81827_lot_4,3,ACQUEFORTI | PRIMA VENDITA | SECONDA VENDITA
http://w3id.org/zac/81827_lot_7,3,SECONDA VENDITA | PRIMA VENDITA | TERZA VENDITA
http://w3id.org/zac/81827_lot_8,3,SECONDA VENDITA | PRIMA VENDITA | TERZA VENDITA
http://w3id.org/zac/81829_lot_10,3,DIPINTI | MAIOLICHE; PORCELLANE | Maioliche; Porcellane | Maioliche; porcellane | VASI
http://w3id.org/zac/81829_lot_3,3,CORNICI | DIPINTI | PIATTI
http://w3id.org/zac/81829_lot_4,3,ACQUEFORTI | DIPINTI | MINIATURE
http://w3id.org/zac/81829_lot_5,3,DIPINTI | CORNICI | Oggetti d'arte; Mobili | Oggetti d'Arte; Mobili
http://w3id.org/zac/81829_lot_7,3,DIPINTI | Maioliche; porcellane | MAIOLICHE; PORCELLANE | MINIATURE | Maioliche; Porcellane
http://w3id.org/zac/81829_lot_8,3,ACQUEFORTI | DIPINTI | BISCOTTI
http://w3id.org/zac/81829_lot_9,3,DIPINTI | BISCOTTI | MAIOLICHE; PORCELLANE | Maioliche; Porcellane | Maioliche; porcellane
http://w3id.org/zac/81830_lot_18,3,DIPINTI | Oggetti d'Arte; Mobili | Oggetti d'arte; Mobili | VASI
http://w3id.org/zac/81830_lot_6,3,DIPINTI | Oggetti d'Arte; Mobili | Oggetti d'arte; Mobili | PIATTI
http://w3id.org/zac/81831_lot_15,3,MOBILI | MARMI | TESSUTI
http://w3id.org/zac/81831_lot_23,3,MOBILI | MARMI | VASI
http://w3id.org/zac/81831_lot_24,3,MOBILI | OGGETTI D'ARTE | VASI
http://w3id.org/zac/81831_lot_I,3,MOBILI | SEDIE | POLTRONE
http://w3id.org/zac/81832_lot_12,3,DIPINTI | LIBRI | OGGETTI D'ARTE
http://w3id.org/zac/81832_lot_13,3,DIPINTI | LIBRI | OGGETTI D'ARTE
http://w3id.org/zac/81832_lot_14,3,DIPINTI | LIBRI | OGGETTI D'ARTE
http://w3id.org/zac/81832_lot_15,3,DIPINTI | LIBRI | OGGETTI D'ARTE
http://w3id.org/zac/81833_lot_13,3,DIPINTI | MOBILI | OGGETTI D'ARTE
http://w3id.org/zac/81833_lot_16,3,LAMPADE | MOBILI | OGGETTI D'ARTE
http://w3id.org/zac/81833_lot_18,3,MOBILI | OGGETTI D'ARTE | VASI
http://w3id.org/zac/81833_lot_2,3,DIPINTI | MOBILI | OGGETTI D'ARTE
http://w3id.org/zac/81833_lot_4,3,DIPINTI | OGGETTI VARI | OGGETTI D'ARTE
http://w3id.org/zac/81833_lot_6,3,DIPINTI | MOBILI | OGGETTI D'ARTE
http://w3id.org/zac/81833_lot_8,3,DIPINTI | MOBILI | OGGETTI D'ARTE
http://w3id.org/zac/81835_lot_12,3,ARMI | Mobili; tappeti | MOBILI; TAPPETI | TERRECOTTE
http://w3id.org/zac/81835_lot_14,3,ARMI | BRONZI | POLTRONE
http://w3id.org/zac/81835_lot_16,3,ARMI | PIATTI | SCATOLE
http://w3id.org/zac/81835_lot_17,3,ARMI | AVORI | Mobili; tappeti | MOBILI; TAPPETI
http://w3id.org/zac/81835_lot_2,3,AVORI | BASSORILIEVI | Mobili; tappeti | MOBILI; TAPPETI
http://w3id.org/zac/81835_lot_3,3,AVORI | Mobili; tappeti | MOBILI; TAPPETI | TERRECOTTE
http://w3id.org/zac/81835_lot_4,3,ARMI | MOBILI; TAPPETI | Mobili; tappeti | TERRECOTTE
http://w3id.org/zac/81836_lot_11,3,ARREDAMENTI | MOBILI | Miniature; Quadri
http://w3id.org/zac/81836_lot_16,3,DIPINTI | Miniature; Quadri | MOBILI
http://w3id.org/zac/81836_lot_17,3,ACQUEFORTI | Miniature; Quadri | MOBILI
http://w3id.org/zac/81837_lot_10,3,DIPINTI | PIATTI | OGGETTI D'ARTE
http://w3id.org/zac/81837_lot_12,3,DIPINTI | OGGETTI D'ARTE | VASI
http://w3id.org/zac/81837_lot_13,3,DIPINTI | OGGETTI D'ARTE | PIATTI
http://w3id.org/zac/81837_lot_14,3,DIPINTI | MINIATURE | OGGETTI D'ARTE
http://w3id.org/zac/81837_lot_17,3,DIPINTI | OGGETTI D'ARTE | PIATTI
http://w3id.org/zac/81837_lot_2,3,DIPINTI | OGGETTI D'ARTE | VASI
http://w3id.org/zac/81837_lot_22,3,DIPINTI | OGGETTI D'ARTE | VASI
http://w3id.org/zac/81837_lot_5,3,DIPINTI | CANDELABRI | OGGETTI D'ARTE
http://w3id.org/zac/81837_lot_6,3,DIPINTI | OGGETTI D'ARTE | TAPPETI
http://w3id.org/zac/81837_lot_7,3,DIPINTI | OGGETTI D'ARTE | TAPPETI
http://w3id.org/zac/81837_lot_8,3,DIPINTI | Mobili; tappeti | MOBILI; TAPPETI | OGGETTI D'ARTE
http://w3id.org/zac/81839_lot_11,3,Oggetti d'Arte; Mobili | Mobili; Oggetti d'arte | Oggetti d'arte; Quadri | Oggetti d'arte; Mobili
http://w3id.org/zac/81839_lot_18,3,Mobili; Oggetti d'arte | Oggetti d'arte; Quadri | LAMPADE
http://w3id.org/zac/81839_lot_6,3,DIPINTI | Oggetti d'arte; Quadri | Mobili; Oggetti d'arte
http://w3id.org/zac/81839_lot_9,3,DIPINTI | Oggetti d'arte; Quadri | Mobili; Oggetti d'arte
http://w3id.org/zac/81840_lot_14,3,CORNICI | MINIATURE | VASI
http://w3id.org/zac/81840_lot_3,3,PIATTI | OGGETTI VARI | SCATOLE
http://w3id.org/zac/81840_lot_4,3,CORNICI | PIATTI | VASI
http://w3id.org/zac/81840_lot_6,3,OGGETTI VARI | VASI | STAMPE E INCISIONI
http://w3id.org/zac/81844_lot_3,3,BOTTIGLIE | BISCOTTI | OGGETTI VARI
http://w3id.org/zac/81849_lot_3,3,ARREDAMENTI | OGGETTI IN LEGNO | STAMPE E INCISIONI
http://w3id.org/zac/81849_lot_6,3,BOTTIGLIE | VASI | POLTRONE
http://w3id.org/zac/81851_lot_8,3,COPPE | POLTRONE | STAMPE E INCISIONI
http://w3id.org/zac/81856_lot_3,3,CORNICI | SCOMPARTI | VASI
http://w3id.org/zac/81856_lot_5,3,PIATTI | VASI | STAMPE E INCISIONI
http://w3id.org/zac/81857_lot_3,3,OGGETTI VARI | PORCELLANE | VASI
http://w3id.org/zac/81857_lot_4,3,OGGETTI VARI | VASI | PORCELLANE
http://w3id.org/zac/81858_lot_3,3,Mercoledi 14 Aprile | OGGETTI VARI | Venerdi 16 Aprile
http://w3id.org/zac/81860_lot_3,3,Condizioni di Vendita | OGGETTI VARI | SEDIE
http://w3id.org/zac/81860_lot_6,3,Condizioni di Vendita | OGGETTI VARI | STAMPE E INCISIONI
http://w3id.org/zac/81863_lot_3,3,OGGETTI VARI | QUARTA SERATA | PRIMA SERATA DI VENDITA
http://w3id.org/zac/81865_lot_6,3,ARAZZI | MARMI | OGGETTI VARI
http://w3id.org/zac/81867_lot_13,3,LAMPADE | PANNELLI | OGGETTI IN LEGNO
http://w3id.org/zac/81874_lot_5,3,ARREDAMENTI | ARAZZI | TAPPETI
http://w3id.org/zac/81877_lot_11,3,DIPINTI | ARREDAMENTI | VASI
http://w3id.org/zac/81877_lot_8,3,ARREDAMENTI | CORNICI | DIPINTI
http://w3id.org/zac/81878_lot_10,3,LIBRI | OGGETTI VARI | POLTRONE
http://w3id.org/zac/81878_lot_20,3,LAMPADE | LIBRI | OGGETTI IN LEGNO
http://w3id.org/zac/81878_lot_7,3,CORNICI | LIBRI | STAMPE E INCISIONI
http://w3id.org/zac/81881_lot_4,3,CORNICI | OGGETTI VARI | VASI
http://w3id.org/zac/81882_lot_9,3,ACQUEFORTI | CORNICI | MINIATURE
http://w3id.org/zac/81893_lot_10,3,PRIMA VENDITA | SECONDA VENDITA | TERZA VENDITA
http://w3id.org/zac/81893_lot_11,3,POLTRONE | TERZA VENDITA | PRIMA VENDITA
http://w3id.org/zac/81893_lot_12,3,TERZA VENDITA | SECONDA VENDITA | PRIMA VENDITA
http://w3id.org/zac/81893_lot_3,3,TERZA VENDITA | PRIMA VENDITA | SECONDA VENDITA
http://w3id.org/zac/81893_lot_4,3,SECONDA VENDITA | TERZA VENDITA | PRIMA VENDITA
http://w3id.org/zac/81893_lot_6,3,TERZA VENDITA | PRIMA VENDITA | SECONDA VENDITA
http://w3id.org/zac/81894_lot_3,3,CORNICI | ARAZZI | OGGETTI IN LEGNO
http://w3id.org/zac/81904_lot_4,3,CORNICI | PIATTI | POLTRONE
http://w3id.org/zac/81904_lot_6,3,CORNICI | PANNELLI | OGGETTI IN LEGNO
http://w3id.org/zac/81913_lot_16,3,MINIATURE | MAIOLICHE | OGGETTI VARI
http://w3id.org/zac/81920_lot_I,3,ANTICHITA' | NATURE MORTE | VASI
http://w3id.org/zac/81921_lot_170,3,ARAZZI | ARREDAMENTI | MINIATURE
http://w3id.org/zac/81922_lot_17,3,OGGETTI VARI | OGGETTI IN LEGNO | POLTRONE
http://w3id.org/zac/81954_lot_13,3,ARREDAMENTI | SEDIE | VASI
http://w3id.org/zac/81954_lot_2,3,LAMPADE | POLTRONE | VASI
http://w3id.org/zac/81966_lot_14,3,OGGETTI IN LEGNO | OGGETTI D'ARTE | VASI
http://w3id.org/zac/81966_lot_5,3,PIATTI | OGGETTI D'ARTE | VASI
http://w3id.org/zac/81972_lot_1523,3,MOBILI; OGGETTI | POLTRONE | SPECCHI
http://w3id.org/zac/81974_lot_11,3,OGGETTI VARI | SEDIE | STAMPE E INCISIONI
http://w3id.org/zac/81974_lot_2,3,ARREDAMENTI | LAMPADE | VASI
http://w3id.org/zac/81974_lot_8,3,CANDELABRI | SEDIE | VASI
http://w3id.org/zac/81978_lot_I,3,MOBILI | MAIOLICHE | TESSUTI
http://w3id.org/zac/81980_lot_4,3,MOBILI | OGGETTI IN METALLO | STOFFE; VELLUTI
http://w3id.org/zac/81980_lot_5,3,MOBILI | OGGETTI IN METALLO | STOFFE; VELLUTI
http://w3id.org/zac/81980_lot_6,3,MOBILI | OGGETTI IN METALLO | VETRI
http://w3id.org/zac/81980_lot_I,3,MOBILI | OGGETTI IN METALLO | STOFFE; VELLUTI
http://w3id.org/zac/83278_lot_I,3,LIBRI | OGGETTI VARI | TESSUTI
http://w3id.org/zac/83656_lot_I,3,AUTOMOBILI | OGGETTI VARI | OGGETTI IN LEGNO
http://w3id.org/zac/83658_lot_13,3,MAIOLICHE | OGGETTI IN LEGNO | OGGETTI IN METALLO
http://w3id.org/zac/83658_lot_18,3,BRONZI | BAULI | OGGETTI IN LEGNO
http://w3id.org/zac/83658_lot_31,3,BRONZI | SMALTI | TORCE
http://w3id.org/zac/83658_lot_8,3,BASSORILIEVI | SCULTURE | VASI
http://w3id.org/zac/83670_lot_1,3,MAIOLICHE | PIATTI | OGGETTI VARI
http://w3id.org/zac/83670_lot_3,3,CANDELABRI | OGGETTI IN LEGNO | OROLOGI
http://w3id.org/zac/83687_lot_16,3,CERAMICHE | BRONZES; PENDULES | bronzes; pendules | Bronzes; Pendules | OGGETTI IN LEGNO
http://w3id.org/zac/83687_lot_18,3,ORFEVRERIE; BIJOUX | OGGETTI IN LEGNO | SEDIE
http://w3id.org/zac/83687_lot_6,3,CERAMICHE | PIATTI | TERRECOTTE
http://w3id.org/zac/83690_lot_18,3,Bessancourt | MAIOLICHE | PORCELLANE
http://w3id.org/zac/83690_lot_31,3,CUIVRES; ETAINS; PENDULES | Le Port de Marseille | OGGETTI VARI
http://w3id.org/zac/83690_lot_32,3,LUSTRI | Le Port de Marseille | PIATTI
http://w3id.org/zac/83694_lot_1,3,MINIATURE | OGGETTI VARI | OGGETTI D'ARTE
http://w3id.org/zac/83695_lot_3,3,MAIOLICHE | LIBRI | OGGETTI VARI
http://w3id.org/zac/83695_lot_5,3,ACQUEFORTI | LIBRI | PIATTI
http://w3id.org/zac/83695_lot_8,3,MOBILI | MAIOLICHE | LIBRI
http://w3id.org/zac/83695_lot_9,3,ACQUEFORTI | MAIOLICHE | LIBRI
http://w3id.org/zac/83696_lot_11,3,MOBILI | VASI | STAMPE E INCISIONI
http://w3id.org/zac/83696_lot_2,3,Faiences; Porcelaines | Faiences; porcelaines | FAIENCES; PORCELAINES | LAMPADE | OGGETTI IN LEGNO
http://w3id.org/zac/83696_lot_4,3,Faiences; porcelaines | MOBILI | FAIENCES; PORCELAINES | Faiences; Porcelaines | Tapisseries; Tapis | TAPISSERIES; TAPIS
http://w3id.org/zac/83696_lot_5,3,Faiences; Porcelaines | FAIENCES; PORCELAINES | Faiences; porcelaines | LAMPADE | MOBILI
http://w3id.org/zac/83696_lot_9,3,BISCOTTI | FAIENCES; PORCELAINES | Faiences; Porcelaines | Faiences; porcelaines | OGGETTI IN LEGNO
http://w3id.org/zac/83707_lot_16,3,MOBILI | OGGETTI VARI | STAMPE E INCISIONI
http://w3id.org/zac/83707_lot_6,3,OGGETTI IN METALLO | OGGETTI IN LEGNO | STAMPE E INCISIONI
http://w3id.org/zac/83707_lot_8,3,MAIOLICHE | OGGETTI IN METALLO | STAMPE E INCISIONI
http://w3id.org/zac/83709_lot_12,3,LAMPADE | LAQUES; EMAUX CLOISONNES | Porcelaines; faiences | Porcelaines; Faiences | PORCELAINES; FAIENCES
http://w3id.org/zac/83712_lot_15,3,ARGENTI | GIOIELLI | OGGETTI VARI
http://w3id.org/zac/83712_lot_35,3,GIOIELLI | OGGETTI D'ARTE | SPECCHI
http://w3id.org/zac/83712_lot_36,3,BASSORILIEVI | GIOIELLI | VASI
http://w3id.org/zac/83712_lot_46,3,ARREDAMENTI | GIOIELLI | SEDIE
http://w3id.org/zac/83712_lot_48,3,ARREDAMENTI | GIOIELLI | MOBILI
http://w3id.org/zac/83712_lot_53,3,GIOIELLI | OGGETTI IN LEGNO | TAPIS; TENTURES
http://w3id.org/zac/83712_lot_55,3,GIOIELLI | OGGETTI VARI | TAPIS; TENTURES
http://w3id.org/zac/83713_lot_18,3,FERS; OBJETS VARIES | OGGETTI IN LEGNO | ORFEVRERIE; BIJOUX
http://w3id.org/zac/83716_lot_3,3,BRONZI | STRUMENTI SCIENTIFICI | SPECCHI
http://w3id.org/zac/83718_lot_3,3,CERAMICHE | BRONZI | SCULTURE
http://w3id.org/zac/83721_lot_13,3,ARREDAMENTI | BASSORILIEVI | OGGETTI IN LEGNO
http://w3id.org/zac/83741_lot_1,3,CERAMICHE | MOBILI | OGGETTI IN LEGNO
http://w3id.org/zac/83748_lot_2,3,ARMES; ARMURES | MAIOLICHE | TENTURES; ETOFFES
http://w3id.org/zac/83748_lot_4,3,BRONZI | ARMES; ARMURES | MAIOLICHE
http://w3id.org/zac/83748_lot_5,3,ARMES; ARMURES | MAIOLICHE | OGGETTI VARI
http://w3id.org/zac/83749_lot_10,3,CANDELABRI | MOBILI | PORCELLANE
http://w3id.org/zac/83752_lot_1,3,ARAZZI | OGGETTI VARI | SEDIE
http://w3id.org/zac/83755_lot_3,3,OGGETTI IN LEGNO | POLTRONE | SCULTURE
http://w3id.org/zac/83755_lot_35,3,BASSORILIEVI | BAULI | SCULTURE
http://w3id.org/zac/83755_lot_4,3,MOBILI | VETRI | VASI
http://w3id.org/zac/83755_lot_83,3,MOBILI | PIATTI | TORCE
http://w3id.org/zac/83755_lot_86,3,CUIVRES; FERS; ETAINS | TORCE | SCOMPARTI
http://w3id.org/zac/83760_lot_18,3,MEDAGLIE | MANOSCRITTI | DIPLOMES; GRAVURES; LIVRES
http://w3id.org/zac/83768_lot_10,3,BAULI | MOBILI | OGGETTI IN LEGNO
http://w3id.org/zac/83768_lot_3,3,ARGENTI | PORCELLANE | STAMPE E INCISIONI
http://w3id.org/zac/83768_lot_5,3,BRONZI | LUSTRI | LAMPADE
http://w3id.org/zac/83768_lot_6,3,ARMI | LUSTRI | STAMPE E INCISIONI
http://w3id.org/zac/83768_lot_86,3,ARMI | MINIATURE | OGGETTI IN LEGNO
http://w3id.org/zac/83778_lot_1,3,OGGETTI D'ARTE ORIENTALE | MAIOLICHE | VASI
http://w3id.org/zac/83781_lot_13,3,PORCELLANE | VASI | SEDIE
http://w3id.org/zac/83781_lot_16,3,BISCOTTI | ACQUEFORTI | OGGETTI IN LEGNO
http://w3id.org/zac/83784_lot_1,3,ARAZZI | OGGETTI VARI | TESSUTI
http://w3id.org/zac/83785_lot_1,3,BRONZI | PIATTI | SCULTURE
http://w3id.org/zac/83785_lot_3,3,GIOIELLI | PIATTI | SCULTURE
http://w3id.org/zac/83785_lot_I,3,GRES; FAIENCES; PORCELAINES | OGGETTI VARI | SCULTURE
http://w3id.org/zac/83794_lot_105,3,MAIOLICHE | PIATTI | OGGETTI VARI
http://w3id.org/zac/83794_lot_68,3,MAIOLICHE | OGGETTI VARI | STAMPE E INCISIONI
http://w3id.org/zac/83794_lot_9,3,MAIOLICHE | OGGETTI IN LEGNO | PIATTI
http://w3id.org/zac/83801_lot_16,3,La Vierge et l'Enfant Jesus | PALE D'ALTARE | OGGETTI VARI
http://w3id.org/zac/83801_lot_3,3,OGGETTI VARI | PALE D'ALTARE | OGGETTI IN LEGNO
http://w3id.org/zac/83801_lot_8,3,La Vierge et l'Enfant Jesus | OGGETTI VARI | OGGETTI IN LEGNO
http://w3id.org/zac/83815_lot_2,3,BRONZES; EMAUX CLOISONNES | MINIATURE | LAMPADE
http://w3id.org/zac/83820_lot_2,3,ARREDAMENTI | PIATTI | PORCELLANE
http://w3id.org/zac/83827_lot_8,3,MINIATURE | Peintures; Gouaches | STAMPE E INCISIONI
http://w3id.org/zac/83837_lot_1,3,MOBILI | TORCE | TESSUTI
http://w3id.org/zac/83837_lot_10,3,MOBILI | OGGETTI VARI | SCATOLE
http://w3id.org/zac/83837_lot_2,3,ARAZZI | MOBILI | PORCELLANE
http://w3id.org/zac/83837_lot_5,3,LAMPADE | OBJETS DE VITRINE; ORFEVRERIE | TESSUTI
http://w3id.org/zac/83853_lot_18,3,CERAMICHE | PIATTI | TERRECOTTE
http://w3id.org/zac/83858_lot_1,3,MAIOLICHE | PIATTI | VASI
http://w3id.org/zac/83858_lot_3,3,MOBILI | MAIOLICHE | PORCELAINES; GRES
http://w3id.org/zac/83858_lot_33,3,MARBRES; ALBATRES | MAIOLICHE | TERRES CUITES; STUCS
http://w3id.org/zac/83873_lot_18,3,CANDELABRI | ARAZZI | ETOFFES; TAPISSERIES
http://w3id.org/zac/83873_lot_8,3,MOBILI | OGGETTI VARI | PIATTI
http://w3id.org/zac/83879_lot_2,3,BISCOTTI | BISCUITS; PORCELAINES DE SEVRES | PORCELLANE
http://w3id.org/zac/83879_lot_46,3,BISCUITS; PORCELAINES DE SEVRES | SEDIE | SPECCHI
http://w3id.org/zac/83884_lot_15,3,OGGETTI IN LEGNO | PIATTI | STAMPE E INCISIONI
http://w3id.org/zac/83890_lot_I,3,ARREDAMENTI | OGGETTI IN METALLO | SCOMPARTI
http://w3id.org/zac/83895_lot_I,3,OGGETTI IN METALLO | SCOMPARTI | STAMPE E INCISIONI
http://w3id.org/zac/83896_lot_11,3,OGGETTI D'ARTE ORIENTALE | VASI | PORCELLANE
http://w3id.org/zac/83897_lot_1,3,OGGETTI VARI | VASI | PORCELLANE
http://w3id.org/zac/83897_lot_15,3,ACQUEFORTI | MOBILI | OGGETTI IN LEGNO
http://w3id.org/zac/83897_lot_20,3,BRONZES; PENDULES | Bronzes; Pendules | bronzes; pendules | ACQUEFORTI | PORCELLANE
http://w3id.org/zac/83900_lot_19,3,ARAZZI | PANNELLI | TAPPETI
http://w3id.org/zac/83901_lot_16,3,MAIOLICHE | PIATTI | VASI
http://w3id.org/zac/83905_lot_6,3,GIOIELLI | MAIOLICHE | PORCELLANE
http://w3id.org/zac/83905_lot_95,3,ACQUEFORTI | VENTAGLI | PORCELLANE
http://w3id.org/zac/83909_lot_2,3,BISCOTTI | OGGETTI IN LEGNO | VASI
http://w3id.org/zac/83929_lot_1,3,ARREDAMENTI | OGGETTI IN LEGNO | SMALTI
http://w3id.org/zac/83932_lot_38,3,BOTTIGLIE | BRONZES; FERS ORIENTAUX | SPECCHI
http://w3id.org/zac/83932_lot_46,3,BASSORILIEVI | MAIOLICHE | VETRI
http://w3id.org/zac/83932_lot_48,3,BASSORILIEVI | MAIOLICHE | SCATOLE
http://w3id.org/zac/83932_lot_58,3,CANDELABRI | EMAUX CHAMPLEVES; ORFEVRERIE | SMALTI
http://w3id.org/zac/83932_lot_66,3,MARBRES; PIERRES | OGGETTI IN LEGNO | VETRI
http://w3id.org/zac/83932_lot_8,3,ANTICHITA' | PIATTI | VETRI
http://w3id.org/zac/83949_lot_1,3,OGGETTI VARI | SPECCHI | VASI
http://w3id.org/zac/83952_lot_48,3,MAIOLICHE | MEUBLES; SIEGES | SMALTI
http://w3id.org/zac/83962_lot_I,3,BRONZI | MERLETTI | SCOMPARTI
http://w3id.org/zac/83963_lot_1,3,OGGETTI VARI | PORCELLANE | SCATOLE
http://w3id.org/zac/83973_lot_8,3,DENTELLES; ETOFFES | MOBILI | OGGETTI D'ARTE ORIENTALE
http://w3id.org/zac/83977_lot_I,3,OGGETTI VARI | STAMPE E INCISIONI | SCOMPARTI
http://w3id.org/zac/83988_lot_2,3,GIOIELLI | OGGETTI VARI | PLACCHETTE
http://w3id.org/zac/83988_lot_3,3,OGGETTI VARI | PLACCHETTE | SCULTURE
http://w3id.org/zac/83989_lot_2,3,OGGETTI VARI | PANNELLI | SPECCHI
http://w3id.org/zac/83992_lot_16,3,GIOIELLI | PIATTI | PORCELLANE
http://w3id.org/zac/83992_lot_2,3,GIOIELLI | Pendules; Porcelaines montees | OGGETTI IN LEGNO
http://w3id.org/zac/84004_lot_16,3,CUIVRES; BRONZES | BASSORILIEVI | OGGETTI VARI
http://w3id.org/zac/84004_lot_I,3,BASSORILIEVI | MINIATURE | OGGETTI VARI
http://w3id.org/zac/84006_lot_1,3,OGGETTI D'ARTE ORIENTALE | PIATTI | VASI
http://w3id.org/zac/84015_lot_2,3,MOBILI | FAIENCES; PORCELAINES ANCIENNES | OGGETTI IN LEGNO
http://w3id.org/zac/84015_lot_I,3,Aquarelles; Dessins; Gouaches; PASTELS | BIANCHERIA | SCOMPARTI
http://w3id.org/zac/84019_lot_1,3,DIPINTI | PANNELLI | SOIERIES; TAPISSERIES
http://w3id.org/zac/84019_lot_3,3,DIPINTI | POLTRONE | PORCELLANE
http://w3id.org/zac/84026_lot_1,3,VASI | PIATTI | PORCELLANE
http://w3id.org/zac/84026_lot_2,3,OGGETTI VARI | PORCELLANE | VASI
http://w3id.org/zac/84028_lot_16,3,MINIATURE | Porcelaines; faiences | PORCELLANE | Porcelaines; Faiences | PORCELAINES; FAIENCES
http://w3id.org/zac/84029_lot_18,3,GIOIELLI | VASI | PORCELLANE
http://w3id.org/zac/84031_lot_16,3,ARMI | BRONZI | PIATTI
http://w3id.org/zac/84031_lot_2,3,MOBILI | OGGETTI IN LEGNO | PORCELLANE
http://w3id.org/zac/84031_lot_8,3,ARMI | MINIATURE | PORCELLANE
http://w3id.org/zac/84035_lot_2,3,OGGETTI VARI | OROLOGI | STRUMENTI SCIENTIFICI
http://w3id.org/zac/84035_lot_28,3,BALANCES | OGGETTI IN LEGNO | STRUMENTI SCIENTIFICI
http://w3id.org/zac/84035_lot_33,3,ARMI | STRUMENTI SCIENTIFICI | VASI
http://w3id.org/zac/84035_lot_6,3,BASSORILIEVI | OGGETTI VARI | STRUMENTI SCIENTIFICI
http://w3id.org/zac/84055_lot_1,3,MAIOLICHE | VASI | PIATTI
http://w3id.org/zac/84057_lot_I,3,OGGETTI IN LEGNO | OGGETTI VARI | SCOMPARTI
http://w3id.org/zac/84058_lot_I,3,OGGETTI IN LEGNO | OGGETTI VARI | SCOMPARTI
http://w3id.org/zac/84066_lot_6,3,BISCOTTI | VASI | PORCELLANE
http://w3id.org/zac/84066_lot_8,3,ARAZZI | OGGETTI D'ARTE ORIENTALE | OGGETTI IN LEGNO
http://w3id.org/zac/84068_lot_I,3,BIANCHERIA | ARAZZI | VASI
http://w3id.org/zac/84070_lot_3,3,ARAZZI | BIANCHERIA | PANNELLI
http://w3id.org/zac/84071_lot_3,3,BRONZI | VASI | TORCE
http://w3id.org/zac/84072_lot_1,3,OGGETTI VARI | VASI | PORCELLANE
http://w3id.org/zac/84072_lot_6,3,GIOIELLI | OGGETTI VARI | PORCELLANE
http://w3id.org/zac/84072_lot_8,3,LAMPADE | GIOIELLI | PIATTI
http://w3id.org/zac/84074_lot_1,3,COLLIERS; CHAPELETS DE PERLES | GIOIELLI | OGGETTI VARI
http://w3id.org/zac/84074_lot_2,3,COLLIERS; CHAPELETS DE PERLES | OGGETTI D'ARTE | OGGETTI VARI
http://w3id.org/zac/84074_lot_27,3,GIOIELLI | OGGETTI VARI | OGGETTI D'ARTE
http://w3id.org/zac/84074_lot_5,3,BRONZI | OGGETTI VARI | OGGETTI D'ARTE
http://w3id.org/zac/84075_lot_I,3,OBJETS VARIES; SCULPTURES | OGGETTI D'ARTE ORIENTALE | OGGETTI IN LEGNO
http://w3id.org/zac/84081_lot_3,3,CERAMICHE | OGGETTI IN LEGNO | PORCELLANE
http://w3id.org/zac/84085_lot_17,3,BRONZI | BASSORILIEVI | STAMPE E INCISIONI
http://w3id.org/zac/84086_lot_3,3,BIGIOTTERIA | MAIOLICHE | OGGETTI IN LEGNO
http://w3id.org/zac/84086_lot_5,3,ARMI | GIOIELLI | MAIOLICHE
http://w3id.org/zac/84092_lot_1,3,ACQUEFORTI | MAIOLICHE | VASI
http://w3id.org/zac/84095_lot_1,3,DECORAZIONI DA PARETE | ARAZZI | OGGETTI IN LEGNO
http://w3id.org/zac/84102_lot_1,3,BOTTIGLIE | BOIS; TERRES CUITES; MARBRES; IVOIRES | OGGETTI IN LEGNO
http://w3id.org/zac/84110_lot_1,3,Bronzes; Cuivres; Dinanderie; Etains | MAIOLICHE | OGGETTI IN PELTRO
http://w3id.org/zac/84119_lot_I,3,ACQUEFORTI | CANDELABRI | OGGETTI VARI
http://w3id.org/zac/84124_lot_3,3,OGGETTI VARI | SCATOLE | TESSUTI
http://w3id.org/zac/84126_lot_3,3,ACQUEFORTI | BIANCHERIA | OGGETTI IN LEGNO
http://w3id.org/zac/84127_lot_15,3,DIPINTI | OGGETTI IN LEGNO | PORCELLANE
http://w3id.org/zac/84128_lot_2,3,MEUBLES; SIEGES | OGGETTI IN LEGNO | TABLEAUX; DESSINS
http://w3id.org/zac/84133_lot_1,3,VASI | PIATTI | SCATOLE
http://w3id.org/zac/84136_lot_32,3,MINIATURE | GIOIELLI | VENTAGLI
http://w3id.org/zac/84136_lot_40,3,GIOIELLI | OGGETTI IN LEGNO | SEDIE
http://w3id.org/zac/84138_lot_1,3,ARAZZI | Le Lundi 10 Mars 1913 | SPECCHI
http://w3id.org/zac/84162_lot_1,3,ARGENTI | ACQUEFORTI | MINIATURE
http://w3id.org/zac/84179_lot_31,3,ARREDAMENTI | OGGETTI IN LEGNO | VASI
http://w3id.org/zac/84189_lot_I,3,BRONZI | ARREDAMENTI | SCOMPARTI
http://w3id.org/zac/84195_lot_1,3,MAIOLICHE | OGGETTI IN LEGNO | PORCELLANE
http://w3id.org/zac/84195_lot_3,3,MAIOLICHE | GIOIELLI | PIATTI
http://w3id.org/zac/84196_lot_6,3,DIPINTI | LUSTRI | SEDIE
http://w3id.org/zac/84198_lot_16,3,OGGETTI VARI | PIATTI | SCULTURE
http://w3id.org/zac/84198_lot_I,3,MANOSCRITTI | VASI | SCULTURE
http://w3id.org/zac/84202_lot_I,3,OGGETTI IN FERRO | OGGETTI IN LEGNO | STAMPE E INCISIONI
http://w3id.org/zac/84206_lot_2,3,OGGETTI IN LEGNO | VASI | PORCELLANE
http://w3id.org/zac/84206_lot_I,3,BRONZI | MAIOLICHE | VASI
http://w3id.org/zac/84207_lot_I,3,ARREDAMENTI | SCATOLE | SCULTURE
http://w3id.org/zac/84209_lot_33,3,BRONZI | CANDELABRI | Faiences; porcelaines | Faiences; Porcelaines | FAIENCES; PORCELAINES
http://w3id.org/zac/84209_lot_36,3,BRONZI | Faiences; porcelaines | Faiences; Porcelaines | FAIENCES; PORCELAINES | VASI
http://w3id.org/zac/84209_lot_58,3,OGGETTI IN METALLO | SMALTI | PLACCHETTE
http://w3id.org/zac/84209_lot_8,3,FAIENCES; PORCELAINES | HORLOGES; PENDULES | Faiences; Porcelaines | Faiences; porcelaines | OGGETTI VARI
http://w3id.org/zac/84227_lot_1,3,BASSORILIEVI | BRONZI | LUSTRI
http://w3id.org/zac/84227_lot_15,3,ACQUEFORTI | OGGETTI IN LEGNO | PIATTI
http://w3id.org/zac/84227_lot_2,3,PIATTI | PORCELLANE | TAPPETI
http://w3id.org/zac/84228_lot_13,3,gouaches; dessins | OGGETTI VARI | PORCELLANE
http://w3id.org/zac/84228_lot_18,3,BRONZI | OGGETTI IN LEGNO | SCATOLE
http://w3id.org/zac/84228_lot_2,3,BRONZI | OGGETTI IN LEGNO | STAMPE E INCISIONI
http://w3id.org/zac/84229_lot_1,3,DISEGNI | OGGETTI VARI | TAPPETI
http://w3id.org/zac/84231_lot_1,3,ARAZZI | OGGETTI IN LEGNO | SEDIE
http://w3id.org/zac/84235_lot_1,3,OGGETTI VARI | VASI | STAMPE E INCISIONI
http://w3id.org/zac/84237_lot_1,3,ARAZZI | DECORAZIONI DA PARETE | OGGETTI IN LEGNO
http://w3id.org/zac/84240_lot_I,3,ARAZZI | MOBILI | OGGETTI VARI
http://w3id.org/zac/84241_lot_551,3,PEINTURES; GRAVURES | OGGETTI IN LEGNO | TAPISSERIES; BRODERIES
http://w3id.org/zac/84241_lot_558,3,PANNELLI | OGGETTI IN LEGNO | STAMPE E INCISIONI
http://w3id.org/zac/84243_lot_I,3,ARAZZI | OGGETTI IN LEGNO | PORCELLANE
http://w3id.org/zac/84245_lot_I,3,ARREDAMENTI | PANNELLI | OGGETTI D'ARTE
http://w3id.org/zac/84249_lot_1000,3,GIOIELLI | SCULTURE | VASI
http://w3id.org/zac/84249_lot_6,3,MAIOLICHE | SCULTURE | SCATOLE
http://w3id.org/zac/84250_lot_15,3,GIOIELLI | OGGETTI IN LEGNO | VASI
http://w3id.org/zac/84250_lot_16,3,GIOIELLI | VASI | PIATTI
http://w3id.org/zac/84250_lot_2,3,BRONZI | MAIOLICHE | GIOIELLI
http://w3id.org/zac/84250_lot_36,3,OGGETTI IN LEGNO | SCULTURE | TERRECOTTE
http://w3id.org/zac/84250_lot_8,3,MAIOLICHE | OTTONI | OGGETTI VARI
http://w3id.org/zac/84253_lot_16,3,MINIATURE | STAMPE E INCISIONI | PIATTI
http://w3id.org/zac/84253_lot_18,3,MINIATURE | OGGETTI IN METALLO | PIATTI
http://w3id.org/zac/84255_lot_1,3,Bronzes; Cuivres | BRONZES; CUIVRES | OGGETTI IN LEGNO | PIATTI
http://w3id.org/zac/84255_lot_13,3,BASSORILIEVI | CERAMICHE | SCULTURE
http://w3id.org/zac/84255_lot_2,3,GIOIELLI | OGGETTI IN LEGNO | PIATTI
http://w3id.org/zac/84255_lot_3,3,CERAMICHE | OGGETTI VARI | VASI
http://w3id.org/zac/84259_lot_1,3,OGGETTI IN PELTRO | VASI | PORCELLANE
http://w3id.org/zac/84259_lot_180,3,OGGETTI D'ARTE ORIENTALE | PORCELLANE | SCATOLE
http://w3id.org/zac/84259_lot_2,3,OGGETTI D'ARTE ORIENTALE | PORCELLANE | SCATOLE
http://w3id.org/zac/84259_lot_210,3,OGGETTI D'ARTE ORIENTALE | OGGETTI IN LEGNO | SCATOLE
http://w3id.org/zac/84259_lot_310,3,OGGETTI D'ARTE ORIENTALE | PORCELLANE | STAMPE E INCISIONI
http://w3id.org/zac/84259_lot_320,3,MOBILI | OGGETTI D'ARTE ORIENTALE | OROLOGI
http://w3id.org/zac/84260_lot_I,3,BIANCHERIA | OGGETTI VARI | SCULTURE
http://w3id.org/zac/84263_lot_1,3,ARMES; COUTELLERIE | OGGETTI IN LEGNO | SCULTURE
http://w3id.org/zac/84263_lot_15,3,BASSORILIEVI | CERAMICHE | OGGETTI IN LEGNO
http://w3id.org/zac/84272_lot_1,3,ARREDAMENTI | MOBILI | OGGETTI IN LEGNO
http://w3id.org/zac/84273_lot_1,3,CAMINI | ARAZZI | OGGETTI IN LEGNO
http://w3id.org/zac/84274_lot_I,3,OGGETTI IN LEGNO | SEDIE | SCOMPARTI
http://w3id.org/zac/84278_lot_1,3,BRONZI | VASI | TERRECOTTE
http://w3id.org/zac/84278_lot_3,3,BRONZI | MEDAGLIE | TERRECOTTE
http://w3id.org/zac/84292_lot_1,3,ARREDAMENTI | OGGETTI IN LEGNO | OGGETTI D'ARTE
http://w3id.org/zac/84295_lot_1,3,BISCOTTI | PORCELLANE | VASI
http://w3id.org/zac/84295_lot_2,3,OGGETTI IN LEGNO | PORCELLANE | SCATOLE
http://w3id.org/zac/84295_lot_23,3,BISCUITS; FAIENCES | OBJETS VARIES; SCULPTURES | PORCELLANE
http://w3id.org/zac/84295_lot_26,3,BISCUITS; FAIENCES | OGGETTI IN METALLO | PENDULES; BRONZES
http://w3id.org/zac/84296_lot_1,3,OGGETTI IN METALLO | SCATOLE | TESSUTI
http://w3id.org/zac/84296_lot_2,3,OGGETTI IN LEGNO | OGGETTI VARI | TESSUTI
http://w3id.org/zac/84304_lot_7,3,ANTICHITA' | MAIOLICHE | OGGETTI VARI
http://w3id.org/zac/84308_lot_35,3,OGGETTI VARI | OGGETTI LITURGICI | SCULTURE
http://w3id.org/zac/84308_lot_4,3,PANNELLI | OGGETTI IN METALLO | SMALTI
http://w3id.org/zac/84308_lot_I1,3,BRONZI | SMALTI | VASI
http://w3id.org/zac/84310_lot_8,3,LAMPADE | OGGETTI IN LEGNO | PORCELLANE
http://w3id.org/zac/84312_lot_16,3,ACQUEFORTI | OGGETTI D'ARTE ORIENTALE | OGGETTI IN LEGNO
http://w3id.org/zac/84334_lot_28,3,ARAZZI | PANNELLI | PIATTI
http://w3id.org/zac/84334_lot_3,3,ARAZZI | OGGETTI IN LEGNO | PIATTI
http://w3id.org/zac/84334_lot_I,3,MOBILI | PANNELLI | VASI
http://w3id.org/zac/84335_lot_2,3,ARAZZI | MOBILI | OGGETTI IN LEGNO
http://w3id.org/zac/87357_lot_13,3,ARREDAMENTI | OGGETTI IN LATTA | OGGETTI VARI
http://w3id.org/zac/87357_lot_16,3,Kupfer; Messing; Bronze | MAIOLICHE | OGGETTI IN FERRO
http://w3id.org/zac/87357_lot_17,3,BRONZI | Ristzeug; Waffen | VASI
http://w3id.org/zac/87357_lot_20,3,FAYENCE; MAJOLIKA | Fayence; Majolika | VASI | Ristzeug; Waffen
http://w3id.org/zac/87357_lot_23,3,BRONZI | OGGETTI VARI | Steingut; Thon
http://w3id.org/zac/87357_lot_231,3,BRONZI | CERAMICHE | SMALTI
http://w3id.org/zac/87357_lot_242,3,CERAMICHE | ARREDAMENTI | SMALTI
http://w3id.org/zac/87357_lot_33,3,Fayence; Majolika | FAYENCE; MAJOLIKA | OGGETTI IN LATTA | Steingut; Thon
http://w3id.org/zac/87357_lot_59,3,ARAZZI | OGGETTI IN RAME | PIATTI
http://w3id.org/zac/87357_lot_8,3,CERAMICHE | BRONZI | OGGETTI VARI
http://w3id.org/zac/87357_lot_9,3,BRONZI | Fayence; Majolika | FAYENCE; MAJOLIKA | OGGETTI IN LATTA
http://w3id.org/zac/87357_lot_95,3,CERAMICHE | BRONZI | Porzellan; Biscuit
http://w3id.org/zac/87358_lot_16,3,ARMI | ARGENTI | PORCELLANE
http://w3id.org/zac/87361_lot_1,3,ARMI | Mobel; Uhren; Spiegel; Luster | VASI
http://w3id.org/zac/87361_lot_12,3,ARMI | DIPINTI | VETRI
http://w3id.org/zac/87362_lot_4,3,MINIATUREN; GEMALDE | Miniaturen; Gemalde | OGGETTI IN METALLO | VASI
http://w3id.org/zac/87362_lot_8,3,MAIOLICHE | PORCELLANE | VASI
http://w3id.org/zac/87363_lot_131,3,Kriegs- und Jagd-Waffen; Jagdgerathschaften | Kostumstucke; Kostume; Stickereien | VETRI
http://w3id.org/zac/87363_lot_38,3,Fayence; glasirte Thonwaaren | MOBILI | OGGETTI IN FERRO
http://w3id.org/zac/87363_lot_63,3,Fayence; glasirte Thonwaaren | OGGETTI IN LATTA | TESSUTI
http://w3id.org/zac/87363_lot_85,3,MAIOLICHE | OGGETTI IN RAME | OGGETTI IN PELLE
http://w3id.org/zac/87369_lot_195,3,ARMI | ARGENTI | OGGETTI VARI
http://w3id.org/zac/87369_lot_30,3,Bücher | Krüge | Rüstungen
http://w3id.org/zac/87369_lot_385,3,Gefäße | Fahnen; Standarten | OGGETTI IN ORO
http://w3id.org/zac/87369_lot_8,3,MAIOLICHE | OGGETTI IN FERRO | OGGETTI IN ORO
http://w3id.org/zac/87374_lot_1,3,Adels-Diplome; Wappen-Diplome; Privilegien-Briefe; Stammbaume | Krige; Majoliken; glasirte Topfereien; Arbeiten in Thon | OGGETTI IN METALLO
http://w3id.org/zac/87374_lot_31,3,Arbeiten in Elfenbein; Arbeiten in Email | LETTERE | MINIATURE
http://w3id.org/zac/87374_lot_35,3,Adels-Diplome; Wappen-Diplome; Privilegien-Briefe; Stammbaume | OGGETTI IN LEGNO | OGGETTI VARI
http://w3id.org/zac/87374_lot_52,3,MINIATURE | LIBRI | OGGETTI IN FERRO
http://w3id.org/zac/87374_lot_6,3,Adels-Diplome; Wappen-Diplome; Privilegien-Briefe; Stammbaume | Munzen; Medaillen | LETTERE | MUNZEN; MEDAILLEN
http://w3id.org/zac/87375_lot_I,3,OGGETTI VARI | OGGETTI IN LEGNO | VETRI
http://w3id.org/zac/87381_lot_100,3,LAMPADE | OGGETTI IN RAME | OGGETTI IN ORO
http://w3id.org/zac/87381_lot_5,3,OGGETTI IN FERRO | OGGETTI IN CERA | SPECCHI
http://w3id.org/zac/87382_lot_14,3,ARGENTI | OGGETTI IN FERRO | Riechbüchschen; Flacons
http://w3id.org/zac/87382_lot_15,3,BOTTIGLIE | ALTERTÜMER | OGGETTI IN FERRO
http://w3id.org/zac/87388_lot_I,3,OGGETTI IN RAME | OGGETTI VARI | STAMPE E INCISIONI
http://w3id.org/zac/87389_lot_26,3,Glas; Email-Nippsachen; Bronze; Uhren; Schmuck; Miniaturen | Orden; silberne Pokale; Prachtdegen; Reitpeitschen | Porzellan-Figuren; Gefasse; Tassen; Teller
http://w3id.org/zac/87395_lot_3,3,BRONZI | Marine | Email; Lackarbeiten
http://w3id.org/zac/87395_lot_I,3,CAMINI | Mondlandschaft | OGGETTI IN LEGNO
http://w3id.org/zac/87396_lot_120,3,Mobel; Gerathe | OGGETTI IN LEGNO | Topfereien; Fayencen; Thon; Porzellan
http://w3id.org/zac/87396_lot_180,3,Glas; Glasmalereien | OGGETTI IN LEGNO | TERRECOTTE
http://w3id.org/zac/87396_lot_2466,3,ARMI | SCATOLE | TERRECOTTE
http://w3id.org/zac/87396_lot_50,3,Mobel; Gerathe | TESSUTI | Topfereien; Fayencen; Thon; Porzellan
http://w3id.org/zac/87407_lot_10,3,Kupfer; Bronze | MINIATURE | VETRI
http://w3id.org/zac/87407_lot_2,3,OGGETTI IN LEGNO | OGGETTI IN FERRO | Thon; Porzellan; Glas
http://w3id.org/zac/87407_lot_30,3,Kupfer; Bronze | GOLD; SILBER | Gold; Silber | TESSUTI
http://w3id.org/zac/87408_lot_I,3,LAMPADE | OGGETTI VARI | OGGETTI IN LEGNO
http://w3id.org/zac/87412_lot_14,3,DIPINTI | MOBILI | Porzellan; Glaser; Kruge; Majoliken
http://w3id.org/zac/87412_lot_15,3,DIPINTI | MOBILI | Porzellan; Glaser; Kruge; Majoliken
http://w3id.org/zac/87412_lot_5,3,MOBILI | OGGETTI IN RAME | Porzellan; Glaser; Kruge; Majoliken
http://w3id.org/zac/87412_lot_6,3,MOBILI | Porzellan; Glaser; Kruge; Majoliken | PORCELLANE
http://w3id.org/zac/87412_lot_7,3,DIPINTI | MOBILI | Porzellan; Glaser; Kruge; Majoliken
http://w3id.org/zac/87412_lot_9,3,DIPINTI | MOBILI | Porzellan; Glaser; Kruge; Majoliken
http://w3id.org/zac/87414_lot_I,3,CORNICI | OGGETTI IN LEGNO | OGGETTI VARI
http://w3id.org/zac/87415_lot_1321,3,ARMI | VASI DA FARMACIA | SCATOLE
http://w3id.org/zac/87420_lot_22,3,CERAMICHE | Holzschnitzereien; Elfenbeinarbeiten | OGGETTI IN LATTA
http://w3id.org/zac/87420_lot_24,3,Holzschnitzereien; Elfenbeinarbeiten | LIBRI | OGGETTI IN LATTA
http://w3id.org/zac/87420_lot_26,3,CERAMICHE | LIBRI | VETRI
http://w3id.org/zac/87420_lot_28,3,CERAMICHE | Holzschnitzereien; Elfenbeinarbeiten | VETRI
http://w3id.org/zac/87420_lot_29,3,CERAMICHE | OGGETTI IN LEGNO | VETRI
http://w3id.org/zac/87420_lot_30,3,CERAMICHE | OGGETTI IN LATTA | VETRI
http://w3id.org/zac/87420_lot_31,3,CERAMICHE | OGGETTI IN LATTA | VETRI
http://w3id.org/zac/87420_lot_34,3,CERAMICHE | LIBRI | VETRI
http://w3id.org/zac/87420_lot_40,3,CERAMICHE | PIATTI | VETRI
http://w3id.org/zac/87420_lot_43,3,CERAMICHE | VASI | VETRI
http://w3id.org/zac/87421_lot_14,3,CERAMICHE | CAMEI | MEDAGLIE
http://w3id.org/zac/87421_lot_7,3,MOBILI | PORCELLANE | SCATOLE
http://w3id.org/zac/87421_lot_9,3,MOBILI | OGGETTI VARI | PORCELLANE
http://w3id.org/zac/87424_lot_23,3,BRONZI | OGGETTI IN ORO | Porzellan; Fayence; Steingut; Glaser
http://w3id.org/zac/87424_lot_26,3,ARGENTI | OGGETTI IN ORO | Porzellan; Fayence; Steingut; Glaser
http://w3id.org/zac/87424_lot_27,3,Elfenbein; Horn; Bernstein; Speckstein; Alabaster | OGGETTI IN ORO | Porzellan; Fayence; Steingut; Glaser
http://w3id.org/zac/87424_lot_28,3,OGGETTI IN ORO | Porzellan; Fayence; Steingut; Glaser | SCATOLE
http://w3id.org/zac/87424_lot_30,3,ARGENTI | OGGETTI IN LEGNO | Porzellan; Fayence; Steingut; Glaser
http://w3id.org/zac/87424_lot_31,3,MONETE | OGGETTI IN ORO | Porzellan; Fayence; Steingut; Glaser
http://w3id.org/zac/87424_lot_330,3,ANTICHITA' | OGGETTI IN RAME | Siegelstampfen; Petschaften; Gemmen
http://w3id.org/zac/87424_lot_36,3,Holz; Meubles | OGGETTI IN PIETRA | OGGETTI IN ORO
http://w3id.org/zac/87424_lot_37,3,MAIOLICHE | Gemalde; Stiche | Porzellan; Fayence; Steingut; Glaser
http://w3id.org/zac/87424_lot_39,3,ANTICHITA' | OGGETTI IN ORO | Porzellan; Fayence; Steingut; Glaser
http://w3id.org/zac/87424_lot_40,3,ARGENTI | OGGETTI VARI | OGGETTI IN ORO
http://w3id.org/zac/87424_lot_41,3,MONETE | OGGETTI IN ORO | Porzellan; Fayence; Steingut; Glaser
http://w3id.org/zac/87425_lot_100,3,DIPINTI | ARMI | TESSUTI
http://w3id.org/zac/87425_lot_11,3,ARAZZI | DIPINTI | VASI
http://w3id.org/zac/87425_lot_22,3,ARMI | MOBILI | MAIOLICHE
http://w3id.org/zac/87425_lot_31,3,DIPINTI | ARMI | MAIOLICHE
http://w3id.org/zac/87425_lot_5,3,ARMI | OGGETTI IN ORO | SMALTI
http://w3id.org/zac/87425_lot_50,3,ARMI | MAIOLICHE | OGGETTI IN RAME
http://w3id.org/zac/87425_lot_80,3,DIPINTI | ARMI | PORCELLANE
http://w3id.org/zac/87426_lot_11,3,Muinzen; Medaillen | Uhren; Mobel | VETRI
http://w3id.org/zac/87426_lot_16,3,Muinzen; Medaillen | OGGETTI IN METALLO | VETRI
http://w3id.org/zac/87426_lot_21,3,Muinzen; Medaillen | OGGETTI IN METALLO | Uhren; Mobel
http://w3id.org/zac/87426_lot_22,3,Muinzen; Medaillen | OGGETTI IN METALLO | VETRI
http://w3id.org/zac/87426_lot_23,3,Muinzen; Medaillen | OGGETTI IN METALLO | VETRI
http://w3id.org/zac/87426_lot_25,3,Muinzen; Medaillen | OGGETTI IN LEGNO | VETRI
http://w3id.org/zac/87426_lot_26,3,Muinzen; Medaillen | OGGETTI VARI | VASI
http://w3id.org/zac/87426_lot_5,3,OGGETTI IN LEGNO | VETRI | Uhren; Mobel
http://w3id.org/zac/87426_lot_8,3,Muinzen; Medaillen | Holz; Elfenbein; Miniaturen | VETRI
http://w3id.org/zac/87427_lot_3,3,OGGETTI VARI | PORCELLANE | VASI
http://w3id.org/zac/87427_lot_I,3,CORNICI | OGGETTI VARI | STAGNI
http://w3id.org/zac/87432_lot_1,3,ARGENTI | DIPINTI | OGGETTI VARI
http://w3id.org/zac/87432_lot_3,3,ARGENTI | OGGETTI VARI | OGGETTI LITURGICI
http://w3id.org/zac/87432_lot_4,3,DIPINTI | ARGENTI | MONETE
http://w3id.org/zac/87432_lot_7,3,ARGENTI | DIPINTI | OGGETTI VARI
http://w3id.org/zac/87437_lot_11,3,ARMI | EISEN; ZINN; METALLE | MUSIKINSTRUMENTE; UHREN
http://w3id.org/zac/87437_lot_17,3,EISEN; ZINN; METALLE | Hirschgeweih | MUSIKINSTRUMENTE; UHREN
http://w3id.org/zac/87437_lot_18,3,ARMI | MUSIKINSTRUMENTE; UHREN | EISEN; ZINN; METALLE
http://w3id.org/zac/87437_lot_20,3,ARMI | MUSIKINSTRUMENTE; UHREN | OGGETTI IN FERRO
http://w3id.org/zac/87437_lot_22,3,ARMI | MUSIKINSTRUMENTE; UHREN | OGGETTI IN LATTA
http://w3id.org/zac/87437_lot_26,3,ARMI | MUSIKINSTRUMENTE; UHREN | WAFFEN; RUSTUNGEN
http://w3id.org/zac/87437_lot_29,3,MUSIKINSTRUMENTE; UHREN | Hirschgeweih | OGGETTI IN FERRO
http://w3id.org/zac/87437_lot_30,3,Hirschgeweih | MINIATURE | WAFFEN; RUSTUNGEN
http://w3id.org/zac/87437_lot_31,3,ARMI | Hirschgeweih | WAFFEN; RUSTUNGEN
http://w3id.org/zac/87437_lot_32,3,ARMI | MUSIKINSTRUMENTE; UHREN | Hirschgeweih
http://w3id.org/zac/87437_lot_35,3,ARMI | MUSIKINSTRUMENTE; UHREN | Hirschgeweih
http://w3id.org/zac/87437_lot_36,3,ARMI | MUSIKINSTRUMENTE; UHREN | Hirschgeweih
http://w3id.org/zac/87437_lot_37,3,ARMI | Hirschgeweih | OGGETTI IN LATTA
http://w3id.org/zac/87437_lot_38,3,ARMI | Hirschgeweih | WAFFEN; RUSTUNGEN
http://w3id.org/zac/87437_lot_4,3,BRONZI | ARMI | WAFFEN; RUSTUNGEN
http://w3id.org/zac/87437_lot_47,3,ARMI | MUSIKINSTRUMENTE; UHREN | WAFFEN; RUSTUNGEN
http://w3id.org/zac/87437_lot_54,3,ARMI | MUSIKINSTRUMENTE; UHREN | WAFFEN; RUSTUNGEN
http://w3id.org/zac/87437_lot_57,3,EMAILLEN; SILBER; MINIATUREN | MUSIKINSTRUMENTE; UHREN | WAFFEN; RUSTUNGEN
http://w3id.org/zac/87437_lot_59,3,ARMI | EMAILLEN; SILBER; MINIATUREN | WAFFEN; RUSTUNGEN
http://w3id.org/zac/87437_lot_66,3,ARMI | OGGETTI VARI | WAFFEN; RUSTUNGEN
http://w3id.org/zac/87453_lot_2,3,ARMATURE | FOTOGRAFIE | OGGETTI IN FERRO
http://w3id.org/zac/87453_lot_3,3,ARMATURE | OGGETTI IN METALLO | OGGETTI IN FERRO
http://w3id.org/zac/87453_lot_I,3,COPPE | MOBILI | OGGETTI VARI
http://w3id.org/zac/87456_lot_2,3,Bronze; Kupfer | BRONZE; KUPFER | MAIOLICHE | TESSUTI
http://w3id.org/zac/87456_lot_3,3,CORNICI | Bronze; Kupfer | BRONZE; KUPFER | TESSUTI
http://w3id.org/zac/87460_lot_2,3,CORNICI | ARREDAMENTI | FOTOGRAFIE
http://w3id.org/zac/87460_lot_I,3,DIPINTI | FOTOGRAFIE | OGGETTI VARI
http://w3id.org/zac/87462_lot_5,3,Majoliken; Topfereien | OGGETTI IN LEGNO | PORCELLANE
http://w3id.org/zac/87477_lot_5,3,CORNICI | AVORI | OGGETTI VARI
http://w3id.org/zac/87477_lot_I,3,Mobel; Arbeiten in Holz | OGGETTI VARI | OGGETTI IN LEGNO
http://w3id.org/zac/87483_lot_3,3,OGGETTI IN LEGNO | OGGETTI VARI | PORCELLANE
http://w3id.org/zac/87494_lot_I,3,CORNICI | BIANCHERIA | OGGETTI IN RAME
http://w3id.org/zac/87496_lot_31,3,BRONZI | OGGETTI IN LEGNO | Rustungssticke; Kriegs- und Jagd-Waffen
http://w3id.org/zac/87496_lot_36,3,BRONZI | OGGETTI IN RAME | OGGETTI IN LEGNO
http://w3id.org/zac/87496_lot_45,3,OGGETTI IN FERRO | OGGETTI IN LEGNO | VETRI
http://w3id.org/zac/87496_lot_56,3,Arbeiten in Glas; Glasscheiben | OGGETTI IN LEGNO | OGGETTI IN FERRO
http://w3id.org/zac/87496_lot_80,3,BRONZI | LAMPADE | OGGETTI IN LEGNO
http://w3id.org/zac/87496_lot_95,3,"BRONZI | Arbeiten in Steingut, Thon; Majoliken; Fayencen | PORCELLANE"
http://w3id.org/zac/87500_lot_2,3,DIPINTI | LIBRI | OGGETTI IN LEGNO
http://w3id.org/zac/87501_lot_I,3,ARMI | OGGETTI IN RAME | OGGETTI IN LEGNO
http://w3id.org/zac/87505_lot_12,3,DIPINTI | OGGETTI IN LATTA | Porzellane; Fayencen; Glaser
http://w3id.org/zac/87505_lot_13,3,DIPINTI | OGGETTI IN LATTA | Zinn; Eisen; Kupfer; Messing
http://w3id.org/zac/87505_lot_14,3,DIPINTI | Zinn; Eisen; Kupfer; Messing | Silber; Elfenbein
http://w3id.org/zac/87505_lot_20,3,DIPINTI | Zinn; Eisen; Kupfer; Messing | Porzellane; Fayencen; Glaser
http://w3id.org/zac/87505_lot_22,3,ARGENTI | Zinn; Eisen; Kupfer; Messing | Porzellane; Fayencen; Glaser
http://w3id.org/zac/87505_lot_25,3,Porzellane; Fayencen; Glaser | Zinn; Eisen; Kupfer; Messing | Silber; Elfenbein
http://w3id.org/zac/87505_lot_26,3,LAMPADE | OGGETTI IN RAME | Silber; Elfenbein
http://w3id.org/zac/87505_lot_29,3,DIPINTI | Silber; Elfenbein | Zinn; Eisen; Kupfer; Messing
http://w3id.org/zac/87505_lot_30,3,MINIATURE | OTTONI | Porzellane; Fayencen; Glaser
http://w3id.org/zac/87505_lot_31,3,ARGENTI | Zinn; Eisen; Kupfer; Messing | PIATTI
http://w3id.org/zac/87505_lot_32,3,OGGETTI VARI | Porzellane; Fayencen; Glaser | Zinn; Eisen; Kupfer; Messing
http://w3id.org/zac/87505_lot_36,3,ARGENTI | OGGETTI IN LATTA | Silber; Elfenbein
http://w3id.org/zac/87505_lot_43,3,ARGENTI | Porzellane; Fayencen; Glaser | Zinn; Eisen; Kupfer; Messing
http://w3id.org/zac/87505_lot_44,3,OTTONI | Zinn; Eisen; Kupfer; Messing | Porzellane; Fayencen; Glaser
http://w3id.org/zac/87508_lot_I,3,ANTICHITA' | Fayence; Porcellan; Delft; Steingut | OGGETTI VARI
http://w3id.org/zac/87513_lot_I,3,Antiquitaten; Mobel | OGGETTI VARI | OGGETTI IN LEGNO
http://w3id.org/zac/87514_lot_15,3,OGGETTI VARI | TERRECOTTE | VASI
http://w3id.org/zac/87514_lot_18,3,OGGETTI IN METALLO | OGGETTI VARI | Thon; Majoliken; Fayencen
http://w3id.org/zac/87514_lot_4,3,Bronze; Kupfer; Messing | OGGETTI VARI | VASI
http://w3id.org/zac/87514_lot_5,3,Bein; Schildpatt | OGGETTI IN PELLE | OGGETTI VARI
http://w3id.org/zac/87514_lot_66,3,BRONZI | OGGETTI IN LEGNO | OGGETTI VARI
http://w3id.org/zac/87514_lot_7,3,ARREDAMENTI | OGGETTI IN LEGNO | TERRECOTTE
http://w3id.org/zac/87514_lot_86,3,BASTONI | OGGETTI IN LEGNO | PORCELLANE
http://w3id.org/zac/87523_lot_15,3,CERAMICHE | OGGETTI IN LEGNO | PIATTI
http://w3id.org/zac/87528_lot_8,3,CORNICI | OGGETTI VARI | OGGETTI IN ORO
http://w3id.org/zac/87530_lot_I,3,CORNICI | OGGETTI IN LEGNO | STAMPE E INCISIONI
http://w3id.org/zac/87543_lot_4,3,OGGETTI VARI | OGGETTI IN ORO | PIATTI
http://w3id.org/zac/87543_lot_6,3,MAIOLICHE | OGGETTI IN ORO | OGGETTI VARI
http://w3id.org/zac/87543_lot_8,3,MAIOLICHE | OGGETTI VARI | Terrakotten; Majoliken; Fayencen
http://w3id.org/zac/87544_lot_15,3,OGGETTI IN ORO | Wand- und Fussteppiche; Textilarbeiten | VASI
http://w3id.org/zac/87548_lot_2,3,DISEGNI | Oelgemalde; Pastelle; Aquarelle; Zeichnungen; Sculpturen | OGGETTI D'ARTE ORIENTALE
http://w3id.org/zac/87564_lot_1,3,CORNICI | OGGETTI VARI | TESSUTI
http://w3id.org/zac/87564_lot_104,3,SPARTITI MUSICALI | TESSUTI | Rustungen; Ruistungsteile
http://w3id.org/zac/87569_lot_I,3,CORNICI | OGGETTI IN FERRO | PIATTI
http://w3id.org/zac/87570_lot_I,3,BIANCHERIA | OGGETTI IN RAME | VASI
http://w3id.org/zac/87576_lot_I,3,CAMINI | COPPE | FOTOGRAFIE
http://w3id.org/zac/87577_lot_4,3,CORNICI | OGGETTI VARI | TAPPETI
http://w3id.org/zac/87582_lot_6,3,DISEGNI | OGGETTI VARI | STAMPE E INCISIONI
http://w3id.org/zac/87593_lot_10,3,MINIATURE | OGGETTI VARI | OGGETTI IN ORO
http://w3id.org/zac/87593_lot_11,3,MINIATURE | OGGETTI VARI | PIATTI
http://w3id.org/zac/87593_lot_14,3,OGGETTI VARI | SCOMPARTI | PIATTI
http://w3id.org/zac/87593_lot_2,3,OGGETTI IN ORO | OGGETTI VARI | VASI
http://w3id.org/zac/87593_lot_9,3,MINIATURE | OGGETTI IN ORO | OGGETTI VARI
http://w3id.org/zac/87594_lot_11,3,Kupferstiche; Radirungen; Holzschnite | Kupferstiche; Holzschnitte | STAMPE E INCISIONI
http://w3id.org/zac/87594_lot_13,3,ACQUEFORTI | Kupferstiche; Radirungen; Holzschnite | Kupferstiche; Holzschnitte
http://w3id.org/zac/87594_lot_14,3,Kupferstiche; Holzschnitte | Kupferstiche; Radirungen; Holzschnite | OGGETTI IN LEGNO
http://w3id.org/zac/87594_lot_15,3,Kupferstiche; Radirungen; Holzschnite | Kupferstiche; Holzschnitte | OGGETTI IN LEGNO
http://w3id.org/zac/87594_lot_18,3,ACQUEFORTI | Kupferstiche; Holzschnitte | Kupferstiche; Radirungen; Holzschnite
http://w3id.org/zac/87594_lot_19,3,Kupferstiche; Holzschnitte | Kupferstiche; Radirungen; Holzschnite | STAMPE E INCISIONI
http://w3id.org/zac/87594_lot_2,3,ACQUEFORTI | Kupferstiche; Radirungen; Holzschnite | Kupferstiche; Holzschnitte
http://w3id.org/zac/87594_lot_21,3,Kupferstiche; Holzschnitte | Kupferstiche; Radirungen; Holzschnite | OGGETTI IN LEGNO
http://w3id.org/zac/87594_lot_22,3,Kupferstiche; Radirungen; Holzschnite | Kupferstiche; Holzschnitte | OGGETTI IN LEGNO
http://w3id.org/zac/87594_lot_25,3,Kupferstiche; Radirungen; Holzschnite | OGGETTI IN LEGNO | STAMPE E INCISIONI
http://w3id.org/zac/87594_lot_26,3,Kupferstiche; Holzschnitte | Kupferstiche; Radirungen; Holzschnite | OGGETTI IN LEGNO
http://w3id.org/zac/87594_lot_6,3,Kupferstiche; Radirungen; Holzschnite | Kupferstiche; Holzschnitte | STAMPE E INCISIONI
http://w3id.org/zac/87595_lot_1,3,ARGENTI | AVORI | Majoliken; Fayencen
http://w3id.org/zac/87595_lot_10,3,CAMEI | SMALTI | SCATOLE
http://w3id.org/zac/87595_lot_13,3,Stein; Leder | SMALTI | SCATOLE
http://w3id.org/zac/87595_lot_2,3,ARGENTI | VASI | SCATOLE
http://w3id.org/zac/87595_lot_300,3,AVORI | SCATOLE | VASI
http://w3id.org/zac/87598_lot_2,3,FOTOGRAFIE | OGGETTI IN LEGNO | VASI
http://w3id.org/zac/87598_lot_6,3,ARREDAMENTI | OGGETTI IN LEGNO | VASI
http://w3id.org/zac/87621_lot_10,3,COPPE | OGGETTI VARI | SCATOLE
http://w3id.org/zac/87621_lot_12,3,OGGETTI IN LEGNO | OGGETTI VARI | SCATOLE
http://w3id.org/zac/87621_lot_14,3,OGGETTI IN LEGNO | OGGETTI IN FERRO | OGGETTI LACCATI
http://w3id.org/zac/87621_lot_3,3,OGGETTI VARI | OGGETTI IN ORO | OGGETTI IN LEGNO
http://w3id.org/zac/87627_lot_11,3,ACQUEFORTI | MAIOLICHE | OGGETTI IN LEGNO
http://w3id.org/zac/87642_lot_2,3,ARMI | OGGETTI IN LEGNO | OGGETTI D'ARTE
http://w3id.org/zac/87642_lot_43,3,ARMI | ARREDAMENTI | Textilien; Oelgemalde; Miniaturen
http://w3id.org/zac/87642_lot_5,3,ARMI | OGGETTI D'ARTE | Textilien; Oelgemalde; Miniaturen
http://w3id.org/zac/87648_lot_3,3,DIPINTI | OGGETTI IN LEGNO | OGGETTI D'ARTE
http://w3id.org/zac/87648_lot_6,3,CORNICI | DIPINTI | OGGETTI D'ARTE
http://w3id.org/zac/87648_lot_7,3,ARREDAMENTI | DIPINTI | OGGETTI D'ARTE
http://w3id.org/zac/87650_lot_12,3,Bronze; Kupfer; Messing | MAIOLICHE | Waffen; Eisen
http://w3id.org/zac/87650_lot_15,3,OGGETTI VARI | OGGETTI IN LATTA | Steingut; Thon; Fayence; Majolika
http://w3id.org/zac/87650_lot_2,3,BRONZI | OGGETTI IN LATTA | PORCELLANE
http://w3id.org/zac/87650_lot_3,3,BRONZI | Steingut; Thon; Fayence; Majolika | Waffen; Eisen
http://w3id.org/zac/87650_lot_300,3,Holz; Mobel | Wagen; Gewichte | Textilarbeiten; Kostime
http://w3id.org/zac/87650_lot_32,3,OGGETTI IN ORO | OGGETTI IN METALLO | OGGETTI IN LATTA
http://w3id.org/zac/87650_lot_40,3,Holz; Mobel | Waffen; Eisen | PORCELLANE
http://w3id.org/zac/87650_lot_50,3,Holz; Mobel | VASI | Textilarbeiten; Kostime
http://w3id.org/zac/87650_lot_80,3,BRONZI | Holz; Mobel | Textilarbeiten; Kostime
http://w3id.org/zac/87669_lot_2,3,ARMI | OGGETTI IN LEGNO | OGGETTI D'ARTE
http://w3id.org/zac/87669_lot_3,3,ARREDAMENTI | OGGETTI D'ARTE | OGGETTI IN LEGNO
http://w3id.org/zac/87669_lot_5,3,DIPINTI | ARMI | OGGETTI D'ARTE
http://w3id.org/zac/87669_lot_7,3,ARMI | OGGETTI D'ARTE | OGGETTI IN LEGNO
http://w3id.org/zac/87669_lot_8,3,ARMI | OGGETTI IN LEGNO | OGGETTI D'ARTE
http://w3id.org/zac/87669_lot_9,3,ARMI | OGGETTI IN FERRO | OGGETTI D'ARTE
http://w3id.org/zac/87686_lot_I,3,BIANCHERIA | OGGETTI IN LEGNO | OGGETTI VARI
http://w3id.org/zac/87691_lot_4,3,Antiquitaten; Kunstgegenstande | CORNICI | FOTOGRAFIE
http://w3id.org/zac/87691_lot_6,3,Antiquitaten; Kunstgegenstande | OGGETTI IN LEGNO | OGGETTI D'ARTE
http://w3id.org/zac/87705_lot_15,3,gotische Holzstatuetten; Antiquitaten; Autographen | Olgemalde; Miniaturen; Munzen; Medaillen | VASI
http://w3id.org/zac/87705_lot_19,3,gotische Holzstatuetten; Antiquitaten; Autographen | OGGETTI VARI | OGGETTI IN LEGNO
http://w3id.org/zac/87705_lot_21,3,Brandenburgica; Friedericiana | gotische Holzstatuetten; Antiquitaten; Autographen | Olgemalde; Miniaturen; Munzen; Medaillen
http://w3id.org/zac/87705_lot_23,3,Brandenburgica; Friedericiana | OGGETTI VARI | OGGETTI IN METALLO
http://w3id.org/zac/87705_lot_27,3,OGGETTI VARI | Olgemalde; Miniaturen; Munzen; Medaillen | OGGETTI IN RAME
http://w3id.org/zac/87705_lot_8,3,Brandenburgica; Friedericiana | gotische Holzstatuetten; Antiquitaten; Autographen | OGGETTI IN LEGNO
http://w3id.org/zac/87708_lot_23,3,ANTICHITA' | Zeichnungen; Aquarelle | STAMPE E INCISIONI
http://w3id.org/zac/87708_lot_3,3,ANTICHITA' | Kupferstiche; Lithographieen | Zeichnungen; Aquarelle; Radierungen
http://w3id.org/zac/87708_lot_4,3,ANTICHITA' | Zeichnungen; Aquarelle; Radierungen | STAMPE E INCISIONI
http://w3id.org/zac/87708_lot_5,3,ANTICHITA' | OGGETTI IN METALLO | Zeichnungen; Aquarelle; Radierungen
http://w3id.org/zac/87708_lot_6,3,ANTICHITA' | STAMPE E INCISIONI | Zeichnungen; Aquarelle; Radierungen
http://w3id.org/zac/87708_lot_9,3,ANTICHITA' | Zeichnungen; Aquarelle; Radierungen | STAMPE E INCISIONI
http://w3id.org/zac/87720_lot_13,3,Mobel; Einrichtungsgegenstande | MOBEL; EINRICHTUNGSGEGENSTANDE | Porzellane; Fayencen; Steinzeug; Glaser; Elfenbein | PIATTI
http://w3id.org/zac/87720_lot_6,3,OGGETTI VARI | PIATTI | Porzellane; Fayencen; Steinzeug; Glaser; Elfenbein
http://w3id.org/zac/87733_lot_11,3,OGGETTI D'ARTE | OGGETTI IN RAME | VASI
http://w3id.org/zac/87733_lot_18,3,OGGETTI VARI | OGGETTI D'ARTE | VASI
http://w3id.org/zac/87733_lot_4,3,CORNICI | OGGETTI IN LEGNO | OGGETTI D'ARTE
http://w3id.org/zac/87733_lot_9,3,ARREDAMENTI | FOTOGRAFIE | OGGETTI D'ARTE
http://w3id.org/zac/87742_lot_1,3,Aquarelle; Kupferstiche; Glasbilder; Oelgemald | ARMI | Mobel; Holzgegenstande
http://w3id.org/zac/87742_lot_33,3,Messing; Kupfersachen | Glas; Krystall; Spiegel | Porzellan; Fayencen; Marmor; Steingut
http://w3id.org/zac/87742_lot_57,3,ARGENTI | Mobel; Holzgegenstande | OGGETTI VARI
http://w3id.org/zac/87742_lot_62,3,Glas; Krystall; Spiegel | OGGETTI VARI | SCATOLE
http://w3id.org/zac/87742_lot_64,3,Messing; Kupfersachen | OGGETTI VARI | SCATOLE
http://w3id.org/zac/87742_lot_66,3,Messing; Kupfersachen | SCATOLE | Porzellan; Fayencen; Marmor; Steingut
http://w3id.org/zac/87763_lot_16,3,Altertumer; Kunstgegenstande | MINIATURE | OGGETTI IN RAME
http://w3id.org/zac/87763_lot_20,3,Altertumer; Kunstgegenstande | Taufbecken; Kelche; Weihwasserbecken; Kirchenlampen | PLACCHETTE
http://w3id.org/zac/87763_lot_23,3,Altertumer; Kunstgegenstande | PLACCHETTE | Tableaux; Peintures; Gravures
http://w3id.org/zac/87763_lot_27,3,Altertumer; Kunstgegenstande | OGGETTI IN LEGNO | Tableaux; Peintures; Gravures
http://w3id.org/zac/87763_lot_29,3,Altertumer; Kunstgegenstande | OGGETTI VARI | TABACCHIERE
http://w3id.org/zac/87763_lot_31,3,Altertumer; Kunstgegenstande | MEDAGLIE | PLACCHETTE
http://w3id.org/zac/87763_lot_33,3,Altertumer; Kunstgegenstande | PLACCHETTE | Tableaux; Peintures; Gravures
http://w3id.org/zac/87763_lot_34,3,Altertumer; Kunstgegenstande | PLACCHETTE | Tableaux; Peintures; Gravures
http://w3id.org/zac/87763_lot_36,3,Altertumer; Kunstgegenstande | PLACCHETTE | Tableaux; Peintures; Gravures
http://w3id.org/zac/87763_lot_37,3,Altertumer; Kunstgegenstande | Tableaux; Peintures; Gravures | PLACCHETTE
http://w3id.org/zac/87769_lot_2,3,LIBRI | OGGETTI IN LEGNO | OGGETTI D'ARTE
http://w3id.org/zac/87772_lot_10,3,LAMPADE | LIBRI | Porzellan; Fayence; Steingut
http://w3id.org/zac/87772_lot_13,3,LIBRI | OGGETTI IN LATTA | Porzellan; Fayence; Steingut
http://w3id.org/zac/87772_lot_14,3,LIBRI | OGGETTI IN LATTA | Porzellan; Fayence; Steingut
http://w3id.org/zac/87772_lot_18,3,LIBRI | OGGETTI IN LATTA | VASI
http://w3id.org/zac/87772_lot_22,3,ACQUEFORTI | LIBRI | VASI
http://w3id.org/zac/87773_lot_1,3,DIPINTI | Waffen; Gobelin; Facher | VETRI
http://w3id.org/zac/87773_lot_15,3,BRONZI | DIPINTI | Porzellane; Fayencen; Steinzeug
http://w3id.org/zac/87773_lot_19,3,DIPINTI | Mobel; Figuren | SPECCHI
http://w3id.org/zac/87773_lot_22,3,DIPINTI | VETRI | Waffen; Gobelin; Facher
http://w3id.org/zac/87773_lot_23,3,DIPINTI | SPECCHI | Silber; Bronze
http://w3id.org/zac/87773_lot_40,3,DIPINTI | BRONZI | Waffen; Gobelin; Facher
http://w3id.org/zac/87773_lot_42,3,DIPINTI | BRONZI | VETRI
http://w3id.org/zac/87773_lot_50,3,BRONZI | DIPINTI | Porzellane; Fayencen; Steinzeug
http://w3id.org/zac/87773_lot_82,3,Waffen; Gobelin; Facher | Porzellane; Fayencen; Steinzeug | POLTRONE
http://w3id.org/zac/87777_lot_I,3,DIPINTI | OGGETTI VARI | OGGETTI IN RAME
http://w3id.org/zac/87779_lot_I,3,CORNICI | OGGETTI VARI | STAMPE E INCISIONI
http://w3id.org/zac/87785_lot_12,3,MUNZEN; MEDAILLEN | Munzen; Medaillen | MEDAGLIE | OGGETTI IN LEGNO
http://w3id.org/zac/87785_lot_16,3,MOBILI | MUNZEN; MEDAILLEN | Munzen; Medaillen | PORCELLANE
http://w3id.org/zac/87785_lot_2,3,AVORI | OGGETTI IN LEGNO | PORCELLANE
http://w3id.org/zac/87785_lot_20,3,Munzen; Medaillen | MOBILI | MUNZEN; MEDAILLEN | PORCELLANE
http://w3id.org/zac/87785_lot_21,3,Munzen; Medaillen | MUNZEN; MEDAILLEN | SCATOLE | PORCELLANE
http://w3id.org/zac/87785_lot_24,3,MUNZEN; MEDAILLEN | Munzen; Medaillen | OGGETTI IN LATTA | PORCELLANE
http://w3id.org/zac/87785_lot_25,3,MEDAGLIE | Munzen; Medaillen | MUNZEN; MEDAILLEN | PORCELLANE
http://w3id.org/zac/87785_lot_35,3,MOBILI | Munzen; Medaillen | MUNZEN; MEDAILLEN | PORCELLANE
http://w3id.org/zac/87785_lot_36,3,MUNZEN; MEDAILLEN | Munzen; Medaillen | MOBILI | PORCELLANE
http://w3id.org/zac/87785_lot_39,3,MUNZEN; MEDAILLEN | MEDAGLIE | Munzen; Medaillen | PORCELLANE
http://w3id.org/zac/87785_lot_5,3,Munzen; Medaillen | MUNZEN; MEDAILLEN | OGGETTI IN LEGNO | PORCELLANE
http://w3id.org/zac/87785_lot_6,3,OGGETTI IN LEGNO | OGGETTI IN LATTA | PORCELLANE
http://w3id.org/zac/87785_lot_7,3,MUNZEN; MEDAILLEN | Munzen; Medaillen | OGGETTI IN LEGNO | PORCELLANE
http://w3id.org/zac/87785_lot_9,3,AVORI | Munzen; Medaillen | MUNZEN; MEDAILLEN | PORCELLANE
http://w3id.org/zac/87788_lot_2,3,CORNICI | OGGETTI IN METALLO | OGGETTI IN LEGNO
http://w3id.org/zac/87791_lot_23,3,DIPINTI | Porzellane; Fayencen | PIATTI
http://w3id.org/zac/87791_lot_35,3,MAIOLICHE | LAMPADE | Porzellane; Fayencen
http://w3id.org/zac/87799_lot_2,3,ANTICHITA' | MINIATURE | STAMPE E INCISIONI
http://w3id.org/zac/87799_lot_22,3,ANTICHITA' | Kupferstiche; Bucher; Antiquitaten | PIATTI
http://w3id.org/zac/87799_lot_28,3,ANTICHITA' | Kupferstiche; Bucher; Antiquitaten | OGGETTI VARI
http://w3id.org/zac/87802_lot_1,3,DIPINTI | OGGETTI IN LEGNO | STAMPE E INCISIONI
http://w3id.org/zac/87802_lot_10,3,ACQUEFORTI | DIPINTI | STAMPE E INCISIONI
http://w3id.org/zac/87802_lot_102,3,ACQUEFORTI | DIPINTI | STAMPE E INCISIONI
http://w3id.org/zac/87802_lot_11,3,DIPINTI | ACQUEFORTI | STAMPE E INCISIONI
http://w3id.org/zac/87802_lot_12,3,DIPINTI | ACQUEFORTI | STAMPE E INCISIONI
http://w3id.org/zac/87802_lot_15,3,DIPINTI | ACQUEFORTI | STAMPE E INCISIONI
http://w3id.org/zac/87802_lot_151,3,ACQUEFORTI | DIPINTI | STAMPE E INCISIONI
http://w3id.org/zac/87802_lot_16,3,DIPINTI | ACQUEFORTI | STAMPE E INCISIONI
http://w3id.org/zac/87802_lot_17,3,DIPINTI | ACQUEFORTI | STAMPE E INCISIONI
http://w3id.org/zac/87802_lot_18,3,DIPINTI | ACQUEFORTI | STAMPE E INCISIONI
http://w3id.org/zac/87802_lot_199,3,DIPINTI | ACQUEFORTI | OGGETTI VARI
http://w3id.org/zac/87802_lot_2,3,ACQUEFORTI | DIPINTI | STAMPE E INCISIONI
http://w3id.org/zac/87802_lot_21,3,DIPINTI | ACQUEFORTI | STAMPE E INCISIONI
http://w3id.org/zac/87802_lot_23,3,DIPINTI | ACQUEFORTI | STAMPE E INCISIONI
http://w3id.org/zac/87802_lot_24,3,DIPINTI | ACQUEFORTI | STAMPE E INCISIONI
http://w3id.org/zac/87802_lot_27,3,ACQUEFORTI | DIPINTI | STAMPE E INCISIONI
http://w3id.org/zac/87802_lot_29,3,ACQUEFORTI | DIPINTI | STAMPE E INCISIONI
http://w3id.org/zac/87802_lot_33,3,DIPINTI | ACQUEFORTI | STAMPE E INCISIONI
http://w3id.org/zac/87802_lot_38,3,DIPINTI | ACQUEFORTI | STAMPE E INCISIONI
http://w3id.org/zac/87802_lot_42,3,ACQUEFORTI | DIPINTI | STAMPE E INCISIONI
http://w3id.org/zac/87802_lot_44,3,DIPINTI | ACQUEFORTI | STAMPE E INCISIONI
http://w3id.org/zac/87802_lot_5,3,DIPINTI | ACQUEFORTI | STAMPE E INCISIONI
http://w3id.org/zac/87802_lot_51,3,DIPINTI | ACQUEFORTI | STAMPE E INCISIONI
http://w3id.org/zac/87802_lot_52,3,ACQUEFORTI | OGGETTI IN LEGNO | STAMPE E INCISIONI
http://w3id.org/zac/87802_lot_60,3,ACQUEFORTI | DIPINTI | STAMPE E INCISIONI
http://w3id.org/zac/87802_lot_64,3,DIPINTI | STAMPE E INCISIONI | PIATTI
http://w3id.org/zac/87802_lot_65,3,ACQUEFORTI | DIPINTI | STAMPE E INCISIONI
http://w3id.org/zac/87802_lot_67,3,DIPINTI | OGGETTI VARI | STAMPE E INCISIONI
http://w3id.org/zac/87802_lot_70,3,ACQUEFORTI | DIPINTI | STAMPE E INCISIONI
http://w3id.org/zac/87802_lot_76,3,DIPINTI | ACQUEFORTI | OGGETTI IN RAME
http://w3id.org/zac/87802_lot_8,3,DIPINTI | ACQUEFORTI | STAMPE E INCISIONI
http://w3id.org/zac/87802_lot_83,3,DIPINTI | ACQUEFORTI | STAMPE E INCISIONI
http://w3id.org/zac/87802_lot_9,3,DIPINTI | ACQUEFORTI | STAMPE E INCISIONI
http://w3id.org/zac/87802_lot_92,3,ACQUEFORTI | DIPINTI | STAMPE E INCISIONI
http://w3id.org/zac/87802_lot_94,3,DIPINTI | ACQUEFORTI | STAMPE E INCISIONI
http://w3id.org/zac/87806_lot_10,3,Antiquitaten; Kunstgegenstande | OGGETTI IN PIOMBO | STAMPE E INCISIONI
http://w3id.org/zac/87806_lot_13,3,Antiquitaten; Kunstgegenstande | OGGETTI IN LEGNO | STAMPE E INCISIONI
http://w3id.org/zac/87806_lot_17,3,Antiquitaten; Kunstgegenstande | OGGETTI IN LEGNO | STAMPE E INCISIONI
http://w3id.org/zac/87806_lot_19,3,Antiquitaten; Kunstgegenstande | OGGETTI IN LEGNO | STAMPE E INCISIONI
http://w3id.org/zac/87806_lot_3,3,Antiquitaten; Kunstgegenstande | OGGETTI IN LEGNO | STAMPE E INCISIONI
http://w3id.org/zac/87806_lot_36,3,Antiquitaten; Kunstgegenstande | OGGETTI IN LEGNO | STAMPE E INCISIONI
http://w3id.org/zac/87807_lot_22,3,ARGENTI | Antiquitaten; Kunstgegenstande; Mobel | OGGETTI IN METALLO
http://w3id.org/zac/87807_lot_23,3,Antiquitaten; Kunstgegenstande; Mobel | ACQUERELLI | OGGETTI IN METALLO
http://w3id.org/zac/87814_lot_11,3,Antiquitaten; Kunstgegenstande | OGGETTI IN METALLO | Porzellan; Fayence; Glas
http://w3id.org/zac/87814_lot_13,3,Antiquitaten; Kunstgegenstande | OGGETTI IN METALLO | Porzellan; Fayence; Glas
http://w3id.org/zac/87814_lot_14,3,Antiquitaten; Kunstgegenstande | OGGETTI IN METALLO | Porzellan; Fayence; Glas
http://w3id.org/zac/87814_lot_17,3,OGGETTI IN METALLO | Porzellan; Fayence; Glas | SCATOLE
http://w3id.org/zac/87814_lot_19,3,Antiquitaten; Kunstgegenstande | OGGETTI IN METALLO | Porzellan; Fayence; Glas
http://w3id.org/zac/87814_lot_20,3,Antiquitaten; Kunstgegenstande | OGGETTI IN METALLO | PORCELLANE
http://w3id.org/zac/87814_lot_21,3,Antiquitaten; Kunstgegenstande | OGGETTI IN METALLO | VASI
http://w3id.org/zac/87814_lot_24,3,Antiquitaten; Kunstgegenstande | OGGETTI IN METALLO | Porzellan; Fayence; Glas
http://w3id.org/zac/87814_lot_27,3,ARGENTI | MAIOLICHE | OGGETTI IN METALLO
http://w3id.org/zac/87814_lot_29,3,MAIOLICHE | OGGETTI IN METALLO | OGGETTI IN LEGNO
http://w3id.org/zac/87814_lot_31,3,Antiquitaten; Kunstgegenstande | OGGETTI IN METALLO | VETRI
http://w3id.org/zac/87814_lot_33,3,Antiquitaten; Kunstgegenstande | OGGETTI IN METALLO | Porzellan; Fayence; Glas
http://w3id.org/zac/87814_lot_34,3,Antiquitaten; Kunstgegenstande | MAIOLICHE | OGGETTI IN METALLO
http://w3id.org/zac/87814_lot_35,3,Antiquitaten; Kunstgegenstande | OGGETTI IN METALLO | OGGETTI VARI
http://w3id.org/zac/87814_lot_39,3,OGGETTI IN METALLO | OGGETTI VARI | Porzellan; Fayence; Glas
http://w3id.org/zac/87814_lot_9,3,OGGETTI IN METALLO | Porzellan; Fayence; Glas | VASI
http://w3id.org/zac/87815_lot_I,3,OGGETTI IN ORO | PORCELLANE | SCATOLE
http://w3id.org/zac/87823_lot_10,3,LIBRI | OGGETTI IN ORO | SILBER; BRONZEN; MOBEL; TEXTILIEN; TEPPICHE; JAPAN- UND CHINA-PORZELLAN; FAYENCE
http://w3id.org/zac/87823_lot_11,3,LIBRI | MAIOLICHE | PORCELLANE
http://w3id.org/zac/87823_lot_9,3,ARREDAMENTI | LIBRI | OGGETTI VARI
http://w3id.org/zac/87825_lot_13,3,ARGENTI | OGGETTI VARI | PORCELLANE
http://w3id.org/zac/87825_lot_5,3,ARGENTI | OGGETTI VARI | PORCELLANE
http://w3id.org/zac/87825_lot_6,3,ARGENTI | OGGETTI VARI | PORCELLANE
http://w3id.org/zac/87825_lot_7,3,ARGENTI | OGGETTI VARI | PORCELLANE
http://w3id.org/zac/87825_lot_8,3,ARGENTI | PORCELLANE | VASI
http://w3id.org/zac/87828_lot_11,3,OGGETTI D'ARTE | OGGETTI IN LEGNO | STAMPE E INCISIONI
http://w3id.org/zac/87828_lot_13,3,OGGETTI D'ARTE | OGGETTI IN LEGNO | OGGETTI IN ORO
http://w3id.org/zac/87828_lot_21,3,OGGETTI VARI | OGGETTI D'ARTE | VASI
http://w3id.org/zac/87828_lot_23,3,MINIATURE | OGGETTI D'ARTE | SCOMPARTI
http://w3id.org/zac/87830_lot_12,3,Metall; Waffen | Miniaturen; Munzen; Elfenbein | Porzellan; Fayence | PORZELLAN; FAYENCE
http://w3id.org/zac/87830_lot_14,3,Miniaturen; Munzen; Elfenbein | Metall; Waffen | Porzellan; Fayence | PORZELLAN; FAYENCE
http://w3id.org/zac/87830_lot_15,3,OGGETTI IN RAME | SCATOLE | PORZELLAN; FAYENCE | Porzellan; Fayence
http://w3id.org/zac/87830_lot_16,3,Metall; Waffen | OGGETTI IN LEGNO | Porzellan; Fayence | PORZELLAN; FAYENCE
http://w3id.org/zac/87830_lot_23,3,CORNICI | PORCELLANE | PORZELLAN; FAYENCE | Porzellan; Fayence
http://w3id.org/zac/87830_lot_24,3,DIPINTI | Metall; Waffen | PORZELLAN; FAYENCE | Porzellan; Fayence
http://w3id.org/zac/87830_lot_29,3,Metall; Waffen | Miniaturen; Munzen; Elfenbein | PORZELLAN; FAYENCE | Porzellan; Fayence
http://w3id.org/zac/87830_lot_31,3,Metall; Waffen | OGGETTI VARI | Porzellan; Fayence | PORZELLAN; FAYENCE
http://w3id.org/zac/87830_lot_32,3,Metall; Waffen | Miniaturen; Munzen; Elfenbein | Porzellan; Fayence | PORZELLAN; FAYENCE
http://w3id.org/zac/87830_lot_33,3,Metall; Waffen | Miniaturen; Munzen; Elfenbein | PORZELLAN; FAYENCE | Porzellan; Fayence
http://w3id.org/zac/87830_lot_35,3,Miniaturen; Munzen; Elfenbein | Metall; Waffen | PORZELLAN; FAYENCE | Porzellan; Fayence
http://w3id.org/zac/87830_lot_36,3,Metall; Waffen | PORCELLANE | Porzellan; Fayence | PORZELLAN; FAYENCE
http://w3id.org/zac/87830_lot_37,3,Metall; Waffen | PORZELLAN; FAYENCE | Porzellan; Fayence | PORCELLANE
http://w3id.org/zac/87830_lot_40,3,MAIOLICHE | Metall; Waffen | Miniaturen; Munzen; Elfenbein
http://w3id.org/zac/87830_lot_47,3,Metall; Waffen | OGGETTI VARI | PORZELLAN; FAYENCE | Porzellan; Fayence
http://w3id.org/zac/87831_lot_16,3,ARMI | Keramische; Glas- und Metallarbeiten | OGGETTI IN ORO
http://w3id.org/zac/87831_lot_18,3,ARMI | Mobel; Einrichtungs- und Gebrauchsgegenstande | Keramische; Glas- und Metallarbeiten
http://w3id.org/zac/87831_lot_20,3,ARMI | OGGETTI D'ARTE ORIENTALE | Keramische; Glas- und Metallarbeiten
http://w3id.org/zac/87831_lot_23,3,ARMI | Keramische; Glas- und Metallarbeiten | Mobel; Einrichtungs- und Gebrauchsgegenstande
http://w3id.org/zac/87831_lot_25,3,ARMI | Keramische; Glas- und Metallarbeiten | Mobel; Einrichtungs- und Gebrauchsgegenstande
http://w3id.org/zac/87831_lot_28,3,Keramische; Glas- und Metallarbeiten | OGGETTI D'ARTE ORIENTALE | SPECCHI
http://w3id.org/zac/87831_lot_36,3,ARMI | OGGETTI IN LATTA | OGGETTI IN ORO
http://w3id.org/zac/87831_lot_50,3,ARMI | OGGETTI D'ARTE ORIENTALE | OGGETTI IN LEGNO
http://w3id.org/zac/87836_lot_11,3,Miniaturen; Dosen | MINIATUREN; DOSEN | OGGETTI IN LEGNO | SCOMPARTI
http://w3id.org/zac/87836_lot_14,3,DIPINTI | Miniaturen; Dosen | MINIATUREN; DOSEN | OGGETTI VARI
http://w3id.org/zac/87836_lot_4,3,Miniaturen; Dosen | MINIATURE | MINIATUREN; DOSEN | SCOMPARTI
http://w3id.org/zac/87836_lot_7,3,MINIATUREN; DOSEN | Miniaturen; Dosen | MINIATURE | VASI
http://w3id.org/zac/87842_lot_10,3,CANDELABRI | OGGETTI IN ORO | OGGETTI VARI
http://w3id.org/zac/87842_lot_11,3,LAMPADE | PIATTI | STAMPE E INCISIONI
http://w3id.org/zac/87842_lot_12,3,OGGETTI IN LEGNO | OGGETTI VARI | VASI
http://w3id.org/zac/87843_lot_14,3,OGGETTI D'ARTE ORIENTALE | FOTOGRAFIE | STAMPE E INCISIONI
http://w3id.org/zac/87843_lot_43,3,OGGETTI D'ARTE ORIENTALE | OGGETTI IN ORO | STAMPE E INCISIONI
http://w3id.org/zac/87850_lot_14,3,"Mittwoch,den 14.Oktober 1908 | Donnerstag,den 15.Oktober 1908 | OGGETTI VARI"
http://w3id.org/zac/87850_lot_15,3,"Dienstag, den 13. Oktober 1908 | Mittwoch,den 14.Oktober 1908 | Donnerstag,den 15.Oktober 1908"
http://w3id.org/zac/87850_lot_16,3,"Dienstag, den 13. Oktober 1908 | Donnerstag,den 15.Oktober 1908 | Mittwoch,den 14.Oktober 1908"
http://w3id.org/zac/87850_lot_19,3,"Dienstag, den 13. Oktober 1908 | Donnerstag,den 15.Oktober 1908 | Mittwoch,den 14.Oktober 1908"
http://w3id.org/zac/87850_lot_22,3,"Dienstag, den 13. Oktober 1908 | Donnerstag,den 15.Oktober 1908 | OGGETTI IN METALLO"
http://w3id.org/zac/87850_lot_25,3,"Dienstag, den 13. Oktober 1908 | Donnerstag,den 15.Oktober 1908 | SPECCHI"
http://w3id.org/zac/87850_lot_26,3,"Dienstag, den 13. Oktober 1908 | Mittwoch,den 14.Oktober 1908 | OGGETTI IN LATTA"
http://w3id.org/zac/87850_lot_28,3,"Dienstag, den 13. Oktober 1908 | Donnerstag,den 15.Oktober 1908 | Mittwoch,den 14.Oktober 1908"
http://w3id.org/zac/87850_lot_8,3,"Dienstag, den 13. Oktober 1908 | Donnerstag,den 15.Oktober 1908 | OGGETTI IN ORO"
http://w3id.org/zac/87851_lot_10,3,ARMI | OGGETTI IN LEGNO | Stoffe; Teppiche | STOFFE; TEPPICHE
http://w3id.org/zac/87851_lot_11,3,ARMI | Stoffe; Teppiche | STOFFE; TEPPICHE | PIATTI
http://w3id.org/zac/87851_lot_12,3,ARMI | OGGETTI IN PIOMBO | Stoffe; Teppiche | STOFFE; TEPPICHE
http://w3id.org/zac/87851_lot_14,3,ARMI | OGGETTI IN PIOMBO | Stoffe; Teppiche | STOFFE; TEPPICHE
http://w3id.org/zac/87851_lot_3,3,ARMI | OGGETTI IN RAME | STOFFE; TEPPICHE | Stoffe; Teppiche
http://w3id.org/zac/87851_lot_30,3,ARMI | OGGETTI IN LEGNO | STOFFE; TEPPICHE | Stoffe; Teppiche
http://w3id.org/zac/87851_lot_33,3,ARMI | OGGETTI IN LEGNO | Stoffe; Teppiche | STOFFE; TEPPICHE
http://w3id.org/zac/87851_lot_35,3,ARMI | OGGETTI IN LEGNO | STOFFE; TEPPICHE | Stoffe; Teppiche
http://w3id.org/zac/87851_lot_36,3,ARMI | OGGETTI IN LEGNO | Stoffe; Teppiche | STOFFE; TEPPICHE
http://w3id.org/zac/87851_lot_4,3,ARMI | OGGETTI IN RAME | STOFFE; TEPPICHE | Stoffe; Teppiche
http://w3id.org/zac/87851_lot_40,3,ARMI | OGGETTI IN LEGNO | STOFFE; TEPPICHE | Stoffe; Teppiche
http://w3id.org/zac/87851_lot_41,3,ARMI | OGGETTI IN LEGNO | STOFFE; TEPPICHE | Stoffe; Teppiche
http://w3id.org/zac/87851_lot_42,3,ARMI | OGGETTI IN LEGNO | STOFFE; TEPPICHE | Stoffe; Teppiche
http://w3id.org/zac/87851_lot_9,3,ARMI | OGGETTI IN LEGNO | Stoffe; Teppiche | STOFFE; TEPPICHE
http://w3id.org/zac/87855_lot_I,3,CORNICI | ARREDAMENTI | OGGETTI IN LEGNO
http://w3id.org/zac/87856_lot_16,3,ARMI | TERRECOTTE | Topfereien; Glas
http://w3id.org/zac/87856_lot_17,3,BRONZI | TERRECOTTE | Topfereien; Glas
http://w3id.org/zac/87856_lot_2,3,BRONZI | OGGETTI IN LEGNO | TERRECOTTE
http://w3id.org/zac/87856_lot_21,3,BRONZI | Topfereien; Glas | TERRECOTTE
http://w3id.org/zac/87856_lot_26,3,ARMI | TERRECOTTE | Topfereien; Glas
http://w3id.org/zac/87856_lot_27,3,OGGETTI IN FERRO | TERRECOTTE | Topfereien; Glas
http://w3id.org/zac/87856_lot_29,3,BRONZI | ARMI | TERRECOTTE
http://w3id.org/zac/87856_lot_30,3,BRONZI | OGGETTI IN FERRO | TERRECOTTE
http://w3id.org/zac/87856_lot_32,3,OGGETTI IN LATTA | TERRECOTTE | Topfereien; Glas
http://w3id.org/zac/87856_lot_33,3,OGGETTI IN METALLO | TERRECOTTE | Topfereien; Glas
http://w3id.org/zac/87856_lot_37,3,ARMI | BRONZI | TERRECOTTE
http://w3id.org/zac/87856_lot_39,3,BRONZI | ARMI | Topfereien; Glas
http://w3id.org/zac/87856_lot_4,3,ARMI | DIPINTI | TERRECOTTE
http://w3id.org/zac/87856_lot_49,3,ACQUERELLI | OGGETTI IN RAME | Topfereien; Glas
http://w3id.org/zac/87856_lot_5,3,OGGETTI IN LEGNO | Topfereien; Glas | TERRECOTTE
http://w3id.org/zac/87860_lot_I,3,ARREDAMENTI | CAMINI | OGGETTI IN LEGNO
http://w3id.org/zac/87864_lot_10,3,Antiquitaten; Kunstgegenstande | ACQUEFORTI | ACQUERELLI
http://w3id.org/zac/87864_lot_13,3,Antiquitaten; Kunstgegenstande | Kunstblatter; Drucke | OGGETTI IN LEGNO
http://w3id.org/zac/87864_lot_14,3,Antiquitaten; Kunstgegenstande | ACQUERELLI | OGGETTI IN LEGNO
http://w3id.org/zac/87864_lot_19,3,Antiquitaten; Kunstgegenstande | Kunstblatter; Drucke | OGGETTI IN LEGNO
http://w3id.org/zac/87864_lot_2,3,ACQUEFORTI | Antiquitaten; Kunstgegenstande | OGGETTI IN LEGNO
http://w3id.org/zac/87864_lot_4,3,Antiquitaten; Kunstgegenstande | Kunstblatter; Drucke | OGGETTI IN RAME
http://w3id.org/zac/87864_lot_8,3,ACQUERELLI | Antiquitaten; Kunstgegenstande | Kunstblatter; Drucke
http://w3id.org/zac/87864_lot_9,3,Antiquitaten; Kunstgegenstande | ACQUEFORTI | Gemalde; Aquarelle
http://w3id.org/zac/87867_lot_30,3,GIOIELLI | OGGETTI VARI | OGGETTI IN LEGNO
http://w3id.org/zac/87867_lot_4,3,GIOIELLI | OGGETTI IN PIOMBO | STAMPE E INCISIONI
http://w3id.org/zac/87867_lot_7,3,Gemalde; Kunstblaffer | GIOIELLI | OGGETTI IN ORO
http://w3id.org/zac/87877_lot_I,3,ARREDAMENTI | OGGETTI VARI | STAMPE E INCISIONI
http://w3id.org/zac/87884_lot_2,3,OGGETTI IN LEGNO | OGGETTI D'ARTE | VASI
http://w3id.org/zac/87884_lot_22,3,OGGETTI IN PIOMBO | OGGETTI D'ARTE | OGGETTI IN ORO
http://w3id.org/zac/87884_lot_5,3,OGGETTI IN RAME | OGGETTI D'ARTE | OGGETTI IN ORO
http://w3id.org/zac/87884_lot_9,3,OGGETTI D'ARTE | OGGETTI IN LEGNO | PIATTI
http://w3id.org/zac/87887_lot_1,3,CERAMICHE | Textile; Miniaturen | PIATTI
http://w3id.org/zac/87887_lot_2,3,CERAMICHE | PIATTI | Textile; Miniaturen
http://w3id.org/zac/87887_lot_5,3,CERAMICHE | BRONZI | Textile; Miniaturen
http://w3id.org/zac/87887_lot_6,3,ARMI | CERAMICHE | Textile; Miniaturen
http://w3id.org/zac/87894_lot_2,3,DIPINTI | CORNICI | OGGETTI IN PIOMBO
http://w3id.org/zac/87897_lot_10,3,CORNICI | FOTOGRAFIE | SPECCHI
http://w3id.org/zac/87897_lot_12,3,CORNICI | MINIATURE | PIATTI
http://w3id.org/zac/87897_lot_29,3,OGGETTI IN PELLE | SCATOLE | SCOMPARTI
http://w3id.org/zac/87897_lot_8,3,BANDIERE | OGGETTI VARI | OGGETTI IN LATTA
http://w3id.org/zac/87903_lot_2,3,OGGETTI IN LEGNO | SCATOLE | SCOMPARTI
http://w3id.org/zac/87919_lot_I,3,ACQUERELLI | OGGETTI VARI | OGGETTI IN LEGNO
http://w3id.org/zac/87920_lot_11,3,Antiquitaten; Kunstgegenstande; Autographen; Schmucksachen | AUTOGRAFI | VASI
http://w3id.org/zac/87920_lot_12,3,AUTOGRAFI | Antiquitaten; Kunstgegenstande; Autographen; Schmucksachen | OGGETTI IN ORO
http://w3id.org/zac/87920_lot_14,3,Antiquitaten; Kunstgegenstande; Autographen; Schmucksachen | AUTOGRAFI | OGGETTI IN ORO
http://w3id.org/zac/87920_lot_15,3,AUTOGRAFI | Antiquitaten; Kunstgegenstande; Autographen; Schmucksachen | OGGETTI IN RAME
http://w3id.org/zac/87920_lot_16,3,AUTOGRAFI | Antiquitaten; Kunstgegenstande; Autographen; Schmucksachen | STAMPE E INCISIONI
http://w3id.org/zac/87920_lot_19,3,Antiquitaten; Kunstgegenstande; Autographen; Schmucksachen | AUTOGRAFI | OGGETTI IN METALLO
http://w3id.org/zac/87920_lot_2,3,AUTOGRAFI | Antiquitaten; Kunstgegenstande; Autographen; Schmucksachen | ACQUERELLI
http://w3id.org/zac/87920_lot_25,3,AUTOGRAFI | Antiquitaten; Kunstgegenstande; Autographen; Schmucksachen | OGGETTI IN LEGNO
http://w3id.org/zac/87920_lot_29,3,AUTOGRAFI | Antiquitaten; Kunstgegenstande; Autographen; Schmucksachen | OGGETTI VARI
http://w3id.org/zac/87920_lot_30,3,Antiquitaten; Kunstgegenstande; Autographen; Schmucksachen | OGGETTI IN ORO | OGGETTI IN LEGNO
http://w3id.org/zac/87920_lot_32,3,Antiquitaten; Kunstgegenstande; Autographen; Schmucksachen | AUTOGRAFI | OGGETTI IN LEGNO
http://w3id.org/zac/87920_lot_4,3,Antiquitaten; Kunstgegenstande; Autographen; Schmucksachen | AUTOGRAFI | ACQUERELLI
http://w3id.org/zac/87920_lot_5,3,ACQUERELLI | Antiquitaten; Kunstgegenstande; Autographen; Schmucksachen | SPECCHI
http://w3id.org/zac/87922_lot_19,3,ARMI | OGGETTI D'ARTE | OGGETTI IN LEGNO
http://w3id.org/zac/87922_lot_22,3,ARMI | OGGETTI D'ARTE | OGGETTI IN LEGNO
http://w3id.org/zac/87922_lot_25,3,ARMI | OGGETTI IN LEGNO | OGGETTI D'ARTE
http://w3id.org/zac/87922_lot_26,3,ARMI | OGGETTI D'ARTE | OGGETTI VARI
http://w3id.org/zac/87922_lot_28,3,OGGETTI D'ARTE | OGGETTI IN LATTA | SPECCHI
http://w3id.org/zac/87922_lot_3,3,ARMI | OGGETTI D'ARTE | STAMPE E INCISIONI
http://w3id.org/zac/87922_lot_4,3,ARMI | OGGETTI IN METALLO | OGGETTI D'ARTE
http://w3id.org/zac/87922_lot_6,3,ARMI | OGGETTI D'ARTE | PIATTI
http://w3id.org/zac/87945_lot_157,3,OGGETTI IN ORO | PIATTI | PORCELLANE
http://w3id.org/zac/87946_lot_I,3,OGGETTI VARI | SCATOLE | STAMPE E INCISIONI
http://w3id.org/zac/87948_lot_2,3,ARGENTI | AVORI | OGGETTI IN METALLO
http://w3id.org/zac/87963_lot_I,3,COPPE | FOTOGRAFIE | DISEGNI
http://w3id.org/zac/87965_lot_I,3,ARREDAMENTI | OGGETTI VARI | SPECCHI
http://w3id.org/zac/87974_lot_12,3,ARGENTI | OGGETTI IN FERRO | TESSUTI
http://w3id.org/zac/87974_lot_13,3,ARGENTI | TESSUTI | PORCELLANE
http://w3id.org/zac/87974_lot_22,3,ARGENTI | TESSUTI | PIATTI
http://w3id.org/zac/87974_lot_24,3,ARGENTI | MAIOLICHE | PORCELLANE
http://w3id.org/zac/87974_lot_25,3,ARGENTI | MAIOLICHE | PORCELLANE
http://w3id.org/zac/87974_lot_27,3,MAIOLICHE | OGGETTI IN FERRO | TESSUTI
http://w3id.org/zac/87974_lot_8,3,ARGENTI | OGGETTI IN FERRO | PORCELLANE
http://w3id.org/zac/87974_lot_9,3,ARGENTI | MARMI | OGGETTI IN FERRO
http://w3id.org/zac/87978_lot_I,3,CAMINI | FOTOGRAFIE | OGGETTI VARI
http://w3id.org/zac/87983_lot_I,3,CAMINI | OGGETTI VARI | SPECCHI
http://w3id.org/zac/87985_lot_16,3,CERAMICHE | LAMPADE | VETRI
http://w3id.org/zac/87985_lot_2,3,CERAMICHE | OGGETTI IN METALLO | Schmuck; Edelmetallarbeiten
http://w3id.org/zac/87988_lot_I,3,COPPE | OGGETTI VARI | PIATTI
http://w3id.org/zac/87999_lot_I,3,CORNICI | Miniaturen; Elfenbein; Wachs; Permutt; Bergkristall | OGGETTI VARI
http://w3id.org/zac/88013_lot_2,3,CORNICI | OGGETTI IN LEGNO | OGGETTI IN RAME
http://w3id.org/zac/88016_lot_5,3,CERAMICHE | BIANCHERIA | TESSUTI
http://w3id.org/zac/88020_lot_I,3,CAMINI | OGGETTI IN LEGNO | OGGETTI VARI
http://w3id.org/zac/88026_lot_13,3,Aquarelle; Zeichnungen | ACQUERELLI | OGGETTI IN LATTA
http://w3id.org/zac/88026_lot_16,3,BRONZI | OGGETTI LITURGICI | OGGETTI IN LATTA
http://w3id.org/zac/88026_lot_19,3,Ansichten | DISEGNI | OGGETTI LITURGICI
http://w3id.org/zac/88026_lot_23,3,Aquarelle; Zeichnungen | GOLD; SILBER | Gold; Silber | OGGETTI IN LATTA
http://w3id.org/zac/88026_lot_24,3,Aquarelle; Zeichnungen | Ansichten | Bein; Perlmutter; Holzschnitzereien
http://w3id.org/zac/88026_lot_25,3,ARGENTI | CORNICI | STAMPE E INCISIONI
http://w3id.org/zac/88026_lot_30,3,Aquarelle; Zeichnungen | Ansichten | VETRI
http://w3id.org/zac/88026_lot_35,3,Aquarelle; Zeichnungen | Ansichten | PORCELLANE
http://w3id.org/zac/88026_lot_847,3,ARGENTI | Miniaturbilder; Miniaturen; Silhouetten | MINIATURE
http://w3id.org/zac/88032_lot_1,3,ARAZZI | CERAMICHE | VASI
http://w3id.org/zac/88032_lot_7,3,LIBRI | OGGETTI IN PELLE | VETRI
http://w3id.org/zac/88033_lot_2,3,DIPINTI | OGGETTI IN RAME | VETRI
http://w3id.org/zac/88043_lot_7,3,CORNICI | BIANCHERIA | OGGETTI IN LEGNO
http://w3id.org/zac/88058_lot_28,3,FAYENCE; MAJOLIKA; STEINGUT; GLAS | MINIATUREN; BILDER; STICHE | MOBEL; SPIEGEL; STANDUHREN
http://w3id.org/zac/88058_lot_29,3,FAYENCE; MAJOLIKA; STEINGUT; GLAS | MOBEL; SPIEGEL; STANDUHREN | OGGETTI IN LEGNO
http://w3id.org/zac/88058_lot_30,3,MOBEL; SPIEGEL; STANDUHREN | FAYENCE; MAJOLIKA; STEINGUT; GLAS | MINIATUREN; OLBILDER; STICHE
http://w3id.org/zac/88058_lot_32,3,MOBEL; SPIEGEL; STANDUHREN | FAYENCE; MAJOLIKA; STEINGUT; GLAS | OGGETTI IN LEGNO
http://w3id.org/zac/88058_lot_34,3,MOBEL; SPIEGEL; STANDUHREN | FAYENCE; MAJOLIKA; STEINGUT; GLAS | MINIATUREN; OLBILDER; STICHE
http://w3id.org/zac/88058_lot_35,3,FAYENCE; MAJOLIKA; STEINGUT; GLAS | MOBEL; SPIEGEL; STANDUHREN | MINIATUREN; OLBILDER; STICHE
http://w3id.org/zac/88063_lot_14,3,Antiquitaten; Kunstgegenstände; Mobel; Teppiche | ACQUERELLI | VASI
http://w3id.org/zac/88063_lot_23,3,Antiquitaten; Kunstgegenstände; Mobel; Teppiche | BAULI | ACQUERELLI
http://w3id.org/zac/88063_lot_24,3,Antiquitaten; Kunstgegenstände; Mobel; Teppiche | ACQUERELLI | FRANCOBOLLI
http://w3id.org/zac/88063_lot_28,3,Antiquitaten; Kunstgegenstände; Mobel; Teppiche | ACQUERELLI | OGGETTI IN LEGNO
http://w3id.org/zac/88063_lot_33,3,Antiquitaten; Kunstgegenstände; Mobel; Teppiche | ARREDAMENTI | VASI
http://w3id.org/zac/88063_lot_37,3,ACQUERELLI | Antiquitaten; Kunstgegenstände; Mobel; Teppiche | OGGETTI VARI
http://w3id.org/zac/88063_lot_41,3,Antiquitaten; Kunstgegenstände; Mobel; Teppiche | OGGETTI IN LEGNO | SCOMPARTI
http://w3id.org/zac/88063_lot_45,3,Antiquitaten; Kunstgegenstände; Mobel; Teppiche | ACQUERELLI | OGGETTI VARI
http://w3id.org/zac/88063_lot_46,3,ACQUERELLI | Antiquitaten; Kunstgegenstände; Mobel; Teppiche | OGGETTI IN LATTA
http://w3id.org/zac/88063_lot_5,3,Antiquitaten; Kunstgegenstände; Mobel; Teppiche | OGGETTI IN LEGNO | OGGETTI IN LATTA
http://w3id.org/zac/88063_lot_6,3,Antiquitaten; Kunstgegenstände; Mobel; Teppiche | OGGETTI IN LEGNO | OGGETTI IN ORO
http://w3id.org/zac/88064_lot_10,3,ANTICHITA' | MINIATURE | OGGETTI D'ARTE
http://w3id.org/zac/88064_lot_11,3,ANTICHITA' | MINIATURE | OGGETTI D'ARTE
http://w3id.org/zac/88064_lot_12,3,ANTICHITA' | MINIATURE | OGGETTI D'ARTE
http://w3id.org/zac/88064_lot_13,3,ANTICHITA' | MINIATURE | OGGETTI D'ARTE
http://w3id.org/zac/88064_lot_14,3,ANTICHITA' | OGGETTI VARI | OGGETTI D'ARTE
http://w3id.org/zac/88064_lot_17,3,ANTICHITA' | OGGETTI D'ARTE | OGGETTI VARI
http://w3id.org/zac/88064_lot_22,3,ANTICHITA' | OGGETTI IN LEGNO | OGGETTI D'ARTE
http://w3id.org/zac/88064_lot_25,3,ANTICHITA' | CAMEI | OGGETTI D'ARTE
http://w3id.org/zac/88064_lot_3,3,ANTICHITA' | MINIATURE | OGGETTI D'ARTE
http://w3id.org/zac/88064_lot_6,3,ANTICHITA' | MINIATURE | OGGETTI D'ARTE
http://w3id.org/zac/88064_lot_9,3,ANTICHITA' | MINIATURE | OGGETTI D'ARTE
http://w3id.org/zac/88067_lot_26,3,CERAMICHE | VETRI | PIATTI
http://w3id.org/zac/88067_lot_31,3,Fayence; Majoliken | VETRI | PORCELLANE
http://w3id.org/zac/88067_lot_32,3,OGGETTI IN RAME | VASI | PORCELLANE
http://w3id.org/zac/88067_lot_35,3,Fayence; Majoliken | PORCELLANE | VETRI
http://w3id.org/zac/88067_lot_41,3,BRONZI | VETRI | PORCELLANE
http://w3id.org/zac/88071_lot_12,3,Aquarelle; Drucke | Antiquitaten; Kunstgegenstande | OGGETTI D'ARTE ORIENTALE
http://w3id.org/zac/88071_lot_13,3,Aquarelle; Drucke | Antiquitaten; Kunstgegenstande | OGGETTI D'ARTE ORIENTALE
http://w3id.org/zac/88071_lot_14,3,Antiquitaten; Kunstgegenstande | OGGETTI D'ARTE ORIENTALE | OGGETTI VARI
http://w3id.org/zac/88071_lot_15,3,Antiquitaten; Kunstgegenstande | Aquarelle; Drucke | OGGETTI D'ARTE ORIENTALE
http://w3id.org/zac/88071_lot_16,3,OGGETTI D'ARTE ORIENTALE | OGGETTI VARI | SCATOLE
http://w3id.org/zac/88071_lot_2,3,Antiquitaten; Kunstgegenstande | OGGETTI D'ARTE ORIENTALE | OGGETTI VARI
http://w3id.org/zac/88071_lot_20,3,Antiquitaten; Kunstgegenstande | OGGETTI D'ARTE ORIENTALE | VASI
http://w3id.org/zac/88071_lot_23,3,Antiquitaten; Kunstgegenstande | OGGETTI D'ARTE ORIENTALE | VASI
http://w3id.org/zac/88071_lot_24,3,Antiquitaten; Kunstgegenstande | ACQUEFORTI | OGGETTI D'ARTE ORIENTALE
http://w3id.org/zac/88071_lot_4,3,Antiquitaten; Kunstgegenstande | Aquarelle; Drucke | OGGETTI D'ARTE ORIENTALE
http://w3id.org/zac/88071_lot_5,3,Antiquitaten; Kunstgegenstande | Aquarelle; Drucke | OGGETTI D'ARTE ORIENTALE
http://w3id.org/zac/88071_lot_6,3,Aquarelle; Drucke | Antiquitaten; Kunstgegenstande | OGGETTI D'ARTE ORIENTALE
http://w3id.org/zac/88071_lot_8,3,Antiquitaten; Kunstgegenstande | Aquarelle; Drucke | OGGETTI D'ARTE ORIENTALE
http://w3id.org/zac/88071_lot_9,3,Antiquitaten; Kunstgegenstande | Aquarelle; Drucke | OGGETTI D'ARTE ORIENTALE
http://w3id.org/zac/88072_lot_2,3,OGGETTI IN RAME | OGGETTI VARI | OGGETTI IN LEGNO
http://w3id.org/zac/88074_lot_2,3,DIPINTI | CORNICI | OGGETTI IN LEGNO
http://w3id.org/zac/88074_lot_4,3,CORNICI | DIPINTI | OGGETTI IN LEGNO
http://w3id.org/zac/88075_lot_15,3,CAMEI | Kunstgewerbe; Antiquitaten | FOTOGRAFIE
http://w3id.org/zac/88075_lot_23,3,ACQUERELLI | Kunstgewerbe; Antiquitaten | OGGETTI IN LATTA
http://w3id.org/zac/88075_lot_35,3,Kunstgewerbe; Antiquitaten | OGGETTI IN LEGNO | SCATOLE
http://w3id.org/zac/88075_lot_5,3,DIPINTI | ACQUERELLI | Kunstgewerbe; Antiquitaten
http://w3id.org/zac/88075_lot_7,3,Kunstgewerbe; Antiquitaten | OGGETTI VARI | VASI
http://w3id.org/zac/88075_lot_9,3,Kunstgewerbe; Antiquitaten | OGGETTI IN PELLE | SCOMPARTI
http://w3id.org/zac/88077_lot_2,3,OGGETTI IN RAME | OGGETTI VARI | OGGETTI IN LEGNO
http://w3id.org/zac/88080_lot_10,3,OGGETTI IN PIOMBO | OGGETTI IN FERRO | OGGETTI IN LATTA
http://w3id.org/zac/88080_lot_11,3,MINIATURE | OGGETTI IN PIOMBO | OGGETTI IN LEGNO
http://w3id.org/zac/88081_lot_3,3,CORNICI | OGGETTI IN RAME | OGGETTI IN LEGNO
http://w3id.org/zac/88082_lot_6,3,BRONZI | CORNICI | MOBILI
http://w3id.org/zac/88082_lot_I,3,CORNICI | MINIATURE | VETRI
http://w3id.org/zac/88087_lot_20,3,Mobel; Antiquitaten; Kunstgegenstande | OGGETTI IN LEGNO | OGGETTI VARI
http://w3id.org/zac/88087_lot_24,3,ACQUERELLI | Mobel; Antiquitaten; Kunstgegenstande | OGGETTI IN ORO
http://w3id.org/zac/88087_lot_25,3,ACQUERELLI | Mobel; Antiquitaten; Kunstgegenstande | OGGETTI IN FERRO
http://w3id.org/zac/88087_lot_27,3,Mobel; Antiquitaten; Kunstgegenstande | OGGETTI IN FERRO | SPECCHI
http://w3id.org/zac/88087_lot_38,3,ARAZZI | Mobel; Antiquitaten; Kunstgegenstande | OGGETTI IN LEGNO
http://w3id.org/zac/88087_lot_5,3,Gemalde; Aquarelle; Kunstdrucke | Mobel; Antiquitaten; Kunstgegenstande | OGGETTI IN RAME
http://w3id.org/zac/88088_lot_12,3,LIBRI | OGGETTI IN RAME | OGGETTI VARI
http://w3id.org/zac/88088_lot_284,3,MAIOLICHE | OGGETTI VARI | OGGETTI IN RAME
http://w3id.org/zac/88092_lot_12,3,OGGETTI IN RAME | SCATOLE | PIATTI
http://w3id.org/zac/88092_lot_13,3,MAIOLICHE | OGGETTI IN ORO | PIATTI
http://w3id.org/zac/88092_lot_21,3,ARMI | OGGETTI IN RAME | PIATTI
http://w3id.org/zac/88092_lot_22,3,MAIOLICHE | OGGETTI IN RAME | SCATOLE
http://w3id.org/zac/88092_lot_24,3,ARGENTI | FOTOGRAFIE | OGGETTI IN RAME
http://w3id.org/zac/88092_lot_29,3,FOTOGRAFIE | MAIOLICHE | OGGETTI IN RAME
http://w3id.org/zac/88092_lot_30,3,FOTOGRAFIE | MAIOLICHE | PIATTI
http://w3id.org/zac/88094_lot_11,3,DIPINTI | Mobel; Porzellane; Glas | STAMPE E INCISIONI
http://w3id.org/zac/88094_lot_12,3,DIPINTI | Mobel; Porzellane; Glas | STAMPE E INCISIONI
http://w3id.org/zac/88094_lot_4,3,DIPINTI | Mobel; Porzellane; Glas | STAMPE E INCISIONI
http://w3id.org/zac/88094_lot_5,3,DIPINTI | Mobel; Porzellane; Glas | STAMPE E INCISIONI
http://w3id.org/zac/88094_lot_9,3,Mobel; Beleuchtungsgerat; Olgemalde | OGGETTI VARI | STAMPE E INCISIONI
http://w3id.org/zac/88096_lot_12,3,MOBEL; HOLZARBEITEN | Mobel; Holzarbeiten | Edelmetall; Schmuck | OGGETTI IN LEGNO
http://w3id.org/zac/88096_lot_14,3,ARMI | Mobel; Holzarbeiten | MOBEL; HOLZARBEITEN | OGGETTI IN LEGNO
http://w3id.org/zac/88096_lot_15,3,ARMI | Mobel; Holzarbeiten | MOBEL; HOLZARBEITEN | OGGETTI IN FERRO
http://w3id.org/zac/88096_lot_16,3,ARMI | MOBEL; HOLZARBEITEN | Mobel; Holzarbeiten | Medaillen; Plaketten
http://w3id.org/zac/88096_lot_17,3,ARMI | MOBEL; HOLZARBEITEN | Mobel; Holzarbeiten | MEDAGLIE
http://w3id.org/zac/88096_lot_18,3,CORNICI | ARMI | DIPINTI
http://w3id.org/zac/88096_lot_19,3,BASTONI | ARMI | STAMPE E INCISIONI
http://w3id.org/zac/88097_lot_18,3,ARMI | MINIATUREN; GEMALDE | Miniaturen; Gemalde | TERRECOTTE
http://w3id.org/zac/88097_lot_22,3,ARMI | PIATTI | TERRECOTTE
http://w3id.org/zac/88097_lot_32,3,MAIOLICHE | OGGETTI IN ORO | TERRECOTTE
http://w3id.org/zac/88097_lot_35,3,MOBILI | TEXTILIEN; TEPPICHE | Textilien; Teppiche | TERRECOTTE
http://w3id.org/zac/88098_lot_10,3,ARGENTI | OGGETTI VARI | OGGETTI IN LEGNO
http://w3id.org/zac/88098_lot_19,3,AVORI | OGGETTI IN LEGNO | Porzellan; Fayanxe; Majolica
http://w3id.org/zac/88098_lot_22,3,DIPINTI | OGGETTI IN LATTA | Porzellan; Fayanxe; Majolica
http://w3id.org/zac/88098_lot_26,3,MINIATURE | OGGETTI VARI | OGGETTI IN LEGNO
http://w3id.org/zac/88102_lot_21,3,GLAS; PORZELLAN; ELFENBEIN; GOLD; SILBER; SCHMUCK | MOBEL; DEKORATIONSGEGENSTANDE; STOFFE | ORIENTALISCHE BRONZEN; WAFFEN
http://w3id.org/zac/88102_lot_30,3,MOBEL; DEKORATIONSGEGENSTANDE; STOFFE | GLAS; PORZELLAN; ELFENBEIN; GOLD; SILBER; SCHMUCK | PIATTI
http://w3id.org/zac/88102_lot_33,3,BRONZEN; PLAKETTEN; MEDAILLEN; MUNZEN | GLAS; PORZELLAN; ELFENBEIN; GOLD; SILBER; SCHMUCK | MOBEL; DEKORATIONSGEGENSTANDE; STOFFE
http://w3id.org/zac/88102_lot_35,3,BRONZEN; PLAKETTEN; MEDAILLEN; MUNZEN | MOBEL; DEKORATIONSGEGENSTANDE; STOFFE | SPECCHI
http://w3id.org/zac/88106_lot_136,3,CERAMICHE | TERRECOTTE | Ton; Irdengut; Steingut
http://w3id.org/zac/88107_lot_I,3,CORNICI | OGGETTI VARI | VASI
http://w3id.org/zac/88108_lot_17,3,Gemalde; Bildwerke | OGGETTI IN LEGNO | SPARTITI MUSICALI
http://w3id.org/zac/88108_lot_18,3,Gemalde; Bildwerke | OGGETTI IN LEGNO | SPARTITI MUSICALI
http://w3id.org/zac/88108_lot_20,3,Gemalde; Bildwerke | OGGETTI IN LEGNO | SPARTITI MUSICALI
http://w3id.org/zac/88108_lot_21,3,Keramik; Glas; Metallarbeiten | Gemalde; Bildwerke | SPARTITI MUSICALI
http://w3id.org/zac/88108_lot_4,3,Bildwerke; Gemalde; Decken; Shawls; Romische Lampen | Keramik; Glas; Metallarbeiten | SPARTITI MUSICALI
http://w3id.org/zac/88108_lot_6,3,DIPINTI | Keramik; Glas; Metallarbeiten | SPARTITI MUSICALI
http://w3id.org/zac/88108_lot_7,3,DIPINTI | SPECCHI | SPARTITI MUSICALI
http://w3id.org/zac/88112_lot_4,3,CORNICI | DISEGNI | VASI
http://w3id.org/zac/88113_lot_10,3,DIPINTI | Munzen; Medaillen | MUNZEN; MEDAILLEN | Waffen; Geweihe; Antiquitaten; Kunstgegenstande; Mobel; Munzen; Medaillen
http://w3id.org/zac/88113_lot_2,3,DIPINTI | Munzen; Medaillen | MUNZEN; MEDAILLEN | Waffen; Geweihe; Antiquitaten; Kunstgegenstande; Mobel; Munzen; Medaillen
http://w3id.org/zac/88113_lot_34,3,Munzen; Medaillen | MUNZEN; MEDAILLEN | OGGETTI IN ORO | Waffen; Geweihe; Antiquitaten; Kunstgegenstande; Mobel; Munzen; Medaillen
http://w3id.org/zac/88113_lot_37,3,OGGETTI IN LEGNO | OGGETTI IN ORO | Waffen; Geweihe; Antiquitaten; Kunstgegenstande; Mobel; Munzen; Medaillen
http://w3id.org/zac/88113_lot_39,3,OGGETTI IN LATTA | OGGETTI IN LEGNO | Waffen; Geweihe; Antiquitaten; Kunstgegenstande; Mobel; Munzen; Medaillen
http://w3id.org/zac/88113_lot_41,3,Munzen; Medaillen | MUNZEN; MEDAILLEN | OGGETTI IN ORO | Waffen; Geweihe; Antiquitaten; Kunstgegenstande; Mobel; Munzen; Medaillen
http://w3id.org/zac/88114_lot_11,3,DIPINTI | Fayencen; Steinzeug | MINIATURE
http://w3id.org/zac/88114_lot_13,3,Fayencen; Steinzeug | MINIATURE | OGGETTI IN RAME
http://w3id.org/zac/88114_lot_17,3,CORNICI | DIPINTI | OGGETTI IN RAME
http://w3id.org/zac/88114_lot_18,3,Glas; Kristall | OGGETTI IN LEGNO | OGGETTI IN RAME
http://w3id.org/zac/88114_lot_20,3,Glas; Kristall | MOBILI | OGGETTI IN RAME
http://w3id.org/zac/88114_lot_22,3,CORNICI | Glas; Kristall | PORCELLANE
http://w3id.org/zac/88114_lot_23,3,BOTTIGLIE | OGGETTI IN RAME | PIATTI
http://w3id.org/zac/88114_lot_3,3,OGGETTI IN LEGNO | VASI | PIATTI
http://w3id.org/zac/88114_lot_5,3,Fayencen; Steinzeug | MINIATURE | OGGETTI IN RAME
http://w3id.org/zac/88114_lot_8,3,Glas; Kristall | MINIATURE | OGGETTI VARI
http://w3id.org/zac/88119_lot_2,3,Antiquitaten; Kunstgegenstande | DIPINTI | STAMPE E INCISIONI
http://w3id.org/zac/88119_lot_3,3,DIPINTI | Antiquitaten; Kunstgegenstande | STAMPE E INCISIONI
http://w3id.org/zac/88127_lot_I,3,CORNICI | OGGETTI VARI | SCATOLE
http://w3id.org/zac/88128_lot_1,3,DISEGNI | Glasgemalde; Miniaturen | OGGETTI IN PELLE
http://w3id.org/zac/88128_lot_10,3,DIPINTI | DISEGNI | OGGETTI IN RAME
http://w3id.org/zac/88128_lot_9,3,DIPINTI | LIBRI | PORCELLANE
http://w3id.org/zac/88128_lot_I,3,DIPINTI | DISEGNI | OGGETTI VARI
http://w3id.org/zac/88132_lot_18,3,CERAMICHE | OGGETTI IN METALLO | OGGETTI IN LEGNO
http://w3id.org/zac/88132_lot_4,3,COPPE | CERAMICHE | OGGETTI IN METALLO
http://w3id.org/zac/88132_lot_7,3,CERAMICHE | OGGETTI IN METALLO | OGGETTI IN LEGNO
http://w3id.org/zac/88139_lot_2,3,OGGETTI VARI | OGGETTI IN ORO | OGGETTI IN LEGNO
http://w3id.org/zac/88141_lot_1,3,ACQUERELLI | OGGETTI VARI | PORCELLANE
http://w3id.org/zac/88141_lot_20,3,MAIOLICHE | VETRI | PORCELLANE
http://w3id.org/zac/88141_lot_27,3,MOBILI | MAIOLICHE | PORCELLANE
http://w3id.org/zac/88141_lot_30,3,EMAIL; SILBER; BRONZE; ZINN | MOBILI | OGGETTI IN ORO
http://w3id.org/zac/88141_lot_II,3,MINIATURE | OGGETTI IN LATTA | PORCELLANE
http://w3id.org/zac/88142_lot_2,3,DIPINTI | OGGETTI IN RAME | Stadteansichten
http://w3id.org/zac/88142_lot_211,3,PORCELLANE | STAMPE E INCISIONI | PIATTI
http://w3id.org/zac/88142_lot_30,3,DISEGNI | LIBRI | OGGETTI VARI
http://w3id.org/zac/88142_lot_73,3,MINIATURE | MAIOLICHE | OGGETTI IN LEGNO
http://w3id.org/zac/88142_lot_I,3,DIPINTI | DISEGNI | Stadteansichten
http://w3id.org/zac/88143_lot_6,3,Bilder; Portrats | DIPINTI | MEDAGLIE
http://w3id.org/zac/88143_lot_7,3,CORNICI | DIPINTI | Porzellan; Steingut; Teller; Tassen; Figuren
http://w3id.org/zac/88143_lot_II,3,FOTOGRAFIE | MEDAGLIE | OGGETTI VARI
http://w3id.org/zac/88144_lot_3,3,AUTOGRAFI | LIBRI | Medailles; monnaies
http://w3id.org/zac/88147_lot_18,3,GIOIELLI | MOBILI | TABACCHIERE
http://w3id.org/zac/88147_lot_5,3,MOBILI | GIOIELLI | MARMI
http://w3id.org/zac/88148_lot_18,3,ARGENTI | Gemalde; Stiche; Lithographien | MOBILI
http://w3id.org/zac/88148_lot_2,3,LAMPADE | MOBILI | MARMI
http://w3id.org/zac/88150_lot_10,3,Dosen; Miniaturen | OGGETTI IN METALLO | TESSUTI
http://w3id.org/zac/88150_lot_12,3,CRISTALLI | OGGETTI IN LEGNO | TESSUTI
http://w3id.org/zac/88150_lot_15,3,CRISTALLI | DIPINTI | OGGETTI VARI
http://w3id.org/zac/88150_lot_18,3,CRISTALLI | CORNICI | OGGETTI IN RAME
http://w3id.org/zac/88150_lot_19,3,CRISTALLI | Dosen; Miniaturen | OGGETTI IN LEGNO
http://w3id.org/zac/88150_lot_2,3,DIPINTI | Dosen; Miniaturen | SPECCHI
http://w3id.org/zac/88152_lot_10,3,Kupferstiche; Lithographien | KUPFERSTICHE; LITHOGRAPHIEN | STAMPE E INCISIONI | TESSUTI
http://w3id.org/zac/88152_lot_12,3,ANTICHITA' | Glas; Keramik | GLAS; KERAMIK | STAMPE E INCISIONI
http://w3id.org/zac/88152_lot_13,3,ANTICHITA' | CORNICI | STAMPE E INCISIONI
http://w3id.org/zac/88152_lot_18,3,ANTICHITA' | CORNICI | STAMPE E INCISIONI
http://w3id.org/zac/88152_lot_6,3,ANTICHITA' | TESSUTI | STAMPE E INCISIONI
http://w3id.org/zac/88152_lot_7,3,OGGETTI VARI | TESSUTI | STAMPE E INCISIONI
http://w3id.org/zac/88167_lot_17,3,MINIATURE | OGGETTI IN PIOMBO | OGGETTI VARI
http://w3id.org/zac/88167_lot_5,3,MINIATURE | Stoffe; Stickereien | PIATTI
http://w3id.org/zac/88173_lot_12,3,Holz; Mobel | OGGETTI IN METALLO | PORCELLANE
http://w3id.org/zac/88173_lot_14,3,Holz; Mobel | PORCELLANE | VASI
http://w3id.org/zac/88173_lot_18,3,Bronze; Email; Waffen | VASI | PORCELLANE
http://w3id.org/zac/88173_lot_2,3,AVORI | OGGETTI IN LEGNO | PORCELLANE
http://w3id.org/zac/88173_lot_5,3,OGGETTI IN METALLO | OGGETTI VARI | PORCELLANE
http://w3id.org/zac/88173_lot_7,3,Bronze; Email; Waffen | OGGETTI LACCATI | PIATTI
http://w3id.org/zac/88173_lot_8,3,Elfenbein; Stein; Lack; Textilien; Holz | VASI | PORCELLANE
http://w3id.org/zac/88173_lot_9,3,OGGETTI IN METALLO | PORCELLANE | PIATTI
http://w3id.org/zac/88174_lot_11,3,TESSUTI | VASI | PORCELLANE
http://w3id.org/zac/88174_lot_3,3,ARGENTI | CORNICI | OGGETTI VARI
http://w3id.org/zac/88174_lot_8,3,CORNICI | ARGENTI | PORCELLANE
http://w3id.org/zac/88177_lot_10,3,DIPINTI | LIBRI | MOBILI
http://w3id.org/zac/88177_lot_14,3,CERAMICHE | MOBILI | LIBRI
http://w3id.org/zac/88177_lot_9,3,CERAMICHE | DIPINTI | TEPPICHE; STOFFE | Teppiche; Stoffe
http://w3id.org/zac/88177_lot_I,3,DIPINTI | MOBILI | Teppiche; Stoffe | TEPPICHE; STOFFE
http://w3id.org/zac/88179_lot_14,3,CORNICI | STICHEN; ZEICHNUNGEN; AQUARELLEN | PORZELLAN; FAYENCEN; GLAS
http://w3id.org/zac/88179_lot_2,3,CORNICI | OGGETTI IN LEGNO | STICHEN; ZEICHNUNGEN; AQUARELLEN
http://w3id.org/zac/88179_lot_3,3,CORNICI | PORZELLAN; FAYENCEN; GLAS | STAMPE E INCISIONI
http://w3id.org/zac/88179_lot_4,3,CORNICI | STAMPE E INCISIONI | PORZELLAN; FAYENCEN; GLAS
http://w3id.org/zac/88179_lot_5,3,CORNICI | OGGETTI IN LEGNO | STAMPE E INCISIONI
http://w3id.org/zac/88179_lot_9,3,OGGETTI IN METALLO | PIATTI | PORZELLAN; FAYENCEN; GLAS
http://w3id.org/zac/88181_lot_2,3,CORNICI | OGGETTI IN LEGNO | TAPPETI
http://w3id.org/zac/88187_lot_12,3,ACQUEFORTI | CORNICI | OGGETTI IN RAME
http://w3id.org/zac/88187_lot_2,3,CORNICI | ARMI | PORCELLANE
http://w3id.org/zac/88187_lot_3,3,CORNICI | PORCELLANE | STAMPE E INCISIONI
http://w3id.org/zac/88192_lot_100,3,Kupfer; Messing | Kupferstiche; Lithographien; Radierungen | OTTONI
http://w3id.org/zac/88197_lot_13,3,MOBILI | OGGETTI D'ARTE | PORCELLANE
http://w3id.org/zac/88197_lot_16,3,ARMI | MOBILI | OGGETTI D'ARTE
http://w3id.org/zac/88197_lot_17,3,CORNICI | MOBILI | OGGETTI D'ARTE
http://w3id.org/zac/88197_lot_18,3,MOBILI | OGGETTI D'ARTE | PORCELLANE
http://w3id.org/zac/88197_lot_19,3,MOBILI | OGGETTI D'ARTE | OGGETTI VARI
http://w3id.org/zac/88197_lot_8,3,CORNICI | MOBILI | OGGETTI D'ARTE
http://w3id.org/zac/88198_lot_10,3,DIPINTI | OGGETTI VARI | Tassen; Teller; Kannen; Figuren
http://w3id.org/zac/88198_lot_11,3,DIPINTI | VASI | Tassen; Teller; Kannen; Figuren
http://w3id.org/zac/88198_lot_12,3,PIATTI | Tassen; Teller; Kannen; Figuren | Porzellan; Bronze
http://w3id.org/zac/88198_lot_14,3,Munzen; Medaillen | MAIOLICHE | MUNZEN; MEDAILLEN | PIATTI
http://w3id.org/zac/88198_lot_15,3,LAMPADE | OGGETTI IN LATTA | Tassen; Teller; Kannen; Figuren
http://w3id.org/zac/88198_lot_18,3,CORNICI | OGGETTI VARI | PIATTI
http://w3id.org/zac/88198_lot_23,3,MUNZEN; MEDAILLEN | Munzen; Medaillen | OGGETTI IN LATTA | Tassen; Teller; Kannen; Figuren
http://w3id.org/zac/88209_lot_11,3,ACQUEFORTI | PORCELLANE | STAMPE E INCISIONI
http://w3id.org/zac/88209_lot_17,3,MODERNE MOBEL; GEMALDE; KUNSTGEWERBE | PORCELLANE | STAMPE E INCISIONI
http://w3id.org/zac/88209_lot_9,3,MAIOLICHE | PORCELLANE | PIATTI
http://w3id.org/zac/88224_lot_18,3,ACQUERELLI | Mobel; Holzschnitzereien; Waffen; Stiche | VETRI
http://w3id.org/zac/88225_lot_100,3,Kupferstiche; Radierungen | MOBILI | TERRECOTTE
http://w3id.org/zac/88225_lot_150,3,Aquarelle; Handzeichnungen | AQUARELLE; HANDZEICHNUNGEN | MOBILI | Silber; Gold
http://w3id.org/zac/88225_lot_30,3,MOBILI | Kupferstiche; Radierungen | PORCELLANE
http://w3id.org/zac/88228_lot_2,3,ACQUEFORTI | PIATTI | STAMPE E INCISIONI
http://w3id.org/zac/88231_lot_16,3,Fayencen; Porzellane; Bronzen; Emaille | OGGETTI IN RAME | STEINZEUG; FAYENCE | Steinzeug; Fayence
http://w3id.org/zac/88231_lot_18,3,AQUARELLE; HANDZEICHNUNGEN | Aquarelle; Handzeichnungen | OGGETTI IN RAME | PORCELLANE
http://w3id.org/zac/88231_lot_50,3,Aquarelle; Handzeichnungen | AQUARELLE; HANDZEICHNUNGEN | Fayencen; Porzellane; Bronzen; Emaille | Steinzeug; Fayence | STEINZEUG; FAYENCE
http://w3id.org/zac/88231_lot_55,3,MOBILI | STAMPE E INCISIONI | Silber; Gold
http://w3id.org/zac/88231_lot_60,3,Miniaturen; Dosen | MINIATUREN; DOSEN | MOBILI | Steinzeug; Fayence | STEINZEUG; FAYENCE
http://w3id.org/zac/88231_lot_9,3,Aquarelle; Handzeichnungen | AQUARELLE; HANDZEICHNUNGEN | Fayencen; Porzellane; Bronzen; Emaille | OGGETTI IN RAME
http://w3id.org/zac/88233_lot_13,3,Dosen; Silhouetten | OGGETTI IN ORO | Silber; Gold
http://w3id.org/zac/88233_lot_150,3,CORNICI | OGGETTI IN ORO | OGGETTI IN LEGNO
http://w3id.org/zac/88233_lot_2,3,MAIOLICHE | Eisen; Zinn; Messing; Kupfer; Bronze | OGGETTI IN ORO
http://w3id.org/zac/88233_lot_20,3,Eisen; Zinn; Messing; Kupfer; Bronze | Silber; Gold | STAMPE E INCISIONI
http://w3id.org/zac/88233_lot_36,3,OGGETTI IN LEGNO | PORCELLANE | STAMPE E INCISIONI
http://w3id.org/zac/88233_lot_45,3,CORNICI | OGGETTI IN LEGNO | STAMPE E INCISIONI
http://w3id.org/zac/88233_lot_7,3,CORNICI | Dosen; Silhouetten | Eisen; Zinn; Messing; Kupfer; Bronze
http://w3id.org/zac/88233_lot_95,3,DISEGNI | OGGETTI IN LEGNO | Silber; Gold
http://w3id.org/zac/88237_lot_135,3,CORNICI | Miniaturen; Silhouetten | Einrichtungsgegenstande; Mobel
http://w3id.org/zac/88237_lot_14,3,CORNICI | ARMI | Miniaturen; Silhouetten
http://w3id.org/zac/88237_lot_19,3,ARMI | ACQUERELLI | OGGETTI D'ARTE ORIENTALE
http://w3id.org/zac/88237_lot_22,3,CORNICI | Miniaturen; Silhouetten | TERRECOTTE
http://w3id.org/zac/88237_lot_40,3,Aquarelle; Handzeichnungen; Stahlstiche | ARGENTI | TERRECOTTE
http://w3id.org/zac/88237_lot_65,3,Einrichtungsgegenstande; Mobel | OGGETTI D'ARTE ORIENTALE | Textilien; Teppiche | TEXTILIEN; TEPPICHE
http://w3id.org/zac/88237_lot_90,3,Miniaturen; Silhouetten | OGGETTI IN RAME | Textilien; Teppiche | TEXTILIEN; TEPPICHE
http://w3id.org/zac/88246_lot_I,3,Kücheninterieur | OGGETTI VARI | SPECCHI
http://w3id.org/zac/88247_lot_1,3,MAIOLICHE | Kupferstiche; Radierungen | STAMPE E INCISIONI
http://w3id.org/zac/88247_lot_10,3,Handzeichnungen; Aquarelle | Kupferstiche; Radierungen | MAIOLICHE
http://w3id.org/zac/88247_lot_14,3,CORNICI | Kupferstiche; Radierungen | Handzeichnungen; Aquarelle
http://w3id.org/zac/88247_lot_15,3,BRONZI | MAIOLICHE | Handzeichnungen; Aquarelle
http://w3id.org/zac/88247_lot_19,3,MAIOLICHE | Handzeichnungen; Aquarelle | OGGETTI D'ARTE ORIENTALE
http://w3id.org/zac/88247_lot_20,3,OGGETTI D'ARTE ORIENTALE | Handzeichnungen; Aquarelle | MAIOLICHE
http://w3id.org/zac/88247_lot_25,3,OGGETTI D'ARTE ORIENTALE | Handzeichnungen; Aquarelle | MAIOLICHE
http://w3id.org/zac/88247_lot_30,3,Bronzen; Marmor | MAIOLICHE | Möbel | möbel
http://w3id.org/zac/88247_lot_45,3,ACQUERELLI | MAIOLICHE | möbel | Möbel
http://w3id.org/zac/88247_lot_55,3,ACQUERELLI | MAIOLICHE | Handzeichnungen; Aquarelle
http://w3id.org/zac/88247_lot_714,3,OGGETTI LACCATI | SCOMPARTI | PIATTI
http://w3id.org/zac/88250_lot_3,3,BIANCHERIA | CORNICI | OGGETTI IN LEGNO
http://w3id.org/zac/88256_lot_12,3,ACQUEFORTI | Einrichtungsgegenstande; Mobel | Schmucksachen; Uhren
http://w3id.org/zac/88256_lot_15,3,ACQUEFORTI | Aquarelle; Handzeichnungen; Pastelle | Einrichtungsgegenstande; Mobel
http://w3id.org/zac/88256_lot_28,3,Aquarelle; Handzeichnungen; Pastelle | ACQUEFORTI | MAIOLICHE
http://w3id.org/zac/88256_lot_3,3,ACQUEFORTI | Aquarelle; Handzeichnungen; Pastelle | OGGETTI IN RAME
http://w3id.org/zac/88256_lot_32,3,ACQUEFORTI | Aquarelle; Handzeichnungen; Pastelle | Einrichtungsgegenstande; Mobel
http://w3id.org/zac/88256_lot_40,3,ACQUEFORTI | Aquarelle; Handzeichnungen; Pastelle | OGGETTI IN RAME
http://w3id.org/zac/88256_lot_8,3,Aquarelle; Handzeichnungen; Pastelle | Glas; Kristall | OGGETTI IN RAME
http://w3id.org/zac/88261_lot_2,3,FOTOGRAFIE | OGGETTI VARI | STAMPE E INCISIONI
http://w3id.org/zac/88261_lot_437,3,VASI | PORCELLANE | PIATTI
http://w3id.org/zac/88265_lot_105,3,DIPINTI | OGGETTI VARI | TESSUTI
http://w3id.org/zac/88265_lot_110,3,BRONZI | OGGETTI VARI | TESSUTI
http://w3id.org/zac/88265_lot_13,3,ARREDAMENTI | OGGETTI VARI | TESSUTI
http://w3id.org/zac/88265_lot_25,3,CERAMICHE | MOBILI | OGGETTI VARI
http://w3id.org/zac/88265_lot_26,3,CERAMICHE | MOBILI | VASI
http://w3id.org/zac/88265_lot_45,3,BRONZI | CERAMICHE | OGGETTI IN LATTA
http://w3id.org/zac/88265_lot_5,3,DIPINTI | MOBILI | OGGETTI VARI
http://w3id.org/zac/88265_lot_8,3,MOBILI | OGGETTI VARI | TESSUTI
http://w3id.org/zac/88265_lot_837,3,DIPINTI | STRUMENTI MUSICALI | SCULTURE
http://w3id.org/zac/88266_lot_1,3,DIPINTI | VASI | PORCELLANE
http://w3id.org/zac/88266_lot_8,3,CERAMICHE | SCATOLE | TESSUTI
http://w3id.org/zac/88282_lot_2,3,OGGETTI IN FERRO | TERRECOTTE | PIATTI
http://w3id.org/zac/88282_lot_23,3,MAIOLICHE | OGGETTI VARI | PIATTI
http://w3id.org/zac/88282_lot_60,3,MOBILI | Musikinstrumente; Ziergerat | MAIOLICHE
http://w3id.org/zac/88282_lot_7,3,ABITI | MOBILI | TERRECOTTE
http://w3id.org/zac/88282_lot_II,3,MOBILI | MAIOLICHE | PIATTI
http://w3id.org/zac/88302_lot_11,3,Antiquitaten; Mobel | OGGETTI IN METALLO | OGGETTI IN FERRO
http://w3id.org/zac/88302_lot_4,3,Antiquitaten; Mobel | CORNICI | STAMPE E INCISIONI
http://w3id.org/zac/88320_lot_35,3,MAIOLICHE | OGGETTI IN METALLO | TESSUTI
http://w3id.org/zac/88320_lot_47,3,MAIOLICHE | OGGETTI IN METALLO | VETRI
http://w3id.org/zac/88320_lot_49,3,OGGETTI IN LEGNO | OGGETTI IN METALLO | VETRI
http://w3id.org/zac/88320_lot_50,3,OGGETTI IN METALLO | OGGETTI IN LEGNO | VETRI
http://w3id.org/zac/88321_lot_15,3,ARTI GRAFICHE | CORNICI | STAMPE E INCISIONI
http://w3id.org/zac/88321_lot_23,3,ARTI GRAFICHE | STAMPE E INCISIONI | SCULTURE
http://w3id.org/zac/88322_lot_12,3,DIPINTI | Kupferstiche; Radierungen; Holzschnitte; Schabkunstblatter | MINIATURE
http://w3id.org/zac/88322_lot_2,3,DIPINTI | Kupferstiche; Radierungen; Holzschnitte; Schabkunstblatter | OGGETTI IN RAME
http://w3id.org/zac/88322_lot_22,3,DIPINTI | Kupferstiche; Radierungen; Holzschnitte; Schabkunstblatter | Miniaturen; Silhouetten
http://w3id.org/zac/88322_lot_25,3,CORNICI | DIPINTI | Kupferstiche; Radierungen; Holzschnitte; Schabkunstblatter
http://w3id.org/zac/88322_lot_30,3,DIPINTI | Miniaturen; Silhouetten | OGGETTI IN LATTA
http://w3id.org/zac/88322_lot_50,3,OGGETTI IN LEGNO | OGGETTI IN LATTA | VETRI
http://w3id.org/zac/88324_lot_8,3,MOBEL; UHREN | Mobel; Uhren | TERRECOTTE | PLACCHETTE
http://w3id.org/zac/88327_lot_120,3,ACQUERELLI | TESSUTI | Sculpturen; Mobel
http://w3id.org/zac/88327_lot_18,3,Handzeichnungen; Aquarelle | OGGETTI IN LEGNO | STEINZEUG; FAYENCEN | Steinzeug; Fayencen
http://w3id.org/zac/88327_lot_180,3,Handzeichnungen; Aquarelle | Zinn; Messing; Kupfer; Bronzen | Sculpturen; Mobel
http://w3id.org/zac/88327_lot_2,3,ACQUEFORTI | Zinn; Messing; Kupfer; Bronzen | VETRI
http://w3id.org/zac/88327_lot_22,3,Holzschnitte; Kupferstiche; Radierungen | Steinzeug; Fayencen | PORCELLANE | STEINZEUG; FAYENCEN
http://w3id.org/zac/88327_lot_45,3,OGGETTI IN LEGNO | Sculpturen; Mobel | PORCELLANE
http://w3id.org/zac/88327_lot_65,3,Handzeichnungen; Aquarelle | OGGETTI IN RAME | Sculpturen; Mobel
http://w3id.org/zac/88327_lot_7,3,ACQUEFORTI | STEINZEUG; FAYENCEN | Steinzeug; Fayencen | Sculpturen; Mobel
http://w3id.org/zac/88336_lot_285,3,DIPINTI | ACQUEFORTI | DISEGNI
http://w3id.org/zac/88338_lot_2,3,OGGETTI IN LEGNO | OGGETTI VARI | VETRI
http://w3id.org/zac/88342_lot_100,3,BIANCHERIA | Gemalde; Miniaturen; Farbstiche | Stuhle; Banke
http://w3id.org/zac/88342_lot_12,3,CAMEI | OGGETTI VARI | TESSUTI
http://w3id.org/zac/88342_lot_150,3,AVORI | SCULTURE | PORCELLANE
http://w3id.org/zac/88342_lot_17,3,Bronze; Messing; Kupfer; Eisen | PORCELLANE | Spiegel; Leuchter; Konsolen; Wanddekorationen
http://w3id.org/zac/88342_lot_18,3,OGGETTI IN ORO | TESSUTI | PORCELLANE
http://w3id.org/zac/88342_lot_220,3,Gemalde; Miniaturen; Farbstiche | SCATOLE | PORCELLANE
http://w3id.org/zac/88342_lot_26,3,OGGETTI IN PELLE | PORCELLANE | Truhen; Schranke
http://w3id.org/zac/88342_lot_28,3,MOBILI | MINIATURE | PORCELLANE
http://w3id.org/zac/88342_lot_280,3,Silber; Email | PORCELLANE | TESSUTI
http://w3id.org/zac/88342_lot_37,3,OGGETTI IN LEGNO | VETRI | PORCELLANE
http://w3id.org/zac/88342_lot_38,3,BRONZI | OGGETTI IN LEGNO | OGGETTI IN METALLO
http://w3id.org/zac/88342_lot_50,3,Gemalde; Miniaturen; Farbstiche | OGGETTI VARI | PORCELLANE
http://w3id.org/zac/88342_lot_9,3,FOTOGRAFIE | OGGETTI IN LEGNO | VETRI
http://w3id.org/zac/88346_lot_1,3,LIBRI | MAIOLICHE | PIATTI
http://w3id.org/zac/88346_lot_14,3,CORNICI | TERRECOTTE | PORCELLANE
http://w3id.org/zac/88346_lot_17,3,CORNICI | TERRECOTTE | STAMPE E INCISIONI
http://w3id.org/zac/88346_lot_4,3,LIBRI | Stein; Steinzeug; Steingut | VETRI
http://w3id.org/zac/88346_lot_5,3,LAMPADE | Mobiliar; Ausstattungsgerat | TERRECOTTE
http://w3id.org/zac/88349_lot_10,3,CORNICI | OGGETTI IN ORO | VETRI
http://w3id.org/zac/88349_lot_7,3,Irdengut; Steinzeug; Steingut | OGGETTI IN ORO | STAMPE E INCISIONI
http://w3id.org/zac/88351_lot_110,3,ACQUERELLI | ARGENTI | PORCELLANE
http://w3id.org/zac/88351_lot_150,3,Einrichtungsgegenstande; Mobel | Handzeichnungen; Aquarelle | PORCELLANE
http://w3id.org/zac/88351_lot_3,3,ACQUEFORTI | ARGENTI | Fayencen; Steinzeug
http://w3id.org/zac/88351_lot_35,3,Handzeichnungen; Aquarelle | Kupferstiche; Radierungen; Lithographien | PORCELLANE
http://w3id.org/zac/88351_lot_40,3,Kupferstiche; Radierungen; Lithographien | Handzeichnungen; Aquarelle | PORCELLANE
http://w3id.org/zac/88351_lot_5,3,OGGETTI D'ARTE ORIENTALE | Fayencen; Steinzeug | Kupferstiche; Radierungen; Lithographien
http://w3id.org/zac/88351_lot_50,3,CORNICI | Handzeichnungen; Aquarelle | Kupferstiche; Radierungen; Lithographien
http://w3id.org/zac/88351_lot_55,3,Fayencen; Steinzeug | VETRI | STAMPE E INCISIONI
http://w3id.org/zac/88351_lot_6,3,Bronzen; Marmor | Kupferstiche; Radierungen; Lithographien | OGGETTI IN RAME
http://w3id.org/zac/88351_lot_7,3,Bronzen; Marmor | Kupferstiche; Radierungen; Lithographien | OGGETTI IN LEGNO
http://w3id.org/zac/88351_lot_80,3,Handzeichnungen; Aquarelle | OGGETTI D'ARTE ORIENTALE | VETRI
http://w3id.org/zac/88352_lot_19,3,Arbeiten in Gold; Silber; Bronze; Messing | OGGETTI LITURGICI | PORCELLANE
http://w3id.org/zac/88362_lot_16,3,LIBRI | DIPINTI | Stiche; Reproduktionen
http://w3id.org/zac/88362_lot_18,3,LIBRI | Stoffe; Stickereien; Teppiche | Stiche; Reproduktionen
http://w3id.org/zac/88362_lot_19,3,LIBRI | Silber; Schmucksticke | Stiche; Reproduktionen
http://w3id.org/zac/88362_lot_20,3,LIBRI | Silhouetten; Miniaturen; Dosen | Silber; Schmucksticke
http://w3id.org/zac/88362_lot_24,3,DIPINTI | LIBRI | Silhouetten; Miniaturen; Dosen
http://w3id.org/zac/88362_lot_27,3,LIBRI | OGGETTI VARI | OGGETTI IN LEGNO
http://w3id.org/zac/88362_lot_29,3,Holz; Mobel | LIBRI | OGGETTI VARI
http://w3id.org/zac/88362_lot_30,3,Holz; Mobel | LIBRI | Silber; Schmucksticke
http://w3id.org/zac/88362_lot_33,3,LIBRI | Stoffe; Stickereien; Teppiche | Silber; Schmucksticke
http://w3id.org/zac/88362_lot_34,3,LIBRI | Silber; Schmucksticke | Stoffe; Stickereien; Teppiche
http://w3id.org/zac/88362_lot_38,3,OGGETTI IN LEGNO | Silber; Schmucksticke | Stoffe; Stickereien; Teppiche
http://w3id.org/zac/88362_lot_39,3,Holz; Mobel | Silber; Schmucksticke | Stoffe; Stickereien; Teppiche
http://w3id.org/zac/88362_lot_44,3,MINIATURE | Holz; Mobel | OGGETTI VARI
http://w3id.org/zac/88362_lot_45,3,Silhouetten; Miniaturen; Dosen | VETRI | Silber; Schmucksticke
http://w3id.org/zac/88362_lot_46,3,Holz; Mobel | Silhouetten; Miniaturen; Dosen | Silber; Schmucksticke
http://w3id.org/zac/88362_lot_48,3,Holz; Mobel | Silhouetten; Miniaturen; Dosen | Silber; Schmucksticke
http://w3id.org/zac/88362_lot_6,3,LIBRI | Holz; Mobel | Silhouetten; Miniaturen; Dosen
http://w3id.org/zac/88362_lot_7,3,LIBRI | Silhouetten; Miniaturen; Dosen | SCULTURE
http://w3id.org/zac/88363_lot_6,3,OGGETTI VARI | Porzellan; Fayence | SPECCHI | PORZELLAN; FAYENCE
http://w3id.org/zac/88363_lot_7,3,MOBILI | OGGETTI IN ORO | PORZELLAN; FAYENCE | Porzellan; Fayence
http://w3id.org/zac/88363_lot_8,3,BAULI | OGGETTI VARI | PORZELLAN; FAYENCE | Porzellan; Fayence
http://w3id.org/zac/88363_lot_9,3,OGGETTI IN ORO | OGGETTI VARI | SCATOLE
http://w3id.org/zac/88367_lot_21,3,CORNICI | Fayence; Steinzeug; Majolika | SPECCHI
http://w3id.org/zac/88367_lot_30,3,MOBILI | Teppiche; Gobelins; Stoffe | STAMPE E INCISIONI
http://w3id.org/zac/88367_lot_39,3,OGGETTI VARI | PORCELLANE | Teppiche; Gobelins; Stoffe
http://w3id.org/zac/88373_lot_20,3,ACQUEFORTI | OGGETTI IN RAME | STAMPE E INCISIONI
http://w3id.org/zac/88373_lot_30,3,OGGETTI IN RAME | OGGETTI IN PIOMBO | STAMPE E INCISIONI
http://w3id.org/zac/88373_lot_36,3,ACQUEFORTI | OGGETTI IN ORO | OGGETTI IN PIOMBO
http://w3id.org/zac/88373_lot_50,3,OGGETTI IN PIOMBO | OGGETTI IN RAME | STAMPE E INCISIONI
http://w3id.org/zac/88374_lot_17,3,MOBILI | OGGETTI IN METALLO | VETRI
http://w3id.org/zac/88374_lot_18,3,MOBILI | OGGETTI IN METALLO | VETRI
http://w3id.org/zac/88374_lot_2,3,CORNICI | MOBILI | OGGETTI IN LEGNO
http://w3id.org/zac/88374_lot_22,3,MOBILI | OGGETTI IN METALLO | VETRI
http://w3id.org/zac/88374_lot_26,3,OGGETTI IN LEGNO | OGGETTI IN METALLO | PORCELLANE
http://w3id.org/zac/88374_lot_34,3,ALABASTRI | MOBILI | OGGETTI IN METALLO
http://w3id.org/zac/88374_lot_5,3,MOBILI | MAIOLICHE | TESSUTI
http://w3id.org/zac/88374_lot_672,3,OGGETTI IN ORO | OGGETTI VARI | PORCELLANE
http://w3id.org/zac/88374_lot_906,3,OGGETTI VARI | OGGETTI IN METALLO | VASI
http://w3id.org/zac/88377_lot_11,3,CANDELABRI | HOLZSKULPTUREN; PERSISCHE TEPPICHE | SILBERNE GERATE; CHINESISCHES PORZELLAN; ELFENBEINMINIATUREN; SPITZEN; FACHERSAMMLUNG
http://w3id.org/zac/88377_lot_2,3,HOLZSKULPTUREN; PERSISCHE TEPPICHE | OGGETTI IN LEGNO | SILBERNE GERATE; CHINESISCHES PORZELLAN; ELFENBEINMINIATUREN; SPITZEN; FACHERSAMMLUNG
http://w3id.org/zac/88396_lot_11,3,LAMPADE | MAIOLICHE | OGGETTI IN LEGNO
http://w3id.org/zac/88398_lot_13,3,Mobel; Gobelins; Teppiche; Skulpturen | OGGETTI VARI | VETRI
http://w3id.org/zac/88398_lot_15,3,Bronze; Glas; Fayence | Mobel; Gobelins; Teppiche; Skulpturen | OGGETTI IN PELLE
http://w3id.org/zac/88398_lot_16,3,ARAZZI | Bronze; Glas; Fayence | Mobel; Gobelins; Teppiche; Skulpturen
http://w3id.org/zac/88398_lot_17,3,BRONZI | Bronze; Glas; Fayence | Mobel; Gobelins; Teppiche; Skulpturen
http://w3id.org/zac/88398_lot_18,3,Bronze; Glas; Fayence | BRONZI | OGGETTI IN LEGNO
http://w3id.org/zac/88398_lot_3,3,ARAZZI | Bronze; Glas; Fayence | OGGETTI IN RAME
http://w3id.org/zac/88398_lot_4,3,Bronze; Glas; Fayence | BRONZI | Mobel; Gobelins; Teppiche; Skulpturen
http://w3id.org/zac/88398_lot_5,3,Bronze; Glas; Fayence | Mobel; Gobelins; Teppiche; Skulpturen | OGGETTI VARI
http://w3id.org/zac/88399_lot_1,3,CORNICI | OGGETTI IN LEGNO | SCOMPARTI
http://w3id.org/zac/88400_lot_35,3,Fayencen; Steingut | FAYENCEN; STEINGUT | PORZELLAN; Waffen | TESSUTI
http://w3id.org/zac/88400_lot_36,3,FAYENCEN; STEINGUT | Fayencen; Steingut | TESSUTI | PIATTI
http://w3id.org/zac/88400_lot_38,3,Fayencen; Steingut | FAYENCEN; STEINGUT | TESSUTI | PORZELLAN; Waffen
http://w3id.org/zac/88400_lot_41,3,Fayencen; Steingut | FAYENCEN; STEINGUT | OGGETTI IN LEGNO | TESSUTI
http://w3id.org/zac/88412_lot_11,3,MOBEL; SKULPTUREN | MAIOLICHE | PORCELLANE
http://w3id.org/zac/88412_lot_12,3,MOBEL; SKULPTUREN | MAIOLICHE | PORCELLANE
http://w3id.org/zac/88412_lot_13,3,MAIOLICHE | MOBEL; SKULPTUREN | PORCELLANE
http://w3id.org/zac/88412_lot_14,3,MOBEL; SKULPTUREN | MAIOLICHE | PORCELLANE
http://w3id.org/zac/88412_lot_15,3,CAMINI | MOBEL; SKULPTUREN | PORCELLANE
http://w3id.org/zac/88412_lot_16,3,MOBEL; SKULPTUREN | PIATTI | PORCELLANE
http://w3id.org/zac/88412_lot_19,3,MOBEL; SKULPTUREN | VASI | PORCELLANE
http://w3id.org/zac/88412_lot_21,3,MOBEL; SKULPTUREN | KLEINKUNST; MINIATUREN; TEXTILIEN | PORCELLANE
http://w3id.org/zac/88412_lot_23,3,KLEINKUNST; MINIATUREN; TEXTILIEN | OGGETTI IN ORO | PORCELLANE
http://w3id.org/zac/88412_lot_30,3,KLEINKUNST; MINIATUREN; TEXTILIEN | OGGETTI VARI | PORCELLANE
http://w3id.org/zac/88412_lot_8,3,KLEINKUNST; MINIATUREN; TEXTILIEN | OGGETTI IN ORO | PORCELLANE
http://w3id.org/zac/88412_lot_9,3,MOBEL; SKULPTUREN | KLEINKUNST; MINIATUREN; TEXTILIEN | PORCELLANE
http://w3id.org/zac/88413_lot_15,3,CERAMICHE | CORNICI | VASI
http://w3id.org/zac/88413_lot_4,3,CERAMICHE | OGGETTI VARI | STAMPE E INCISIONI
http://w3id.org/zac/88413_lot_8,3,CERAMICHE | OGGETTI IN FERRO | VASI
http://w3id.org/zac/88415_lot_10,3,OGGETTI D'ARTE ORIENTALE | Dritter Tag | OGGETTI IN LEGNO
http://w3id.org/zac/88415_lot_11,3,OGGETTI D'ARTE ORIENTALE | OGGETTI IN LEGNO | SCATOLE
http://w3id.org/zac/88415_lot_13,3,OGGETTI D'ARTE ORIENTALE | OGGETTI VARI | STAMPE E INCISIONI
http://w3id.org/zac/88415_lot_14,3,OGGETTI D'ARTE ORIENTALE | OGGETTI IN ORO | OGGETTI IN LEGNO
http://w3id.org/zac/88415_lot_17,3,OGGETTI D'ARTE ORIENTALE | OGGETTI IN LEGNO | STAMPE E INCISIONI
http://w3id.org/zac/88415_lot_18,3,Dritter Tag | OGGETTI D'ARTE ORIENTALE | OGGETTI VARI
http://w3id.org/zac/88415_lot_22,3,Dritter Tag | OGGETTI D'ARTE ORIENTALE | SCATOLE
http://w3id.org/zac/88415_lot_29,3,Dritter Tag | OGGETTI D'ARTE ORIENTALE | STAMPE E INCISIONI
http://w3id.org/zac/88415_lot_32,3,OGGETTI D'ARTE ORIENTALE | OGGETTI VARI | OGGETTI IN RAME
http://w3id.org/zac/88415_lot_36,3,OGGETTI D'ARTE ORIENTALE | Dritter Tag | OGGETTI IN LEGNO
http://w3id.org/zac/88416_lot_22,3,ARGENTI | OGGETTI IN ORO | OGGETTI IN PIOMBO
http://w3id.org/zac/88416_lot_5,3,BRONZI | OGGETTI IN FERRO | OGGETTI IN LEGNO
http://w3id.org/zac/88417_lot_1,3,CORNICI | OGGETTI VARI | Plastik; Uhren; Mobel
http://w3id.org/zac/88417_lot_13,3,CORNICI | STAMPE E INCISIONI | SCULTURE
http://w3id.org/zac/88417_lot_25,3,OGGETTI IN ORO | SCULTURE | STAMPE E INCISIONI
http://w3id.org/zac/88417_lot_33,3,Holzschnitzereien; Geweihe; Waffen | OGGETTI IN ORO | OGGETTI IN LATTA
http://w3id.org/zac/88417_lot_5,3,BRONZI | CORNICI | OGGETTI IN ORO
http://w3id.org/zac/88417_lot_9,3,BRONZI | CORNICI | STAMPE E INCISIONI
http://w3id.org/zac/88422_lot_23,3,ARGENTI | OGGETTI IN LEGNO | OGGETTI D'ARTE
http://w3id.org/zac/88422_lot_26,3,OGGETTI IN LEGNO | PIATTI | VETRI
http://w3id.org/zac/88422_lot_28,3,ARGENTI | VETRI | PORCELLANE
http://w3id.org/zac/88422_lot_682,3,CORNICI | OGGETTI D'ARTE | SCATOLE
http://w3id.org/zac/88422_lot_683,3,OGGETTI D'ARTE | OGGETTI VARI | VASI
http://w3id.org/zac/88423_lot_7,3,ACQUEFORTI | MINIATURE | MOBILI
http://w3id.org/zac/88424_lot_11,3,CORNICI | MINIATURE | MOBILI
http://w3id.org/zac/88424_lot_12,3,MOBILI | OGGETTI IN ORO | TEXTILIEN; TEPPICHE | Textilien; Teppiche
http://w3id.org/zac/88424_lot_13,3,MOBILI | MINIATURE | TEXTILIEN; TEPPICHE | Textilien; Teppiche
http://w3id.org/zac/88424_lot_14,3,MINIATURE | MOBILI | Textilien; Teppiche | TEXTILIEN; TEPPICHE
http://w3id.org/zac/88424_lot_16,3,CORNICI | MOBILI | TEXTILIEN; TEPPICHE | Textilien; Teppiche
http://w3id.org/zac/88424_lot_17,3,MINIATURE | MOBILI | Textilien; Teppiche | TEXTILIEN; TEPPICHE
http://w3id.org/zac/88424_lot_18,3,LAMPADE | MOBILI | TAPPETI
http://w3id.org/zac/88424_lot_2,3,MINIATURE | MOBILI | OGGETTI VARI
http://w3id.org/zac/88424_lot_31,3,MINIATURE | MOBILI | TEXTILIEN; TEPPICHE | Textilien; Teppiche
http://w3id.org/zac/88424_lot_4,3,MOBILI | TEXTILIEN; TEPPICHE | Textilien; Teppiche | VASI
http://w3id.org/zac/88424_lot_7,3,MOBILI | OGGETTI IN METALLO | Textilien; Teppiche | TEXTILIEN; TEPPICHE
http://w3id.org/zac/88430_lot_8,3,OGGETTI D'ARTE ORIENTALE | OGGETTI IN LATTA | OGGETTI IN LEGNO
http://w3id.org/zac/88436_lot_10,3,AQUARELLE; HANDZEICHNUNGEN | Aquarelle; Handzeichnungen | KUPFERSTICHE; SCHABKUNSTBLATTER; FARBENDRUCKE | STAMPE E INCISIONI
http://w3id.org/zac/88436_lot_13,3,Aquarelle; Handzeichnungen | AQUARELLE; HANDZEICHNUNGEN | ACQUEFORTI | OGGETTI IN PIOMBO
http://w3id.org/zac/88436_lot_14,3,AQUARELLE; HANDZEICHNUNGEN | Aquarelle; Handzeichnungen | KUPFERSTICHE; SCHABKUNSTBLATTER; FARBENDRUCKE | OGGETTI IN LEGNO
http://w3id.org/zac/88436_lot_15,3,AQUARELLE; HANDZEICHNUNGEN | Aquarelle; Handzeichnungen | KUPFERSTICHE; SCHABKUNSTBLATTER; FARBENDRUCKE | STAMPE E INCISIONI
http://w3id.org/zac/88436_lot_22,3,AQUARELLE; HANDZEICHNUNGEN | Aquarelle; Handzeichnungen | KUPFERSTICHE; SCHABKUNSTBLATTER; FARBENDRUCKE | OGGETTI IN LEGNO
http://w3id.org/zac/88436_lot_28,3,AQUARELLE; HANDZEICHNUNGEN | Aquarelle; Handzeichnungen | KUPFERSTICHE; SCHABKUNSTBLATTER; FARBENDRUCKE | OGGETTI IN LEGNO
http://w3id.org/zac/88436_lot_3,3,AQUARELLE; HANDZEICHNUNGEN | CORNICI | Aquarelle; Handzeichnungen | KUPFERSTICHE; SCHABKUNSTBLATTER; FARBENDRUCKE
http://w3id.org/zac/88436_lot_37,3,AQUARELLE; HANDZEICHNUNGEN | Aquarelle; Handzeichnungen | KUPFERSTICHE; SCHABKUNSTBLATTER; FARBENDRUCKE | OGGETTI VARI
http://w3id.org/zac/88436_lot_5,3,AQUARELLE; HANDZEICHNUNGEN | Aquarelle; Handzeichnungen | FOTOGRAFIE | KUPFERSTICHE; SCHABKUNSTBLATTER; FARBENDRUCKE
http://w3id.org/zac/88444_lot_18,3,OGGETTI VARI | TESSUTI | VETRI
http://w3id.org/zac/88444_lot_19,3,OGGETTI D'ARTE | VETRI | PORCELLANE
http://w3id.org/zac/88444_lot_33,3,OGGETTI IN LEGNO | PIATTI | PORCELLANE
http://w3id.org/zac/88444_lot_35,3,OGGETTI D'ARTE | TESSUTI | PORCELLANE
http://w3id.org/zac/88444_lot_36,3,OGGETTI D'ARTE | PORCELLANE | TESSUTI
http://w3id.org/zac/88450_lot_2,3,CAMINI | OGGETTI IN LEGNO | OGGETTI IN RAME
http://w3id.org/zac/88457_lot_1,3,China-Porzellan; Japan-Porzellan | DIPINTI | VASI
http://w3id.org/zac/88462_lot_25,3,CERAMICHE | KUPFERSTICHE; FARBDRUCKE | OGGETTI IN ORO
http://w3id.org/zac/88462_lot_26,3,CERAMICHE | OGGETTI D'ARTE ORIENTALE | OGGETTI IN RAME
http://w3id.org/zac/88462_lot_28,3,OGGETTI D'ARTE ORIENTALE | KUPFERSTICHE; FARBDRUCKE | OGGETTI IN ORO
http://w3id.org/zac/88462_lot_29,3,CERAMICHE | KUPFERSTICHE; FARBDRUCKE | OGGETTI IN ORO
http://w3id.org/zac/88462_lot_30,3,CERAMICHE | KUPFERSTICHE; FARBDRUCKE | TESSUTI
http://w3id.org/zac/88462_lot_32,3,KUPFERSTICHE; FARBDRUCKE | OGGETTI D'ARTE ORIENTALE | OGGETTI IN ORO
http://w3id.org/zac/88466_lot_2,3,VASI | PORCELLANE | VETRI
http://w3id.org/zac/88474_lot_I,3,OGGETTI IN RAME | OGGETTI IN ORO | OGGETTI IN LATTA
http://w3id.org/zac/88480_lot_10,3,ACQUERELLI | OGGETTI IN LEGNO | STAMPE E INCISIONI
http://w3id.org/zac/88482_lot_10,3,LAMPADE | OGGETTI IN ORO | VETRI
http://w3id.org/zac/88482_lot_15,3,LAMPADE | PORZELLAN; STEINZEUG; FAYENCE | VETRI
http://w3id.org/zac/88482_lot_21,3,CORNICI | PORZELLAN; STEINZEUG; FAYENCE | VETRI
http://w3id.org/zac/88482_lot_24,3,28. Oktober 1921 | VETRI | PORZELLAN; STEINZEUG; FAYENCE
http://w3id.org/zac/88482_lot_28,3,28. Oktober 1921 | PORZELLAN; STEINZEUG; FAYENCE | VETRI
http://w3id.org/zac/88482_lot_29,3,28. Oktober 1921 | VETRI | PORZELLAN; STEINZEUG; FAYENCE
http://w3id.org/zac/88482_lot_35,3,27. Oktober 1921 | OGGETTI IN ORO | PORZELLAN; STEINZEUG; FAYENCE
http://w3id.org/zac/88482_lot_8,3,LAMPADE | STAMPE E INCISIONI | VETRI
http://w3id.org/zac/88488_lot_22,3,MOBEL; TEPPICHE | Mobel; Teppiche | OGGETTI IN RAME | OGGETTI VARI
http://w3id.org/zac/88488_lot_23,3,MOBEL; TEPPICHE | Mobel; Teppiche | OGGETTI IN LEGNO | OGGETTI IN ORO
http://w3id.org/zac/88488_lot_25,3,MOBEL; TEPPICHE | Mobel; Teppiche | MINIATURE | OGGETTI VARI
http://w3id.org/zac/88488_lot_30,3,LAMPADE | Mobel; Teppiche | MOBEL; TEPPICHE | OGGETTI VARI
http://w3id.org/zac/88488_lot_6,3,MOBEL; TEPPICHE | Mobel; Teppiche | OGGETTI IN ORO | OGGETTI IN LEGNO
http://w3id.org/zac/88495_lot_10,3,HANDZEICHNUNGEN; KUPFERSTICHE | OGGETTI IN LEGNO | OGGETTI IN RAME
http://w3id.org/zac/88495_lot_19,3,HANDZEICHNUNGEN; KUPFERSTICHE | OGGETTI IN LEGNO | OGGETTI IN RAME
http://w3id.org/zac/88495_lot_25,3,OGGETTI IN RAME | OGGETTI IN LEGNO | STAMPE E INCISIONI
http://w3id.org/zac/88500_lot_1,3,CORNICI | OGGETTI LACCATI | OGGETTI IN RAME
http://w3id.org/zac/88500_lot_4,3,DIPINTI | MINIATURE | OGGETTI IN LEGNO
http://w3id.org/zac/88504_lot_10,3,ACQUEFORTI | ANTICHITA' | DIPINTI
http://w3id.org/zac/88504_lot_14,3,ANTICHITA' | OGGETTI IN LEGNO | OGGETTI IN RAME
http://w3id.org/zac/88504_lot_15,3,ANTICHITA' | DIPINTI | OGGETTI IN ORO
http://w3id.org/zac/88504_lot_16,3,ANTICHITA' | DIPINTI | VASI
http://w3id.org/zac/88504_lot_17,3,ANTICHITA' | DIPINTI | OGGETTI VARI
http://w3id.org/zac/88504_lot_20,3,ANTICHITA' | DIPINTI | OGGETTI IN LEGNO
http://w3id.org/zac/88504_lot_26,3,ANTICHITA' | DIPINTI | STAMPE E INCISIONI
http://w3id.org/zac/88504_lot_30,3,ANTICHITA' | DIPINTI | VASI
http://w3id.org/zac/88504_lot_33,3,ANTICHITA' | OGGETTI IN LEGNO | OGGETTI IN RAME
http://w3id.org/zac/88504_lot_4,3,ANTICHITA' | DIPINTI | PIATTI
http://w3id.org/zac/88504_lot_5,3,ANTICHITA' | DIPINTI | SCOMPARTI
http://w3id.org/zac/88504_lot_6,3,ANTICHITA' | OGGETTI IN LATTA | OGGETTI IN METALLO
http://w3id.org/zac/88512_lot_I,3,CORNICI | ARREDAMENTI | OGGETTI VARI
http://w3id.org/zac/88519_lot_21,3,DIPINTI | OGGETTI IN LEGNO | OGGETTI VARI
http://w3id.org/zac/88519_lot_23,3,DIPINTI | OGGETTI IN LEGNO | STAMPE E INCISIONI
http://w3id.org/zac/88519_lot_43,3,DIPINTI | OGGETTI VARI | OGGETTI IN RAME
http://w3id.org/zac/88521_lot_18,3,MAIOLICHE | OGGETTI IN LATTA | PORCELLANE
http://w3id.org/zac/88521_lot_2,3,ABITI | OGGETTI IN LATTA | STAMPE E INCISIONI
http://w3id.org/zac/88532_lot_15,3,DIPINTI | OGGETTI IN LEGNO | PORZELLAN; FAYENCE; KUNSTGEWERBLICHE ARBEITEN
http://w3id.org/zac/88532_lot_16,3,DIPINTI | OGGETTI VARI | PORZELLAN; FAYENCE; KUNSTGEWERBLICHE ARBEITEN
http://w3id.org/zac/88532_lot_17,3,DIPINTI | OGGETTI IN ORO | PORZELLAN; FAYENCE; KUNSTGEWERBLICHE ARBEITEN
http://w3id.org/zac/88532_lot_18,3,DIPINTI | OGGETTI IN ORO | PORZELLAN; FAYENCE; KUNSTGEWERBLICHE ARBEITEN
http://w3id.org/zac/88532_lot_26,3,DIPINTI | OGGETTI VARI | OGGETTI IN ORO
http://w3id.org/zac/88532_lot_27,3,DIPINTI | PORZELLAN; FAYENCE; KUNSTGEWERBLICHE ARBEITEN | SCATOLE
http://w3id.org/zac/88532_lot_29,3,DIPINTI | MINIATURE | PORZELLAN; FAYENCE; KUNSTGEWERBLICHE ARBEITEN
http://w3id.org/zac/88532_lot_30,3,DIPINTI | MINIATURE | PORZELLAN; FAYENCE; KUNSTGEWERBLICHE ARBEITEN
http://w3id.org/zac/88532_lot_33,3,DIPINTI | OGGETTI IN ORO | PORZELLAN; FAYENCE; KUNSTGEWERBLICHE ARBEITEN
http://w3id.org/zac/88532_lot_34,3,DIPINTI | OGGETTI IN ORO | PORZELLAN; FAYENCE; KUNSTGEWERBLICHE ARBEITEN
http://w3id.org/zac/88532_lot_35,3,COPPE | DIPINTI | SCOMPARTI
http://w3id.org/zac/88532_lot_36,3,DIPINTI | PIATTI | PORZELLAN; FAYENCE; KUNSTGEWERBLICHE ARBEITEN
http://w3id.org/zac/88532_lot_5,3,DIPINTI | OGGETTI IN LEGNO | PORZELLAN; FAYENCE; KUNSTGEWERBLICHE ARBEITEN
http://w3id.org/zac/88532_lot_7,3,DIPINTI | OGGETTI LACCATI | SPECCHI
http://w3id.org/zac/88532_lot_9,3,CORNICI | DIPINTI | PORZELLAN; FAYENCE; KUNSTGEWERBLICHE ARBEITEN
http://w3id.org/zac/88543_lot_12,3,ARTI GRAFICHE | OGGETTI D'ARTE ORIENTALE | STAMPE E INCISIONI
http://w3id.org/zac/88543_lot_14,3,ACQUEFORTI | OGGETTI D'ARTE ORIENTALE | OGGETTI IN LEGNO
http://w3id.org/zac/88543_lot_18,3,ARTI GRAFICHE | OGGETTI D'ARTE ORIENTALE | OGGETTI IN LEGNO
http://w3id.org/zac/88543_lot_5,3,ARTI GRAFICHE | ACQUEFORTI | OGGETTI D'ARTE ORIENTALE
http://w3id.org/zac/88543_lot_6,3,OGGETTI D'ARTE ORIENTALE | STAMPE E INCISIONI | PIATTI
http://w3id.org/zac/88543_lot_7,3,ARTI GRAFICHE | OGGETTI D'ARTE ORIENTALE | STAMPE E INCISIONI
http://w3id.org/zac/88547_lot_10,3,Porzellan; Gruppen; Figuren; Geschirr | VETRI | PORCELLANE
http://w3id.org/zac/88547_lot_12,3,OGGETTI IN ORO | Porzellan; Gruppen; Figuren; Geschirr | PORCELLANE
http://w3id.org/zac/88547_lot_16,3,MAIOLICHE | PORCELLANE | Porzellan; Gruppen; Figuren; Geschirr
http://w3id.org/zac/88547_lot_5,3,Porzellan; Gruppen; Figuren; Geschirr | PORCELLANE | VETRI
http://w3id.org/zac/88547_lot_8,3,OGGETTI IN ORO | VETRI | Porzellan; Gruppen; Figuren; Geschirr
http://w3id.org/zac/88550_lot_12,3,DIPINTI | OGGETTI IN LATTA | VETRI
http://w3id.org/zac/88550_lot_18,3,DIPINTI | OGGETTI IN METALLO | VETRI
http://w3id.org/zac/88550_lot_6,3,ACQUEFORTI | DIPINTI | OGGETTI IN LEGNO
http://w3id.org/zac/88553_lot_5,3,CANDELABRI | OGGETTI IN ORO | OGGETTI IN LEGNO
http://w3id.org/zac/88554_lot_2,3,CORNICI | MOBILI | TAPPETI
http://w3id.org/zac/88557_lot_6,3,CANDELABRI | OGGETTI D'ARTE ORIENTALE | OGGETTI VARI
http://w3id.org/zac/88565_lot_1,3,MOBILI | Elfenbein; Miniaturen; Kleinkunst | OGGETTI IN LATTA
http://w3id.org/zac/88565_lot_12,3,MOBILI | Elfenbein; Miniaturen; Kleinkunst | SCATOLE
http://w3id.org/zac/88565_lot_16,3,MOBILI | Elfenbein; Miniaturen; Kleinkunst | OGGETTI IN LEGNO
http://w3id.org/zac/88565_lot_27,3,MOBILI | Elfenbein; Miniaturen; Kleinkunst | OGGETTI IN RAME
http://w3id.org/zac/88565_lot_31,3,Elfenbein; Miniaturen; Kleinkunst | MOBILI | OGGETTI VARI
http://w3id.org/zac/88605_lot_13,3,BIANCHERIA | MOBILI | OGGETTI VARI
http://w3id.org/zac/88605_lot_14,3,MOBILI | OGGETTI VARI | PIATTI
http://w3id.org/zac/88605_lot_19,3,MOBILI | OGGETTI VARI | VASI
http://w3id.org/zac/88607_lot_13,3,TEPPICHE; TEXTILIEN | Porzellane; Fayence; Steinzeug | Teppiche; Textilien | PORCELLANE
http://w3id.org/zac/88607_lot_14,3,TAPPETI | PORCELLANE | Porzellane; Fayence; Steinzeug
http://w3id.org/zac/88607_lot_19,3,OGGETTI VARI | Teppiche; Textilien | TEPPICHE; TEXTILIEN | PORCELLANE
http://w3id.org/zac/88607_lot_20,3,ARREDAMENTI | OGGETTI VARI | Porzellane; Fayence; Steinzeug
http://w3id.org/zac/88607_lot_5,3,ARREDAMENTI | OGGETTI VARI | PIATTI
http://w3id.org/zac/88607_lot_7,3,LAMPADE | OGGETTI VARI | TEPPICHE; TEXTILIEN | Teppiche; Textilien
http://w3id.org/zac/88609_lot_100,3,OGGETTI LACCATI | OGGETTI IN METALLO | TESSUTI
http://w3id.org/zac/88609_lot_115,3,OGGETTI IN METALLO | TAPPETI | TESSUTI
http://w3id.org/zac/88609_lot_12,3,ARMI | OGGETTI IN FERRO | TESSUTI
http://w3id.org/zac/88609_lot_15,3,ARMI | OGGETTI D'ARTE ORIENTALE | OGGETTI IN METALLO
http://w3id.org/zac/88609_lot_150,3,OGGETTI D'ARTE ORIENTALE | TESSUTI | TAPPETI
http://w3id.org/zac/88609_lot_24,3,ARMI | OGGETTI D'ARTE ORIENTALE | OGGETTI IN METALLO
http://w3id.org/zac/88609_lot_3,3,OGGETTI IN METALLO | TESSUTI | TAPPETI
http://w3id.org/zac/88609_lot_31,3,OGGETTI D'ARTE ORIENTALE | OGGETTI LACCATI | OGGETTI IN METALLO
http://w3id.org/zac/88609_lot_500,3,MOBILI | DIPINTI | OGGETTI IN METALLO
http://w3id.org/zac/88609_lot_55,3,ARMI | OGGETTI IN METALLO | OGGETTI LACCATI
http://w3id.org/zac/88609_lot_65,3,ARMI | OGGETTI LACCATI | OGGETTI IN METALLO
http://w3id.org/zac/88609_lot_75,3,ARMI | MOBILI | VETRI
http://w3id.org/zac/88609_lot_80,3,ARMI | OGGETTI LACCATI | OGGETTI IN METALLO
http://w3id.org/zac/88609_lot_85,3,ARMI | OGGETTI LACCATI | OGGETTI IN METALLO
http://w3id.org/zac/88615_lot_13,3,DISEGNI | OGGETTI IN PIOMBO | OGGETTI IN LEGNO
http://w3id.org/zac/88615_lot_17,3,ANTICHITA' | DISEGNI | OGGETTI IN LEGNO
http://w3id.org/zac/88615_lot_21,3,DISEGNI | OGGETTI IN PIOMBO | OGGETTI IN LEGNO
http://w3id.org/zac/88615_lot_22,3,ARTI GRAFICHE | DISEGNI | OGGETTI IN PIOMBO
http://w3id.org/zac/88615_lot_5,3,DISEGNI | OGGETTI IN LEGNO | OGGETTI IN PIOMBO
http://w3id.org/zac/88615_lot_7,3,DISEGNI | OGGETTI IN PIOMBO | OGGETTI IN LEGNO
http://w3id.org/zac/88616_lot_I,3,CAMINI | OGGETTI IN LEGNO | OGGETTI IN RAME
http://w3id.org/zac/88618_lot_5,3,CORNICI | CERAMICHE | BRONZE; KUPFER; MESSING; ZINN; TEXTILIEN; FAYENCE-SCHUSSELN
http://w3id.org/zac/88626_lot_8,3,OGGETTI IN LEGNO | OGGETTI IN PIOMBO | OGGETTI VARI
http://w3id.org/zac/88630_lot_I,3,DIPINTI | SCULTURE | STAMPE E INCISIONI
http://w3id.org/zac/88636_lot_6,3,ACQUEFORTI | ARGENTI | Kupferstiche; Radierungen
http://w3id.org/zac/88638_lot_5,3,MOBILI | OGGETTI LACCATI | TEPPICHE; FLAMISCHER WANDTEPPICH
http://w3id.org/zac/88638_lot_6,3,FOTOGRAFIE | MOBILI | TEPPICHE; FLAMISCHER WANDTEPPICH
http://w3id.org/zac/88638_lot_7,3,MOBILI | OGGETTI IN LEGNO | TEPPICHE; FLAMISCHER WANDTEPPICH
http://w3id.org/zac/88638_lot_8,3,MOBILI | TEPPICHE; FLAMISCHER WANDTEPPICH | TAPPETI
http://w3id.org/zac/88642_lot_16,3,AVORI | SCATOLE | TASCHENUHREN ROKOKO; CHATELAINEN
http://w3id.org/zac/88642_lot_I,3,DIPINTI | MOBILI | TASCHENUHREN ROKOKO; CHATELAINEN
http://w3id.org/zac/88646_lot_14,3,ARGENTI | MOBEL; HOLZSCHNITZEREIEN; PORZELLAN; FAYENCEN | PERSERTEPPICHE; KELIMS
http://w3id.org/zac/88646_lot_20,3,MOBEL; HOLZSCHNITZEREIEN; PORZELLAN; FAYENCEN | PERSERTEPPICHE; KELIMS | PORZELLAN; BRONZEN; GLAS
http://w3id.org/zac/88646_lot_22,3,MOBEL; HOLZSCHNITZEREIEN; PORZELLAN; FAYENCEN | PERSERTEPPICHE; KELIMS | SCATOLE
http://w3id.org/zac/88646_lot_23,3,MOBEL; HOLZSCHNITZEREIEN; PORZELLAN; FAYENCEN | OGGETTI IN ORO | PORZELLAN; BRONZEN; GLAS
http://w3id.org/zac/88646_lot_25,3,MOBEL; HOLZSCHNITZEREIEN; PORZELLAN; FAYENCEN | PERSERTEPPICHE; KELIMS | SCATOLE
http://w3id.org/zac/88652_lot_10,3,CERAMICHE | Irdengut; Steinzeug; Steingut | OGGETTI IN ORO
http://w3id.org/zac/88652_lot_100,3,Gobelin; Knupfteppiche | OGGETTI IN METALLO | VETRI
http://w3id.org/zac/88652_lot_16,3,OGGETTI IN LATTA | OGGETTI VARI | PORCELLANE
http://w3id.org/zac/88652_lot_160,3,Gobelin; Knupfteppiche | OGGETTI IN LATTA | PLACCHETTE
http://w3id.org/zac/88652_lot_3,3,CERAMICHE | DIPINTI | OGGETTI VARI
http://w3id.org/zac/88652_lot_30,3,CERAMICHE | OGGETTI IN LATTA | VASI
http://w3id.org/zac/88652_lot_31,3,ARGENTI | MOBILI | OGGETTI IN LATTA
http://w3id.org/zac/88652_lot_35,3,BRONZI | OGGETTI IN LATTA | TESSUTI
http://w3id.org/zac/88652_lot_4,3,BRONZI | ARTI GRAFICHE | OGGETTI IN LATTA
http://w3id.org/zac/88652_lot_7,3,Irdengut; Steinzeug; Steingut | OGGETTI IN LATTA | VASI
http://w3id.org/zac/88655_lot_5,3,OGGETTI IN LEGNO | VETRI | TESSUTI
http://w3id.org/zac/88657_lot_14,3,MERLETTI | MOBILIAR; PORZELLAN; FAYENCE; METALLARBEITEN | OGGETTI IN ORO
http://w3id.org/zac/88657_lot_6,3,MERLETTI | MOBILIAR; PORZELLAN; FAYENCE; METALLARBEITEN | MINIATUREN; TEXTILIEN; SPITZEN; PERSERTEPPICHE
http://w3id.org/zac/88657_lot_7,3,MINIATUREN; TEXTILIEN; SPITZEN; PERSERTEPPICHE | MOBILIAR; PORZELLAN; FAYENCE; METALLARBEITEN | SCOMPARTI
http://w3id.org/zac/88661_lot_17,3,ANTIQUITATEN; GEMALDE | PIATTI | STAMPE E INCISIONI
http://w3id.org/zac/88661_lot_19,3,ANTIQUITATEN; GEMALDE | OGGETTI IN RAME | VASI
http://w3id.org/zac/88661_lot_2,3,CORNICI | Holzplastik; Perserteppiche; Gemalde | OGGETTI IN LEGNO
http://w3id.org/zac/88661_lot_3,3,ANTIQUITATEN; GEMALDE | Holzplastik; Perserteppiche; Gemalde | LAMPADE
http://w3id.org/zac/88661_lot_7,3,ANTIQUITATEN; GEMALDE | CORNICI | Holzplastik; Perserteppiche; Gemalde
http://w3id.org/zac/88661_lot_9,3,Holzplastik; Perserteppiche; Gemalde | DIPINTI | OGGETTI IN ORO
http://w3id.org/zac/88665_lot_18,3,Fayencen; Porzellan | OGGETTI IN LEGNO | Ton; Steinzeug; Glas
http://w3id.org/zac/88672_lot_8,3,KUNSTGEWERBE; SKULPTUREN | OGGETTI VARI | VASI
http://w3id.org/zac/88679_lot_9,3,ANTICHITA' | Gobelins; Perserteppiche | TERRECOTTE
http://w3id.org/zac/88681_lot_5,3,ARAZZI | ARGENTI | TERRECOTTE
http://w3id.org/zac/88681_lot_8,3,ARGENTI | ARAZZI | TERRECOTTE
http://w3id.org/zac/88681_lot_9,3,ARGENTI | OGGETTI IN LATTA | TERRECOTTE
http://w3id.org/zac/88690_lot_105,3,Gobelins; Teppiche | MOBILI | SILBER; SCHMUCK | Silber; Schmuck
http://w3id.org/zac/88690_lot_130,3,ARMI | LAMPADE | SCATOLE
http://w3id.org/zac/88690_lot_145,3,Dosen; Flakons | DIPINTI | OGGETTI IN METALLO
http://w3id.org/zac/88690_lot_150,3,AVORI | DIPINTI | SCATOLE
http://w3id.org/zac/88690_lot_20,3,CORNICI | OGGETTI IN METALLO | PORCELLANE
http://w3id.org/zac/88690_lot_250,3,Leder; Holzarbeiten | MOBILI | OGGETTI IN METALLO
http://w3id.org/zac/88690_lot_300,3,MOBILI | MINIATURE | PORCELLANE
http://w3id.org/zac/88690_lot_35,3,ARMI | OGGETTI IN METALLO | PORCELLANE
http://w3id.org/zac/88690_lot_350,3,Gobelins; Teppiche | Leder; Holzarbeiten | OGGETTI IN LEGNO
http://w3id.org/zac/88692_lot_11,3,MOBILI | OGGETTI VARI | VASI
http://w3id.org/zac/88692_lot_13,3,MOBILI | OGGETTI IN ORO | SCOMPARTI
http://w3id.org/zac/88692_lot_14,3,CANDELABRI | MOBILI | OGGETTI IN LEGNO
http://w3id.org/zac/88692_lot_15,3,BANDIERE | MOBILI | OGGETTI IN LEGNO
http://w3id.org/zac/88692_lot_17,3,ALABASTRI | MOBILI | OGGETTI IN RAME
http://w3id.org/zac/88692_lot_18,3,MOBILI | OGGETTI VARI | OGGETTI IN METALLO
http://w3id.org/zac/88692_lot_2,3,MOBILI | OGGETTI VARI | OGGETTI IN LEGNO
http://w3id.org/zac/88692_lot_20,3,MOBILI | OGGETTI IN LEGNO | PIATTI
http://w3id.org/zac/88692_lot_25,3,MOBILI | OGGETTI IN RAME | OGGETTI IN LEGNO
http://w3id.org/zac/88692_lot_29,3,FOTOGRAFIE | OGGETTI IN LEGNO | VASI
http://w3id.org/zac/88692_lot_3,3,CAMINI | MOBILI | OGGETTI VARI
http://w3id.org/zac/88692_lot_32,3,MOBILI | OGGETTI IN METALLO | OGGETTI IN LEGNO
http://w3id.org/zac/88692_lot_33,3,LAMPADE | OGGETTI IN LEGNO | SCATOLE
http://w3id.org/zac/88692_lot_6,3,CORNICI | MOBILI | OGGETTI VARI
http://w3id.org/zac/88692_lot_8,3,MOBILI | OGGETTI IN LEGNO | OGGETTI VARI
http://w3id.org/zac/88696_lot_2,3,ANTICHITA' | OGGETTI IN RAME | OGGETTI IN LEGNO
http://w3id.org/zac/88697_lot_10,3,BRONZI | PIATTI | PORCELLANE
http://w3id.org/zac/88697_lot_5,3,CERAMICHE | BRONZI | PORCELLANE
http://w3id.org/zac/88701_lot_2,3,CRISTALLI | TESSUTI | Steinzeug; Fayence | STEINZEUG; FAYENCE
http://w3id.org/zac/88702_lot_21,3,OGGETTI IN LATTA | PIATTI | PORCELLANE
http://w3id.org/zac/88702_lot_22,3,MAIOLICHE | TAPPETI | PIATTI
http://w3id.org/zac/88702_lot_4,3,PIATTI | TESSUTI | PORCELLANE
http://w3id.org/zac/88702_lot_6,3,OGGETTI IN LEGNO | OGGETTI IN LATTA | PORCELLANE
http://w3id.org/zac/88705_lot_10,3,OGGETTI IN ORO | PORZELLAN; FAYENCEN; MAJOLIKA | PORZELLAN; BRONZEN; LACKARBEITEN
http://w3id.org/zac/88705_lot_13,3,CORNICI | OGGETTI IN ORO | PORZELLAN; BRONZEN; LACKARBEITEN
http://w3id.org/zac/88705_lot_15,3,BIANCHERIA | PORZELLAN; FAYENCEN; MAJOLIKA | PORZELLAN; BRONZEN; LACKARBEITEN
http://w3id.org/zac/88705_lot_18,3,PORCELLANE | PORZELLAN; FAYENCEN; MAJOLIKA | PORZELLAN; BRONZEN; LACKARBEITEN
http://w3id.org/zac/88705_lot_2,3,SPECCHI | PIATTI | PORZELLAN; FAYENCEN; MAJOLIKA
http://w3id.org/zac/88705_lot_3,3,BRONZI | PORZELLAN; FAYENCEN; MAJOLIKA | PORZELLAN; BRONZEN; LACKARBEITEN
http://w3id.org/zac/88705_lot_7,3,OGGETTI VARI | PORZELLAN; BRONZEN; LACKARBEITEN | PORZELLAN; FAYENCEN; MAJOLIKA
http://w3id.org/zac/88705_lot_8,3,OGGETTI VARI | PORZELLAN; FAYENCEN; MAJOLIKA | PORZELLAN; BRONZEN; LACKARBEITEN
http://w3id.org/zac/88705_lot_9,3,OGGETTI IN ORO | PORZELLAN; FAYENCEN; MAJOLIKA | PORZELLAN; BRONZEN; LACKARBEITEN
http://w3id.org/zac/88709_lot_14,3,ARAZZI | DIPINTI | OGGETTI VARI
http://w3id.org/zac/88709_lot_17,3,ARAZZI | DIPINTI | STAMPE E INCISIONI
http://w3id.org/zac/88709_lot_18,3,ARAZZI | DIPINTI | OGGETTI IN LEGNO
http://w3id.org/zac/88709_lot_21,3,ARAZZI | DIPINTI | MINIATURE
http://w3id.org/zac/88709_lot_23,3,DIPINTI | MAIOLICHE | OGGETTI IN LEGNO
http://w3id.org/zac/88709_lot_24,3,ARAZZI | DIPINTI | OGGETTI VARI
http://w3id.org/zac/88709_lot_28,3,DIPINTI | OGGETTI IN LEGNO | STAMPE E INCISIONI
http://w3id.org/zac/88709_lot_4,3,ARAZZI | CORNICI | DIPINTI
http://w3id.org/zac/88709_lot_6,3,ARAZZI | DIPINTI | OGGETTI IN LEGNO
http://w3id.org/zac/88712_lot_I,3,MOBILI | OGGETTI IN LEGNO | SPECCHI
http://w3id.org/zac/88716_lot_18,3,LAMPADE | KLEINMOBEL; BRONZEN; CHINAPORZELLAN; KANDELABER; APPLIQUES; LUSTER; PLASTIK | DISEGNI
http://w3id.org/zac/88716_lot_3,3,HANDZEICHNUNGEN; KUPFERSTICHE; GEMALDE | KLEINMOBEL; BRONZEN; CHINAPORZELLAN; KANDELABER; APPLIQUES; LUSTER; PLASTIK | OGGETTI IN RAME
http://w3id.org/zac/88716_lot_6,3,CANDELABRI | HANDZEICHNUNGEN; KUPFERSTICHE; GEMALDE | SCOMPARTI
http://w3id.org/zac/88716_lot_7,3,HANDZEICHNUNGEN; KUPFERSTICHE; GEMALDE | Mobel; Teppiche | KLEINMOBEL; BRONZEN; CHINAPORZELLAN; KANDELABER; APPLIQUES; LUSTER; PLASTIK | MOBEL; TEPPICHE
http://w3id.org/zac/88718_lot_2,3,CORNICI | DISEGNI | OGGETTI IN LEGNO
http://w3id.org/zac/88723_lot_15,3,ARTI GRAFICHE | OGGETTI IN PIOMBO | TESSUTI
http://w3id.org/zac/88723_lot_18,3,DISEGNI | OGGETTI IN LATTA | TESSUTI
http://w3id.org/zac/88723_lot_6,3,ARTI GRAFICHE | DISEGNI | LAMPADE
http://w3id.org/zac/88730_lot_I,3,CORNICI | COPPE | OGGETTI VARI
http://w3id.org/zac/88739_lot_378,3,GRAPHIK; GEMALDE | OGGETTI IN RAME | OGGETTI IN LEGNO
http://w3id.org/zac/88741_lot_2,3,DIPINTI | OGGETTI IN METALLO | SCULTURE
http://w3id.org/zac/88741_lot_34,3,DISEGNI | OGGETTI VARI | SCULTURE
http://w3id.org/zac/88743_lot_20,3,ARGENTI | MOBILI | OGGETTI IN LATTA
http://w3id.org/zac/88743_lot_24,3,ARMI | LAMPADE | OGGETTI VARI
http://w3id.org/zac/88743_lot_25,3,LAMPADE | OGGETTI IN LATTA | OGGETTI VARI
http://w3id.org/zac/88745_lot_14,3,OGGETTI VARI | TEPPICHE; DECKEN | SILBER; SCHMUCK | Silber; Schmuck
http://w3id.org/zac/88745_lot_20,3,ORIGINALRADIERUNGEN; REPRODUKTIONEN; PRACHTWERKE; BUCHER | STICHE; GEMALDE; PLASTIK | VASI
http://w3id.org/zac/88745_lot_26,3,METALL; STEIN; GLAS | MOBILI | Silber; Schmuck | SILBER; SCHMUCK
http://w3id.org/zac/88745_lot_27,3,BRONZI | MOBILI | SILBER; SCHMUCK | Silber; Schmuck
http://w3id.org/zac/88745_lot_29,3,METALL; STEIN; GLAS | LAMPADE | Silber; Schmuck | SILBER; SCHMUCK
http://w3id.org/zac/88745_lot_30,3,METALL; STEIN; GLAS | MOBILI | SILBER; SCHMUCK | Silber; Schmuck
http://w3id.org/zac/88751_lot_6,3,HANDZEICHNUNGEN  AQUARELLE UND GRAPHIK | OGGETTI IN LEGNO | STAMPE E INCISIONI
http://w3id.org/zac/88755_lot_4,3,CORNICI | MOBILI | Siberarbeiten; Mobel
http://w3id.org/zac/88756_lot_18,3,Mobel; Beleuchtungen | MOBEL; BELEUCHTUNGEN | PLASTIK; SCHNITZEREIEN | TEXTILIEN; TEPPICHE; AUBUSSONS
http://w3id.org/zac/88761_lot_5,3,ARTI GRAFICHE | Irdengut; Steinzeug | STAMPE E INCISIONI
http://w3id.org/zac/88764_lot_10,3,TEPPICHE; TEXTILIEN | SCATOLE | VETRI | Teppiche; Textilien
http://w3id.org/zac/88764_lot_11,3,OGGETTI VARI | TEPPICHE; TEXTILIEN | SCATOLE | Teppiche; Textilien
http://w3id.org/zac/88764_lot_2,3,OGGETTI VARI | Teppiche; Textilien | TAPPETI | TEPPICHE; TEXTILIEN
http://w3id.org/zac/88764_lot_9,3,OGGETTI VARI | VETRI | Teppiche; Textilien | TEPPICHE; TEXTILIEN
http://w3id.org/zac/88770_lot_22,3,MOBILI | OGGETTI VARI | SCOMPARTI
http://w3id.org/zac/88773_lot_4,3,FOTOGRAFIE | Keramik; Fayence | PORCELLANE
http://w3id.org/zac/88781_lot_I,3,BRONZI | GLAS; PORZELLAN; FAYENCE | Glas; Porzellan; Fayence | SILBER; KUNSTGEWERBE
http://w3id.org/zac/88782_lot_596,3,CERAMICHE | OGGETTI IN LATTA | PIATTI
http://w3id.org/zac/88783_lot_1,3,MOBILI | OGGETTI IN PELLE | OGGETTI VARI
http://w3id.org/zac/88783_lot_120,3,ARMI | OGGETTI IN LEGNO | VETRI
http://w3id.org/zac/88783_lot_126,3,OGGETTI IN METALLO | VETRI | VASI
http://w3id.org/zac/88783_lot_140,3,GIOIELLI | VETRI | Porzellan; Steingut
http://w3id.org/zac/88783_lot_160,3,ARMI | VASI | Porzellan; Steingut
http://w3id.org/zac/88783_lot_21,3,GIOIELLI | OGGETTI IN PELLE | VETRI
http://w3id.org/zac/88783_lot_23,3,MAIOLICHE | GIOIELLI | Porzellan; Bronzen
http://w3id.org/zac/88783_lot_25,3,GIOIELLI | MOBILI | VETRI
http://w3id.org/zac/88783_lot_3,3,OGGETTI IN LEGNO | SCATOLE | VETRI
http://w3id.org/zac/88783_lot_300,3,ARMI | MOBILI | OGGETTI VARI
http://w3id.org/zac/88783_lot_33,3,ARMI | GIOIELLI | MAIOLICHE
http://w3id.org/zac/88783_lot_50,3,MAIOLICHE | MOBILI | Porzellan; Bronzen
http://w3id.org/zac/88785_lot_4,3,CERAMICHE | MOBILI | OGGETTI IN LEGNO
http://w3id.org/zac/88788_lot_I,3,ARREDAMENTI | Ceres und Bacchus | MOBILI
http://w3id.org/zac/88790_lot_11,3,ANTICHITA' | OGGETTI D'ARTE ORIENTALE | PORCELLANE
http://w3id.org/zac/88790_lot_12,3,ANTICHITA' | OGGETTI D'ARTE ORIENTALE | SPECCHI
http://w3id.org/zac/88790_lot_3,3,ANTICHITA' | OGGETTI D'ARTE ORIENTALE | OGGETTI IN LEGNO
http://w3id.org/zac/88790_lot_4,3,ANTICHITA' | OGGETTI D'ARTE ORIENTALE | PORCELLANE
http://w3id.org/zac/88790_lot_6,3,ANTICHITA' | OGGETTI D'ARTE ORIENTALE | PORCELLANE
http://w3id.org/zac/88790_lot_8,3,ANTICHITA' | OGGETTI D'ARTE ORIENTALE | PORCELLANE
http://w3id.org/zac/88799_lot_I,3,MOBILI | OGGETTI VARI | STAMPE E INCISIONI
http://w3id.org/zac/88806_lot_16,3,DIPINTI | VETRI | Ton; Steinzeug; Fayence
http://w3id.org/zac/88806_lot_18,3,CAMINI | DIPINTI | PIATTI
http://w3id.org/zac/88806_lot_I,3,DIPINTI | OGGETTI IN METALLO | SCULTURE
http://w3id.org/zac/88814_lot_180,3,TERRECOTTE | PORCELLANE | VETRI
http://w3id.org/zac/90052_lot_7,3,MINIATURE | OGGETTI VARI | VASI
http://w3id.org/zac/90052_lot_9,3,ARREDAMENTI | CORNICI | VASI
http://w3id.org/zac/90052_lot_I,3,CORNICI | OGGETTI VARI | PIATTI
http://w3id.org/zac/90087_lot_11,3,LIBRI | GIOIELLI | TERRECOTTE
http://w3id.org/zac/90087_lot_130,3,MERLETTI | OGGETTI VARI | OGGETTI IN FERRO
http://w3id.org/zac/90087_lot_1600,3,GIOIELLI | OGGETTI IN LEGNO | Samte; Brokate; Damaste; Stickereien; Spitzen
http://w3id.org/zac/90087_lot_17,3,JAGDBESTECKE; JAGDUTENSILIEN | OGGETTI IN ORO | TERRECOTTE
http://w3id.org/zac/90087_lot_180,3,ARBEITEN IN BRONZE; MESSING; KUPFER | GIOIELLI | OGGETTI IN FERRO
http://w3id.org/zac/90087_lot_240,3,MEDAGLIE | Dosen; Bichschen | TABACCHIERE
http://w3id.org/zac/90087_lot_300,3,MEDAGLIE | OGGETTI VARI | VETRI
http://w3id.org/zac/90087_lot_39,3,ARBEITEN IN BRONZE; MESSING; KUPFER | OGGETTI IN LEGNO | TERRECOTTE
http://w3id.org/zac/90087_lot_400,3,GIOIELLI | JAGDBESTECKE; JAGDUTENSILIEN | OGGETTI IN LEGNO
http://w3id.org/zac/90087_lot_45,3,Fayencen; Majoliken | ROSENKRANZE; ROSENKRANZANHANGER | VETRI
http://w3id.org/zac/90087_lot_53,3,ARMI | MAIOLICHE | OGGETTI IN LEGNO
http://w3id.org/zac/90087_lot_59,3,LIBRI | Fayencen; Majoliken | SCATOLE
http://w3id.org/zac/90087_lot_95,3,Fayencen; Majoliken | STAGNI | VASI
http://w3id.org/zac/90087_lot_96,3,ARBEITEN IN BRONZE; MESSING; KUPFER | Samte; Brokate; Damaste; Stickereien; Spitzen | VETRI
http://w3id.org/zac/90088_lot_18,3,ARREDAMENTI | ABITI | ROBES; COSTUMES
http://w3id.org/zac/B1210_lot_10,3,BASSORILIEVI | MINIATURE | OGGETTI VARI
http://w3id.org/zac/B1210_lot_11,3,BISCOTTI | MINIATURE | OGGETTI IN LEGNO
http://w3id.org/zac/B1210_lot_4,3,OGGETTI VARI | OGGETTI IN LEGNO | SCOMPARTI
http://w3id.org/zac/B1210_lot_6,3,MINIATURE | OGGETTI IN LEGNO | STAMPE E INCISIONI
http://w3id.org/zac/B1210_lot_8,3,MINIATURE | OGGETTI IN LEGNO | SCOMPARTI
http://w3id.org/zac/B15101_lot_168,3,BISCOTTI | DIPINTI | OGGETTI IN LEGNO
http://w3id.org/zac/B15101_lot_17,3,DECORAZIONI DA PARETE | DIPINTI | VASI
http://w3id.org/zac/B15101_lot_18,3,DIPINTI | LAMPADE | OGGETTI IN LEGNO
http://w3id.org/zac/B15101_lot_4,3,DIPINTI | TABACCHIERE | PORCELLANE
http://w3id.org/zac/B15101_lot_56,3,PANNELLI | VASI | PORCELLANE
http://w3id.org/zac/B2246_lot_11,3,ARMI | MARMI | SCOMPARTI
http://w3id.org/zac/B2246_lot_12,3,LUSTRI | MARMI | PORCELLANE
http://w3id.org/zac/B2246_lot_13,3,BRONZI | MARMI | SCOMPARTI
http://w3id.org/zac/44434_lot_2,2,MAIOLICHE | MOBILI
http://w3id.org/zac/4454_lot_1,2,BIANCHERIA | OGGETTI VARI
http://w3id.org/zac/4454_lot_10,2,BRONZI | OGGETTI IN LEGNO
http://w3id.org/zac/4454_lot_13,2,BRONZI | OGGETTI VARI
http://w3id.org/zac/4454_lot_5,2,BRONZI | SCOMPARTI
http://w3id.org/zac/44578_lot_I,2,OGGETTI VARI | STRUMENTI SCIENTIFICI
http://w3id.org/zac/4466_lot_16,2,BASSORILIEVI | VASI
http://w3id.org/zac/4466_lot_7,2,BISCOTTI | VASI
http://w3id.org/zac/4466_lot_9,2,CORNICI | VASI
http://w3id.org/zac/4554_lot_1,2,MOBILI | OGGETTI IN LEGNO
http://w3id.org/zac/4554_lot_11,2,ARAZZI | PANNELLI
http://w3id.org/zac/4554_lot_12,2,ARAZZI | OGGETTI VARI
http://w3id.org/zac/4554_lot_150,2,ARAZZI | MOBILI
http://w3id.org/zac/4554_lot_250,2,MOBILI | PIATTI
http://w3id.org/zac/4554_lot_36,2,ARAZZI | MOBILI
http://w3id.org/zac/4554_lot_46,2,ARREDAMENTI | MOBILI
http://w3id.org/zac/4554_lot_48,2,ARAZZI | MOBILI
http://w3id.org/zac/4554_lot_554,2,BIANCHERIA | OGGETTI VARI
http://w3id.org/zac/4554_lot_655,2,BIANCHERIA | OGGETTI VARI
http://w3id.org/zac/4554_lot_66,2,ARAZZI | MOBILI
http://w3id.org/zac/4554_lot_753,2,ARAZZI | OGGETTI VARI
http://w3id.org/zac/4554_lot_78,2,ARAZZI | MOBILI
http://w3id.org/zac/4554_lot_796,2,BISCOTTI | ARAZZI
http://w3id.org/zac/4554_lot_797,2,ARAZZI | OGGETTI VARI
http://w3id.org/zac/4554_lot_803,2,MINIATURE | OGGETTI VARI
http://w3id.org/zac/4840_lot_2,2,OGGETTI VARI | PIATTI
http://w3id.org/zac/4840_lot_6,2,PIATTI | OGGETTI IN LEGNO
http://w3id.org/zac/4840_lot_989,2,ARREDAMENTI | OGGETTI IN LEGNO
http://w3id.org/zac/4866_lot_3,2,BOTTIGLIE | MAIOLICHE
http://w3id.org/zac/4866_lot_8,2,MAIOLICHE | VASI
http://w3id.org/zac/4868_lot_13,2,DIPINTI | OGGETTI VARI
http://w3id.org/zac/4868_lot_14,2,BOTTIGLIE | DIPINTI
http://w3id.org/zac/4868_lot_17,2,DIPINTI | OGGETTI VARI
http://w3id.org/zac/4868_lot_177,2,DIPINTI | MOBILI
http://w3id.org/zac/4868_lot_21,2,DIPINTI | MOBILI
http://w3id.org/zac/4868_lot_25,2,MOBILI | OGGETTI VARI
http://w3id.org/zac/4868_lot_26,2,MOBILI | OGGETTI VARI
http://w3id.org/zac/4868_lot_32,2,DIPINTI | OGGETTI VARI
http://w3id.org/zac/4868_lot_331,2,DIPINTI | OGGETTI VARI
http://w3id.org/zac/4868_lot_34,2,DIPINTI | OGGETTI VARI
http://w3id.org/zac/4868_lot_35,2,DIPINTI | OGGETTI VARI
http://w3id.org/zac/4868_lot_36,2,OGGETTI VARI | VASI
http://w3id.org/zac/4868_lot_384,2,DIPINTI | OGGETTI VARI
http://w3id.org/zac/4868_lot_39,2,DIPINTI | OGGETTI VARI
http://w3id.org/zac/4868_lot_40,2,DIPINTI | OGGETTI VARI
http://w3id.org/zac/4868_lot_407,2,DIPINTI | SPECCHI
http://w3id.org/zac/4868_lot_46,2,DIPINTI | OGGETTI VARI
http://w3id.org/zac/4868_lot_47,2,OGGETTI VARI | OGGETTI IN LEGNO
http://w3id.org/zac/4868_lot_48,2,DIPINTI | OGGETTI VARI
http://w3id.org/zac/4868_lot_61,2,CORNICI | OGGETTI VARI
http://w3id.org/zac/4868_lot_63,2,DIPINTI | OGGETTI VARI
http://w3id.org/zac/4868_lot_64,2,OGGETTI VARI | SEDIE
http://w3id.org/zac/4868_lot_65,2,DIPINTI | OGGETTI VARI
http://w3id.org/zac/4868_lot_67,2,DIPINTI | OGGETTI VARI
http://w3id.org/zac/4868_lot_76,2,DIPINTI | OGGETTI VARI
http://w3id.org/zac/4868_lot_78,2,DIPINTI | OGGETTI VARI
http://w3id.org/zac/4972_lot_58,2,STOFFE; TAPPETI | Stoffe; Tappeti | TERRECOTTE | Stoffe; tappeti
http://w3id.org/zac/4972_lot_662,2,MOBILI | POLTRONE
http://w3id.org/zac/50063_lot_416,2,OGGETTI VARI | OGGETTI IN LEGNO
http://w3id.org/zac/50063_lot_445,2,CERAMICHE | ARGENTI
http://w3id.org/zac/50063_lot_616,2,MAIOLICHE | OGGETTI IN LEGNO
http://w3id.org/zac/50063_lot_696,2,PIATTI | PORCELLANE
http://w3id.org/zac/50064_lot_1368,2,OGGETTI VARI | VERRERIE; CRISTAL
http://w3id.org/zac/50064_lot_406,2,MOBILI | PORCELLANE
http://w3id.org/zac/50064_lot_416,2,SCOMPARTI | PORCELLANE
http://w3id.org/zac/50064_lot_5,2,PASTELS; DESSINS | STAMPE E INCISIONI
http://w3id.org/zac/50064_lot_550,2,ARGENTI | PIATTI
http://w3id.org/zac/50064_lot_8,2,GIOIELLI | OGGETTI VARI
http://w3id.org/zac/50064_lot_846,2,OGGETTI VARI | SPECCHI
http://w3id.org/zac/50064_lot_915,2,ACQUEFORTI | OGGETTI VARI
http://w3id.org/zac/50064_lot_946,2,MOBILI | SPECCHI
http://w3id.org/zac/50114_lot_21,2,ORFEVRERIES; BIJOUX; OBJETS DE VITRINE | VELOURS; SOIES; BRODERIES
http://w3id.org/zac/50114_lot_26,2,DIPINTI | SCULTURE
http://w3id.org/zac/50114_lot_28,2,DIPINTI | SCULTURE
http://w3id.org/zac/50114_lot_40,2,DIPINTI | PORCELLANE
http://w3id.org/zac/50115_lot_1,2,BASSORILIEVI | VASI
http://w3id.org/zac/50115_lot_219,2,OGGETTI VARI | VELOURS; SOIES; BRODERIES
http://w3id.org/zac/50115_lot_320,2,PANNELLI | VELOURS; SOIES; BRODERIES
http://w3id.org/zac/50118_lot_150,2,BRONZI | ARAZZI
http://w3id.org/zac/50118_lot_38,2,SCATOLE | SCULTURE
http://w3id.org/zac/50118_lot_39,2,SCULTURE | SCATOLE
http://w3id.org/zac/50118_lot_41,2,MOBILI | SCULTURE
http://w3id.org/zac/50118_lot_46,2,ARMI | SCULTURE
http://w3id.org/zac/50118_lot_49,2,OGGETTI IN FERRO | SCULTURE
http://w3id.org/zac/50118_lot_51,2,SCULTURE | VASI
http://w3id.org/zac/50142_lot_1,2,ART TEXTILE; TAPIS PERSANS | SCULTURE
http://w3id.org/zac/50142_lot_159,2,ART TEXTILE; TAPIS PERSANS | SCULTURE
http://w3id.org/zac/50142_lot_16,2,OGGETTI IN LEGNO | VASI
http://w3id.org/zac/50142_lot_2,2,MAIOLICHE | OGGETTI IN LEGNO
http://w3id.org/zac/50142_lot_30,2,MAIOLICHE | OGGETTI IN LEGNO
http://w3id.org/zac/50142_lot_37,2,PALE D'ALTARE | OGGETTI IN LEGNO
http://w3id.org/zac/50142_lot_4,2,OGGETTI IN LEGNO | ORFEVRERIE; EMAUX; MINIATURES
http://w3id.org/zac/50142_lot_41,2,ORFEVRERIE; EMAUX; MINIATURES | OGGETTI IN LEGNO
http://w3id.org/zac/50142_lot_43,2,MINIATURE | OGGETTI IN LEGNO
http://w3id.org/zac/50142_lot_9,2,OGGETTI IN LEGNO | ORFEVRERIE; EMAUX; MINIATURES
http://w3id.org/zac/50361_lot_101,2,MOBILI | TAPPETI
http://w3id.org/zac/50361_lot_102,2,MOBILI | OGGETTI IN LEGNO
http://w3id.org/zac/50361_lot_105,2,ACQUEFORTI | MOBILI
http://w3id.org/zac/50361_lot_111,2,MOBILI | SCOMPARTI
http://w3id.org/zac/50361_lot_88,2,BASSORILIEVI | OGGETTI D'ARTE ORIENTALE
http://w3id.org/zac/50364_lot_133,2,ARGENTI | STAMPE E INCISIONI
http://w3id.org/zac/50364_lot_136,2,MAIOLICHE | OGGETTI VARI
http://w3id.org/zac/50364_lot_3,2,OGGETTI IN METALLO | OGGETTI VARI
http://w3id.org/zac/50791_lot_10,2,PIATTI | OGGETTI VARI
http://w3id.org/zac/50791_lot_11,2,BASSORILIEVI | OGGETTI IN LEGNO
http://w3id.org/zac/50791_lot_1169,2,BASSORILIEVI | ARREDAMENTI
http://w3id.org/zac/50791_lot_13,2,OGGETTI VARI | SPECCHI
http://w3id.org/zac/50791_lot_14,2,CANDELABRI | OGGETTI IN LEGNO
http://w3id.org/zac/50791_lot_1406,2,BASSORILIEVI | OGGETTI VARI
http://w3id.org/zac/50791_lot_16,2,OGGETTI IN LEGNO | VASI
http://w3id.org/zac/50791_lot_25,2,PIATTI | PANNELLI
http://w3id.org/zac/50791_lot_28,2,PANNELLI | PIATTI
http://w3id.org/zac/50791_lot_685,2,PIATTI | OGGETTI IN LEGNO
http://w3id.org/zac/50791_lot_880,2,OGGETTI VARI | SPECCHI
http://w3id.org/zac/50791_lot_9,2,OGGETTI IN LEGNO | OGGETTI VARI
http://w3id.org/zac/50796_lot_I,2,PALE D'ALTARE | PANNELLI
http://w3id.org/zac/51174_lot_17,2,ARGENTI | MOBILI
http://w3id.org/zac/51174_lot_2,2,BIANCHERIA | POLTRONE
http://w3id.org/zac/51174_lot_7,2,MOBILI | THE AMERICAN ART GALLERIES
http://w3id.org/zac/51176_lot_80,2,FERRO BATTUTO | OGGETTI IN ORO
http://w3id.org/zac/51176_lot_81,2,BRONZI | FERRO BATTUTO
http://w3id.org/zac/51192_lot_274,2,VASI | TAPPETI
http://w3id.org/zac/51205_lot_1,2,OGGETTI LITURGICI | OGGETTI IN METALLO
http://w3id.org/zac/51205_lot_106,2,OGGETTI LITURGICI | SCULTURE
http://w3id.org/zac/51205_lot_12,2,OGGETTI LITURGICI | PORCELLANE
http://w3id.org/zac/51205_lot_18,2,MERLETTI | OGGETTI IN METALLO
http://w3id.org/zac/51205_lot_208,2,OGGETTI VARI | VETRI
http://w3id.org/zac/51205_lot_210,2,VASI | VETRI
http://w3id.org/zac/51205_lot_212,2,VASI | VETRI
http://w3id.org/zac/51205_lot_213,2,VASI | VETRI
http://w3id.org/zac/51205_lot_231,2,AVORI | BIANCHERIA
http://w3id.org/zac/51205_lot_235,2,AVORI | BIANCHERIA
http://w3id.org/zac/51205_lot_253,2,BASSORILIEVI | OGGETTI LITURGICI
http://w3id.org/zac/51205_lot_296,2,FURNITURE; JAPANESE LACQUER | VASI
http://w3id.org/zac/51205_lot_7,2,LAMPADE | POTTERY; PORCELAINS
http://w3id.org/zac/51205_lot_8,2,MERLETTI | POTTERY; PORCELAINS
http://w3id.org/zac/5247_lot_10,2,OGGETTI IN PELTRO | Verres; Cristaux | VERRES; CRISTAUX
http://w3id.org/zac/5247_lot_11,2,OGGETTI IN PELTRO | VERRES; CRISTAUX | Verres; Cristaux
http://w3id.org/zac/5247_lot_13,2,OGGETTI IN PELTRO | Verres; Cristaux | VERRES; CRISTAUX
http://w3id.org/zac/5247_lot_24,2,OGGETTI IN PELTRO | VERRES; CRISTAUX | Verres; Cristaux
http://w3id.org/zac/5247_lot_3,2,MAIOLICHE | OGGETTI IN PELTRO
http://w3id.org/zac/5247_lot_5,2,OGGETTI IN PELTRO | OGGETTI VARI
http://w3id.org/zac/5247_lot_7,2,OGGETTI IN PELTRO | Verres; Cristaux | VERRES; CRISTAUX
http://w3id.org/zac/5247_lot_8,2,OGGETTI IN PELTRO | Verres; Cristaux | VERRES; CRISTAUX
http://w3id.org/zac/5247_lot_9,2,OGGETTI IN PELTRO | Verres; Cristaux | VERRES; CRISTAUX
http://w3id.org/zac/5287_lot_367,2,DIPINTI | OGGETTI IN LEGNO
http://w3id.org/zac/5444_lot_26,2,ARAZZI | OGGETTI IN LEGNO
http://w3id.org/zac/5444_lot_31,2,ARAZZI | PIATTI
http://w3id.org/zac/5444_lot_35,2,ARAZZI | VASI
http://w3id.org/zac/5444_lot_37,2,OGGETTI VARI | OGGETTI IN LEGNO
http://w3id.org/zac/5444_lot_38,2,OGGETTI IN LEGNO | VASI
http://w3id.org/zac/5444_lot_44,2,OGGETTI IN LEGNO | Tapisseries; Etoffes | TAPISSERIES; ETOFFES
http://w3id.org/zac/5444_lot_45,2,BASSORILIEVI | VASI
http://w3id.org/zac/5444_lot_48,2,BASSORILIEVI | OGGETTI IN LEGNO
http://w3id.org/zac/5444_lot_51,2,OGGETTI IN LEGNO | Tableaux; Estampes
http://w3id.org/zac/5444_lot_52,2,Tableaux; Estampes | VASI
http://w3id.org/zac/5444_lot_55,2,Faiences; porcelaines | Faiences; Porcelaines | FAIENCES; PORCELAINES | OGGETTI IN LEGNO
http://w3id.org/zac/5444_lot_64,2,OGGETTI D'ARTE ORIENTALE | VASI
http://w3id.org/zac/5444_lot_65,2,PIATTI | OGGETTI IN LEGNO
http://w3id.org/zac/5444_lot_659,2,DIPINTI | STAMPE E INCISIONI
http://w3id.org/zac/5444_lot_68,2,PORCELLANE | SCULTURE
http://w3id.org/zac/5444_lot_76,2,OGGETTI IN LEGNO | PORCELLANE
http://w3id.org/zac/5444_lot_78,2,DIPINTI | OGGETTI IN LEGNO
http://w3id.org/zac/5541_lot_11,2,COPPE | LAMPADE
http://w3id.org/zac/5541_lot_29,2,LAMPADE | OGGETTI VARI
http://w3id.org/zac/5541_lot_4,2,PIATTI | POLTRONE
http://w3id.org/zac/5541_lot_8,2,VASI | POLTRONE
http://w3id.org/zac/5541_lot_9,2,LAMPADE | SCOMPARTI
http://w3id.org/zac/5570_lot_4,2,LAMPADE | OGGETTI VARI
http://w3id.org/zac/5725_lot_16,2,OGGETTI VARI | PIATTI
http://w3id.org/zac/5725_lot_28,2,OGGETTI IN LEGNO | PIATTI
http://w3id.org/zac/5725_lot_38,2,BAULI | PIATTI
http://w3id.org/zac/5725_lot_4,2,OGGETTI VARI | VASI
http://w3id.org/zac/5725_lot_41,2,OGGETTI VARI | OGGETTI IN LEGNO
http://w3id.org/zac/5725_lot_46,2,BRONZI | OGGETTI IN LEGNO
http://w3id.org/zac/5725_lot_56,2,OGGETTI IN LEGNO | PIATTI
http://w3id.org/zac/5725_lot_65,2,LAMPADE | VASI
http://w3id.org/zac/5725_lot_67,2,BRONZI | OGGETTI IN LEGNO
http://w3id.org/zac/5725_lot_68,2,BASSORILIEVI | OGGETTI IN LEGNO
http://w3id.org/zac/5725_lot_8,2,CANDELABRI | OGGETTI IN LEGNO
http://w3id.org/zac/5725_lot_I,2,BASSORILIEVI | MOBILI
http://w3id.org/zac/5729_lot_I,2,BASSORILIEVI | OGGETTI IN ORO
http://w3id.org/zac/5731_lot_12,2,ARMI | OGGETTI VARI
http://w3id.org/zac/5731_lot_38,2,MOBILI | PIATTI
http://w3id.org/zac/5731_lot_61,2,BAULI | ARMI
http://w3id.org/zac/5731_lot_68,2,ARMI | OGGETTI VARI
http://w3id.org/zac/5731_lot_7,2,BIGIOTTERIA | STAMPE E INCISIONI
http://w3id.org/zac/5760_lot_10,2,OGGETTI IN ORO | SMALTI
http://w3id.org/zac/5760_lot_11,2,OGGETTI IN ORO | SMALTI
http://w3id.org/zac/5760_lot_13,2,BROCADES; DAMASKS; VELVETS | SMALTI
http://w3id.org/zac/5760_lot_14,2,SMALTI | TESSUTI
http://w3id.org/zac/5760_lot_323,2,CARVED IVORIES; COFFERS; BOXES | AVORI
http://w3id.org/zac/5760_lot_324,2,AVORI | CARVED IVORIES; COFFERS; BOXES
http://w3id.org/zac/5760_lot_7,2,PLACCHETTE | SPECCHI
http://w3id.org/zac/5760_lot_8,2,SPECCHI | PLACCHETTE
http://w3id.org/zac/6125_lot_10,2,MOBILI | OGGETTI VARI
http://w3id.org/zac/65730_lot_I,2,OGGETTI IN LEGNO | OGGETTI VARI
http://w3id.org/zac/65734_lot_I,2,MINIATURE | PIATTI
http://w3id.org/zac/65739_lot_25,2,ARAZZI | STAMPE E INCISIONI
http://w3id.org/zac/65875_lot_3,2,ACQUERELLI; ACQUEFORTI; PASTELLI; DISEGNI | DIPINTI
http://w3id.org/zac/66051_lot_2,2,FOTOGRAFIE | DISEGNI
http://w3id.org/zac/66055_lot_16,2,ARAZZI | OGGETTI D'ARTE
http://w3id.org/zac/66055_lot_235,2,ARAZZI | BIANCHERIA
http://w3id.org/zac/66055_lot_3,2,MOBILI | OGGETTI IN ORO
http://w3id.org/zac/66055_lot_5,2,MOBILI | OGGETTI IN ORO
http://w3id.org/zac/66055_lot_683,2,MOBILI | SPECCHI
http://w3id.org/zac/66055_lot_684,2,MOBILI | SPECCHI
http://w3id.org/zac/66055_lot_688,2,MOBILI | SPECCHI
http://w3id.org/zac/66055_lot_691,2,MOBILI | OGGETTI IN METALLO
http://w3id.org/zac/66055_lot_692,2,MOBILI | VASI
http://w3id.org/zac/66055_lot_696,2,MOBILI | SPECCHI
http://w3id.org/zac/66055_lot_697,2,MOBILI | VASI
http://w3id.org/zac/66055_lot_699,2,MOBILI | SPECCHI
http://w3id.org/zac/66055_lot_705,2,MOBILI | SPECCHI
http://w3id.org/zac/66055_lot_706,2,MOBILI | SPECCHI
http://w3id.org/zac/66055_lot_709,2,MOBILI | SPECCHI
http://w3id.org/zac/66055_lot_712,2,MOBILI | SPECCHI
http://w3id.org/zac/66055_lot_714,2,MOBILI | VASI
http://w3id.org/zac/66055_lot_718,2,MOBILI | SPECCHI
http://w3id.org/zac/66055_lot_719,2,MOBILI | SPECCHI
http://w3id.org/zac/66055_lot_724,2,MOBILI | OGGETTI IN LEGNO
http://w3id.org/zac/66057_lot_1161,2,LIBRI | STAMPE E INCISIONI
http://w3id.org/zac/66057_lot_125,2,LIBRI | STAMPE E INCISIONI
http://w3id.org/zac/66057_lot_8,2,LIBRI | STAMPE E INCISIONI
http://w3id.org/zac/66067_lot_75,2,SPECCHI | VASI
http://w3id.org/zac/66067_lot_77,2,MOBILI | VASI
http://w3id.org/zac/66069_lot_25,2,CHINESE CARVINGS; HARDSTONES | BRONZI
http://w3id.org/zac/66070_lot_1,2,BIANCHERIA | MOBILI
http://w3id.org/zac/66070_lot_10,2,CANDELABRI | MOBILI
http://w3id.org/zac/66070_lot_115,2,MOBILI | OGGETTI IN ORO
http://w3id.org/zac/66070_lot_12,2,MOBILI | SPECCHI
http://w3id.org/zac/66070_lot_14,2,MOBILI | OGGETTI IN ORO
http://w3id.org/zac/66070_lot_16,2,MOBILI | PORCELLANE
http://w3id.org/zac/66070_lot_2,2,OGGETTI VARI | PORCELLANE
http://w3id.org/zac/66070_lot_25,2,ARAZZI | OGGETTI IN METALLO
http://w3id.org/zac/66070_lot_26,2,MOBILI | OGGETTI IN ORO
http://w3id.org/zac/66070_lot_3,2,MOBILI | PORCELLANE
http://w3id.org/zac/66070_lot_40,2,MOBILI | PORCELLANE
http://w3id.org/zac/66070_lot_5,2,MINIATURE | PORCELLANE
http://w3id.org/zac/66070_lot_58,2,MOBILI | VASI
http://w3id.org/zac/66070_lot_62,2,MOBILI | VASI
http://w3id.org/zac/66070_lot_9,2,MOBILI | PORCELLANE
http://w3id.org/zac/66070_lot_95,2,MOBILI | PORCELLANE
http://w3id.org/zac/66073_lot_2,2,ARGENTI | OGGETTI VARI
http://w3id.org/zac/66073_lot_3,2,ARGENTI | OGGETTI VARI
http://w3id.org/zac/66080_lot_17,2,OGGETTI D'ARTE ORIENTALE | PORCELLANE
http://w3id.org/zac/66081_lot_1,2,POLTRONE | PORCELLANE
http://w3id.org/zac/66082_lot_2,2,BIANCHERIA | MAIOLICHE
http://w3id.org/zac/66083_lot_86,2,"ARGENTI | THURSDAY,JUNE 13, 1929"
http://w3id.org/zac/66084_lot_3,2,CHINESE PORCELAIN; POTTERY | OGGETTI IN ORO
http://w3id.org/zac/66087_lot_144,2,OGGETTI IN LEGNO | OGGETTI VARI
http://w3id.org/zac/66087_lot_2,2,MOBILI | MAIOLICHE
http://w3id.org/zac/66087_lot_71,2,MOBILI | VASI
http://w3id.org/zac/66089_lot_6,2,BIANCHERIA | PORCELAIN; FURNITURE
http://w3id.org/zac/66090_lot_3,2,MINIATURE | TAPPETI
http://w3id.org/zac/66090_lot_4,2,MINIATURE | OGGETTI IN ORO
http://w3id.org/zac/66090_lot_5,2,MINIATURE | TAPPETI
http://w3id.org/zac/66093_lot_10,2,BIANCHERIA | MOBILI
http://w3id.org/zac/66093_lot_11,2,MOBILI | PORCELLANE
http://w3id.org/zac/66093_lot_12,2,MOBILI | PORCELLANE
http://w3id.org/zac/66093_lot_13,2,MOBILI | PORCELLANE
http://w3id.org/zac/66093_lot_14,2,MOBILI | PORCELLANE
http://w3id.org/zac/66093_lot_15,2,BIANCHERIA | MOBILI
http://w3id.org/zac/66093_lot_16,2,MOBILI | PORCELLANE
http://w3id.org/zac/66093_lot_17,2,MOBILI | VASI
http://w3id.org/zac/66093_lot_18,2,MOBILI | OGGETTI VARI
http://w3id.org/zac/66093_lot_21,2,MOBILI | VASI
http://w3id.org/zac/66093_lot_22,2,MOBILI | PORCELLANE
http://w3id.org/zac/66093_lot_25,2,MOBILI | PORCELLANE
http://w3id.org/zac/66093_lot_26,2,MOBILI | OGGETTI VARI
http://w3id.org/zac/66093_lot_27,2,BIANCHERIA | MOBILI
http://w3id.org/zac/66093_lot_32,2,MOBILI | PORCELLANE
http://w3id.org/zac/66093_lot_35,2,MOBILI | PORCELLANE
http://w3id.org/zac/66093_lot_36,2,MOBILI | PORCELLANE
http://w3id.org/zac/66093_lot_37,2,BIANCHERIA | MOBILI
http://w3id.org/zac/66093_lot_4,2,MOBILI | VASI
http://w3id.org/zac/66093_lot_5,2,CERAMICHE | MOBILI
http://w3id.org/zac/66093_lot_7,2,MOBILI | PORCELLANE
http://w3id.org/zac/66093_lot_8,2,MOBILI | VASI
http://w3id.org/zac/66093_lot_9,2,MOBILI | PORCELLANE
http://w3id.org/zac/66094_lot_1,2,MOBILI | VASI
http://w3id.org/zac/66094_lot_13,2,FOTOGRAFIE | OGGETTI IN METALLO
http://w3id.org/zac/81742_lot_19,2,BASSORILIEVI | OGGETTI VARI
http://w3id.org/zac/81742_lot_63,2,BASSORILIEVI | OGGETTI IN LEGNO
http://w3id.org/zac/81742_lot_67,2,CANDELABRI | OGGETTI IN LEGNO
http://w3id.org/zac/81744_lot_106,2,EPEES; DAGUES; POIGNARDS; HACHES; LANCES | STAMPE E INCISIONI
http://w3id.org/zac/81744_lot_116,2,ARMI | LIBRI
http://w3id.org/zac/81744_lot_118,2,LIBRI | EPEES; DAGUES; POIGNARDS; HACHES; LANCES
http://w3id.org/zac/81744_lot_121,2,LIBRI | OGGETTI VARI
http://w3id.org/zac/81744_lot_125,2,EPEES; DAGUES; POIGNARDS; HACHES; LANCES | LIBRI
http://w3id.org/zac/81744_lot_128,2,LIBRI | EPEES; DAGUES; POIGNARDS; HACHES; LANCES
http://w3id.org/zac/81744_lot_16,2,EPEES; DAGUES; POIGNARDS; HACHES; LANCES | STAMPE E INCISIONI
http://w3id.org/zac/81744_lot_17,2,ARREDAMENTI | EPEES; DAGUES; POIGNARDS; HACHES; LANCES
http://w3id.org/zac/81744_lot_18,2,EPEES; DAGUES; POIGNARDS; HACHES; LANCES | STAMPE E INCISIONI
http://w3id.org/zac/81744_lot_38,2,EPEES; DAGUES; POIGNARDS; HACHES; LANCES | OGGETTI LITURGICI
http://w3id.org/zac/81744_lot_45,2,EPEES; DAGUES; POIGNARDS; HACHES; LANCES | PIATTI
http://w3id.org/zac/81744_lot_48,2,EPEES; DAGUES; POIGNARDS; HACHES; LANCES | MAIOLICHE
http://w3id.org/zac/81744_lot_58,2,EPEES; DAGUES; POIGNARDS; HACHES; LANCES | VASI
http://w3id.org/zac/81744_lot_61,2,ARMI | OGGETTI VARI
http://w3id.org/zac/81744_lot_62,2,BRONZI | EPEES; DAGUES; POIGNARDS; HACHES; LANCES
http://w3id.org/zac/81744_lot_65,2,ARREDAMENTI | OGGETTI VARI
http://w3id.org/zac/81744_lot_7,2,EPEES; DAGUES; POIGNARDS; HACHES; LANCES | LIBRI
http://w3id.org/zac/81744_lot_78,2,EPEES; DAGUES; POIGNARDS; HACHES; LANCES | PLACCHETTE
http://w3id.org/zac/81744_lot_81,2,ARMI | MEDAGLIE
http://w3id.org/zac/81744_lot_82,2,MEDAGLIE | EPEES; DAGUES; POIGNARDS; HACHES; LANCES
http://w3id.org/zac/81745_lot_1,2,BASSORILIEVI | BIANCHERIA
http://w3id.org/zac/81745_lot_3,2,VASI | Terres cuites émaillees
http://w3id.org/zac/81745_lot_553,2,OGGETTI VARI | VASI
http://w3id.org/zac/81745_lot_66,2,OGGETTI VARI | PALE D'ALTARE
http://w3id.org/zac/81748_lot_4,2,BIANCHERIA | VASI
http://w3id.org/zac/81748_lot_5,2,OGGETTI IN LEGNO | VASI
http://w3id.org/zac/81751_lot_1,2,ARREDAMENTI | MINIATURE
http://w3id.org/zac/81751_lot_137,2,OGGETTI D'ARTE | VASI
http://w3id.org/zac/81751_lot_5,2,ARMI | OGGETTI IN LEGNO
http://w3id.org/zac/81754_lot_1,2,OGGETTI IN METALLO | SCATOLE
http://w3id.org/zac/81754_lot_2,2,OGGETTI D'ARTE ORIENTALE | TABACCHIERE
http://w3id.org/zac/81754_lot_582,2,LIBRI | MEDAGLIE
http://w3id.org/zac/81754_lot_6,2,OGGETTI IN LEGNO | TABACCHIERE
http://w3id.org/zac/81754_lot_66,2,SCATOLE | TABACCHIERE
http://w3id.org/zac/81754_lot_96,2,Bonbonnieres; Tabatieres; Boites a mouches | OGGETTI IN LEGNO
http://w3id.org/zac/81755_lot_10,2,MINIATURE | VASI
http://w3id.org/zac/81755_lot_11,2,OGGETTI IN METALLO | OGGETTI IN LEGNO
http://w3id.org/zac/81755_lot_12,2,OGGETTI IN LEGNO | VASI
http://w3id.org/zac/81755_lot_14,2,OGGETTI IN LEGNO | VASI
http://w3id.org/zac/81755_lot_17,2,CANDELABRI | PIATTI
http://w3id.org/zac/81755_lot_2,2,BISCOTTI | OGGETTI IN LEGNO
http://w3id.org/zac/81755_lot_9,2,MINIATURE | VASI
http://w3id.org/zac/81756_lot_2297,2,OGGETTI IN LEGNO | OGGETTI VARI
http://w3id.org/zac/81757_lot_11,2,SCATOLE | VASI
http://w3id.org/zac/81759_lot_3,2,ARREDAMENTI | MOBILI
http://w3id.org/zac/81759_lot_4,2,MOBILI | GIOIELLI
http://w3id.org/zac/81759_lot_7,2,LAMPADE | OGGETTI VARI
http://w3id.org/zac/81760_lot_11,2,CORNICI | CANDELABRI
http://w3id.org/zac/81760_lot_3,2,POLTRONE | VASI
http://w3id.org/zac/81760_lot_4,2,BASSORILIEVI | CORNICI
http://w3id.org/zac/81763_lot_16,2,MOBILI | PORCELLANE
http://w3id.org/zac/81763_lot_26,2,ARREDAMENTI | PORCELLANE
http://w3id.org/zac/81763_lot_525,2,CANDELABRI | BRONZI
http://w3id.org/zac/81766_lot_2,2,MOBILI | VETRI
http://w3id.org/zac/81767_lot_14,2,CORNICI | OGGETTI VARI
http://w3id.org/zac/81767_lot_16,2,CORNICI | POLTRONE
http://w3id.org/zac/81767_lot_5,2,VASI | SPECCHI
http://w3id.org/zac/81767_lot_7,2,CAMEI | VASI
http://w3id.org/zac/81767_lot_8,2,PIATTI | OGGETTI VARI
http://w3id.org/zac/81769_lot_12,2,OGGETTI VARI | PANNELLI
http://w3id.org/zac/81769_lot_3,2,MINIATURE | LAMPADE
http://w3id.org/zac/81769_lot_4,2,MINIATURE | POLTRONE
http://w3id.org/zac/81769_lot_5,2,OGGETTI IN LEGNO | OGGETTI VARI
http://w3id.org/zac/81769_lot_66,2,MINIATURE | OGGETTI IN LEGNO
http://w3id.org/zac/81770_lot_28,2,DIPINTI | Argenterie; oreficerie
http://w3id.org/zac/81770_lot_36,2,DIPINTI | SCATOLE
http://w3id.org/zac/81770_lot_39,2,CORNICI | SCATOLE
http://w3id.org/zac/81770_lot_517,2,Argenterie; oreficerie | ARMI
http://w3id.org/zac/81770_lot_586,2,MOBILI | POLTRONE
http://w3id.org/zac/81770_lot_62,2,CORNICI | ARMI
http://w3id.org/zac/81771_lot_1033,2,MARMI | OGGETTI VARI
http://w3id.org/zac/81771_lot_108,2,OGGETTI VARI | VETRI
http://w3id.org/zac/81771_lot_114,2,MAIOLICHE | OGGETTI VARI
http://w3id.org/zac/81771_lot_15,2,DIPINTI | OGGETTI VARI
http://w3id.org/zac/81771_lot_156,2,MAIOLICHE | OGGETTI VARI
http://w3id.org/zac/81771_lot_158,2,ARGENTI | MAIOLICHE
http://w3id.org/zac/81771_lot_16,2,ARGENTI | DIPINTI
http://w3id.org/zac/81771_lot_175,2,PANNELLI | VETRI
http://w3id.org/zac/81771_lot_18,2,MAIOLICHE | VASI
http://w3id.org/zac/81771_lot_20,2,PIATTI | VASI
http://w3id.org/zac/81771_lot_371,2,MAIOLICHE | OGGETTI VARI
http://w3id.org/zac/81771_lot_46,2,MAIOLICHE | OGGETTI VARI
http://w3id.org/zac/81771_lot_485,2,BISCOTTI | MAIOLICHE
http://w3id.org/zac/81771_lot_55,2,BISCOTTI | OGGETTI VARI
http://w3id.org/zac/81771_lot_56,2,BISCOTTI | OGGETTI VARI
http://w3id.org/zac/81771_lot_83,2,BRONZI | VETRI
http://w3id.org/zac/81771_lot_84,2,MAIOLICHE | VETRI
http://w3id.org/zac/81771_lot_I,2,OGGETTI VARI | VETRI
http://w3id.org/zac/81772_lot_1,2,30 Marzo 1908 | 6 aprile
http://w3id.org/zac/81772_lot_221,2,BASSORILIEVI | 9 aprile
http://w3id.org/zac/81772_lot_224,2,1. aprile | 3 aprile
http://w3id.org/zac/81772_lot_891,2,4 Aprile 1908 | 10 Aprile
http://w3id.org/zac/81772_lot_941,2,10 Aprile | CANDELABRI
http://w3id.org/zac/81773_lot_1,2,MINIATURE | LAMPADE
http://w3id.org/zac/81773_lot_18,2,CORNICI | MONETE
http://w3id.org/zac/81773_lot_4,2,MONETE | VASI
http://w3id.org/zac/81774_lot_13,2,OGGETTI IN LEGNO | UTENSILES; OBJETS D'USAGE DOMESTIQUE
http://w3id.org/zac/81774_lot_18,2,SPECCHI | UTENSILES; OBJETS D'USAGE DOMESTIQUE
http://w3id.org/zac/81774_lot_4,2,ARMI | VENTAGLI
http://w3id.org/zac/81774_lot_9,2,OGGETTI VARI | VENTAGLI
http://w3id.org/zac/81775_lot_20,2,DIPINTI | CORNICI
http://w3id.org/zac/81775_lot_257,2,DIPINTI | Medaglie; Placchette
http://w3id.org/zac/81775_lot_27,2,CORNICI | MINIATURE
http://w3id.org/zac/81775_lot_290,2,DIPINTI | MEDAGLIE
http://w3id.org/zac/81775_lot_31,2,DIPINTI | MINIATURE
http://w3id.org/zac/81775_lot_32,2,CORNICI | Merletti; Stoffe
http://w3id.org/zac/81775_lot_352,2,Libri; Legature; Autograf | Libri; Legature; Autografi
http://w3id.org/zac/81775_lot_36,2,CORNICI | MOBILI
http://w3id.org/zac/81775_lot_41,2,DIPINTI | VASI
http://w3id.org/zac/81775_lot_44,2,CORNICI | Maioliche; Porcellane | MAIOLICHE; PORCELLANE | Maioliche; porcellane
http://w3id.org/zac/81775_lot_45,2,CORNICI | VASI
http://w3id.org/zac/81775_lot_46,2,DIPINTI | MAIOLICHE; PORCELLANE | Maioliche; Porcellane | Maioliche; porcellane
http://w3id.org/zac/81775_lot_503,2,MAIOLICHE; PORCELLANE | Maioliche; Porcellane | Maioliche; porcellane | VASI
http://w3id.org/zac/81775_lot_71,2,DIPINTI | Merletti; Stoffe
http://w3id.org/zac/81775_lot_I,2,MAIOLICHE; PORCELLANE | Maioliche; porcellane | Maioliche; Porcellane | STAMPE E INCISIONI
http://w3id.org/zac/81779_lot_146,2,DIPINTI | STAMPE E INCISIONI
http://w3id.org/zac/81779_lot_17,2,CORNICI | Maioliche; Porcellane; Cristallerie
http://w3id.org/zac/81779_lot_2,2,DIPINTI | CORNICI
http://w3id.org/zac/81779_lot_23,2,CORNICI | DIPINTI
http://w3id.org/zac/81779_lot_24,2,CORNICI | Maioliche; Porcellane; Cristallerie
http://w3id.org/zac/81779_lot_28,2,CORNICI | VASI
http://w3id.org/zac/81779_lot_30,2,DIPINTI | CORNICI
http://w3id.org/zac/81779_lot_303,2,Maioliche; Porcellane; Cristallerie | PIATTI
http://w3id.org/zac/81779_lot_37,2,DIPINTI | MOBILI
http://w3id.org/zac/81779_lot_9,2,DIPINTI | MOBILI
http://w3id.org/zac/81780_lot_379,2,CORNICI | PANNELLI
http://w3id.org/zac/81783_lot_12,2,CORNICI | DIPINTI
http://w3id.org/zac/81783_lot_15,2,DIPINTI | TAPPETI
http://w3id.org/zac/81783_lot_17,2,DIPINTI | TAPPETI
http://w3id.org/zac/81783_lot_18,2,CORNICI | OGGETTI D'ARTE
http://w3id.org/zac/81783_lot_19,2,DIPINTI | TAPPETI
http://w3id.org/zac/81783_lot_21,2,DIPINTI | TAPPETI
http://w3id.org/zac/81783_lot_22,2,DIPINTI | TAPPETI
http://w3id.org/zac/81783_lot_23,2,DIPINTI | TAPPETI
http://w3id.org/zac/81783_lot_24,2,DIPINTI | TAPPETI
http://w3id.org/zac/81783_lot_3,2,DIPINTI | MINIATURE
http://w3id.org/zac/81783_lot_36,2,DIPINTI | PANNELLI
http://w3id.org/zac/81784_lot_10,2,CORNICI | DIPINTI
http://w3id.org/zac/81784_lot_130,2,DIPINTI | MINIATURE
http://w3id.org/zac/81784_lot_23,2,CORNICI | Argenterie; Oggetti d'oro; Oggetti da vetrina
http://w3id.org/zac/81784_lot_24,2,CORNICI | Argenterie; Oggetti d'oro; Oggetti da vetrina
http://w3id.org/zac/81784_lot_25,2,CORNICI | DIPINTI
http://w3id.org/zac/81784_lot_26,2,Argenterie; Oggetti d'oro; Oggetti da vetrina | CORNICI
http://w3id.org/zac/81784_lot_30,2,CORNICI | Maioliche; Porcellane | MAIOLICHE; PORCELLANE | Maioliche; porcellane
http://w3id.org/zac/81784_lot_31,2,DIPINTI | MAIOLICHE; PORCELLANE | Maioliche; porcellane | Maioliche; Porcellane
http://w3id.org/zac/81784_lot_32,2,CORNICI | MAIOLICHE; PORCELLANE | Maioliche; porcellane | Maioliche; Porcellane
http://w3id.org/zac/81784_lot_33,2,DIPINTI | Maioliche; Porcellane | MAIOLICHE; PORCELLANE | Maioliche; porcellane
http://w3id.org/zac/81784_lot_380,2,ARREDAMENTI | MOBILI
http://w3id.org/zac/81784_lot_39,2,DIPINTI | PIATTI
http://w3id.org/zac/81784_lot_8,2,CORNICI | DIPINTI
http://w3id.org/zac/81785_lot_2,2,VASI | REPERTI ARCHEOLOGICI
http://w3id.org/zac/81789_lot_10,2,DIPINTI | POLTRONE
http://w3id.org/zac/81789_lot_14,2,CORNICI | MOBILI
http://w3id.org/zac/81789_lot_2,2,CORNICI | Maioliche; Porcellane | MAIOLICHE; PORCELLANE | Maioliche; porcellane
http://w3id.org/zac/81789_lot_22,2,DIPINTI | Maioliche; porcellane | MAIOLICHE; PORCELLANE | Maioliche; Porcellane
http://w3id.org/zac/81789_lot_23,2,CORNICI | MAIOLICHE; PORCELLANE | Maioliche; Porcellane | Maioliche; porcellane
http://w3id.org/zac/81789_lot_24,2,CORNICI | MAIOLICHE; PORCELLANE | Maioliche; Porcellane | Maioliche; porcellane
http://w3id.org/zac/81789_lot_25,2,DIPINTI | Maioliche; Porcellane | Maioliche; porcellane | MAIOLICHE; PORCELLANE
http://w3id.org/zac/81789_lot_28,2,CORNICI | Maioliche; Porcellane | Maioliche; porcellane | MAIOLICHE; PORCELLANE
http://w3id.org/zac/81789_lot_29,2,CORNICI | MAIOLICHE; PORCELLANE | Maioliche; Porcellane | Maioliche; porcellane
http://w3id.org/zac/81789_lot_3,2,DIPINTI | STAMPE E INCISIONI
http://w3id.org/zac/81789_lot_30,2,CORNICI | Maioliche; porcellane | Maioliche; Porcellane | MAIOLICHE; PORCELLANE
http://w3id.org/zac/81789_lot_31,2,CORNICI | Maioliche; porcellane | Maioliche; Porcellane | MAIOLICHE; PORCELLANE
http://w3id.org/zac/81789_lot_42,2,CORNICI | VASI
http://w3id.org/zac/81789_lot_5,2,CORNICI | DIPINTI
http://w3id.org/zac/81789_lot_6,2,CORNICI | Maioliche; porcellane | Maioliche; Porcellane | MAIOLICHE; PORCELLANE
http://w3id.org/zac/81790_lot_11,2,DIPINTI | Maioliche; porcellane | Maioliche; Porcellane | MAIOLICHE; PORCELLANE
http://w3id.org/zac/81790_lot_15,2,DIPINTI | MINIATURE
http://w3id.org/zac/81790_lot_34,2,DIPINTI | CORNICI
http://w3id.org/zac/81790_lot_35,2,DIPINTI | CORNICI
http://w3id.org/zac/81790_lot_36,2,CORNICI | MAIOLICHE; PORCELLANE | Maioliche; Porcellane | Maioliche; porcellane
http://w3id.org/zac/81790_lot_38,2,DIPINTI | Maioliche; porcellane | Maioliche; Porcellane | MAIOLICHE; PORCELLANE
http://w3id.org/zac/81790_lot_40,2,CORNICI | Maioliche; porcellane | Maioliche; Porcellane | MAIOLICHE; PORCELLANE
http://w3id.org/zac/81790_lot_47,2,DIPINTI | VASI
http://w3id.org/zac/81790_lot_49,2,CORNICI | VASI
http://w3id.org/zac/81790_lot_53,2,CORNICI | VASI
http://w3id.org/zac/81790_lot_70,2,DIPINTI | MOBILI
http://w3id.org/zac/81790_lot_71,2,CORNICI | DIPINTI
http://w3id.org/zac/81790_lot_710,2,MOBILI | POLTRONE
http://w3id.org/zac/81791_lot_19,2,ARAZZI | VASI
http://w3id.org/zac/81791_lot_7,2,CORNICI | OGGETTI VARI
http://w3id.org/zac/81792_lot_1,2,SEDIE | SCULTURE
http://w3id.org/zac/81793_lot_12,2,MAIOLICHE | OGGETTI VARI
http://w3id.org/zac/81793_lot_1300,2,MOBILI | OGGETTI IN LEGNO
http://w3id.org/zac/81793_lot_18,2,OGGETTI IN LEGNO | PIATTI
http://w3id.org/zac/81793_lot_230,2,MOBILI | Etofes; Tapis persans
http://w3id.org/zac/81793_lot_28,2,BASSORILIEVI | BRONZI
http://w3id.org/zac/81793_lot_320,2,MAIOLICHE | SCOMPARTI
http://w3id.org/zac/81793_lot_39,2,MAIOLICHE | OGGETTI VARI
http://w3id.org/zac/81793_lot_414,2,MARMI | OGGETTI VARI
http://w3id.org/zac/81793_lot_478,2,MAIOLICHE | VASI
http://w3id.org/zac/81793_lot_48,2,MOBILI | OGGETTI VARI
http://w3id.org/zac/81793_lot_50,2,MOBILI | OGGETTI VARI
http://w3id.org/zac/81793_lot_500,2,MOBILI | OGGETTI VARI
http://w3id.org/zac/81793_lot_51,2,MARMI | OGGETTI VARI
http://w3id.org/zac/81793_lot_61,2,BRONZI | MARMI
http://w3id.org/zac/81793_lot_66,2,MARMI | OGGETTI IN LEGNO
http://w3id.org/zac/81793_lot_7,2,MAIOLICHE | MOBILI
http://w3id.org/zac/81793_lot_70,2,OGGETTI VARI | PANNELLI
http://w3id.org/zac/81793_lot_71,2,MAIOLICHE | OGGETTI VARI
http://w3id.org/zac/81793_lot_I9,2,Etofes; Tapis persans | MAIOLICHE
http://w3id.org/zac/81794_lot_10,2,DIPINTI | CORNICI
http://w3id.org/zac/81794_lot_11,2,CORNICI | Maioliche; porcellane | Maioliche; Porcellane | MAIOLICHE; PORCELLANE
http://w3id.org/zac/81794_lot_12,2,CORNICI | DIPINTI
http://w3id.org/zac/81794_lot_17,2,MAIOLICHE; PORCELLANE | Maioliche; Porcellane | Maioliche; porcellane | OGGETTI VARI
http://w3id.org/zac/81794_lot_20,2,CORNICI | Maioliche; porcellane | Maioliche; Porcellane | MAIOLICHE; PORCELLANE
http://w3id.org/zac/81794_lot_21,2,CORNICI | DIPINTI
http://w3id.org/zac/81794_lot_22,2,DIPINTI | MAIOLICHE; PORCELLANE | Maioliche; porcellane | Maioliche; Porcellane
http://w3id.org/zac/81794_lot_24,2,CORNICI | Maioliche; Porcellane | Maioliche; porcellane | MAIOLICHE; PORCELLANE
http://w3id.org/zac/81794_lot_27,2,CORNICI | MAIOLICHE; PORCELLANE | Maioliche; porcellane | Maioliche; Porcellane
http://w3id.org/zac/81794_lot_28,2,CORNICI | Maioliche; porcellane | Maioliche; Porcellane | MAIOLICHE; PORCELLANE
http://w3id.org/zac/81794_lot_32,2,DIPINTI | Maioliche; porcellane | Maioliche; Porcellane | MAIOLICHE; PORCELLANE
http://w3id.org/zac/81794_lot_33,2,CORNICI | Maioliche; porcellane | Maioliche; Porcellane | MAIOLICHE; PORCELLANE
http://w3id.org/zac/81794_lot_34,2,DIPINTI | CORNICI
http://w3id.org/zac/81794_lot_36,2,DIPINTI | Maioliche; porcellane | Maioliche; Porcellane | MAIOLICHE; PORCELLANE
http://w3id.org/zac/81794_lot_38,2,DIPINTI | Maioliche; porcellane | Maioliche; Porcellane | MAIOLICHE; PORCELLANE
http://w3id.org/zac/81794_lot_6,2,DIPINTI | Maioliche; porcellane | MAIOLICHE; PORCELLANE | Maioliche; Porcellane
http://w3id.org/zac/81795_lot_1,2,DIPINTI | CORNICI
http://w3id.org/zac/81795_lot_102,2,DIPINTI | CORNICI
http://w3id.org/zac/81795_lot_18,2,CORNICI | Maioliche; Porcellane | Maioliche; porcellane | MAIOLICHE; PORCELLANE
http://w3id.org/zac/81795_lot_24,2,CORNICI | Maioliche; Porcellane | Maioliche; porcellane | MAIOLICHE; PORCELLANE
http://w3id.org/zac/81795_lot_26,2,CORNICI | MINIATURE
http://w3id.org/zac/81795_lot_27,2,CORNICI | MINIATURE
http://w3id.org/zac/81795_lot_28,2,CORNICI | Maioliche; porcellane | MAIOLICHE; PORCELLANE | Maioliche; Porcellane
http://w3id.org/zac/81795_lot_29,2,CORNICI | Maioliche; Porcellane | MAIOLICHE; PORCELLANE | Maioliche; porcellane
http://w3id.org/zac/81795_lot_30,2,CORNICI | MAIOLICHE; PORCELLANE | Maioliche; Porcellane | Maioliche; porcellane
http://w3id.org/zac/81795_lot_31,2,CORNICI | MINIATURE
http://w3id.org/zac/81795_lot_32,2,DIPINTI | Maioliche; porcellane | Maioliche; Porcellane | MAIOLICHE; PORCELLANE
http://w3id.org/zac/81795_lot_34,2,CORNICI | Maioliche; porcellane | Maioliche; Porcellane | MAIOLICHE; PORCELLANE
http://w3id.org/zac/81795_lot_35,2,CORNICI | Maioliche; porcellane | Maioliche; Porcellane | MAIOLICHE; PORCELLANE
http://w3id.org/zac/81795_lot_38,2,CORNICI | Maioliche; porcellane | Maioliche; Porcellane | MAIOLICHE; PORCELLANE
http://w3id.org/zac/81795_lot_50,2,CORNICI | SPECCHI
http://w3id.org/zac/81795_lot_7,2,Bronzi; Marmi; Terrecotte | DIPINTI
http://w3id.org/zac/81796_lot_12,2,CORNICI | MAIOLICHE; PORCELLANE | Maioliche; Porcellane | Maioliche; porcellane
http://w3id.org/zac/81796_lot_15,2,CORNICI | Maioliche; porcellane | Maioliche; Porcellane | MAIOLICHE; PORCELLANE
http://w3id.org/zac/81796_lot_152,2,CORNICI | DIPINTI
http://w3id.org/zac/81796_lot_16,2,DIPINTI | Maioliche; porcellane | Maioliche; Porcellane | MAIOLICHE; PORCELLANE
http://w3id.org/zac/81796_lot_20,2,CORNICI | Maioliche; Porcellane | MAIOLICHE; PORCELLANE | Maioliche; porcellane
http://w3id.org/zac/81796_lot_21,2,CORNICI | MAIOLICHE; PORCELLANE | Maioliche; Porcellane | Maioliche; porcellane
http://w3id.org/zac/81796_lot_24,2,CORNICI | DIPINTI
http://w3id.org/zac/81796_lot_25,2,DIPINTI | CORNICI
http://w3id.org/zac/81796_lot_27,2,CORNICI | Maioliche; Porcellane | Maioliche; porcellane | MAIOLICHE; PORCELLANE
http://w3id.org/zac/81796_lot_28,2,DIPINTI | CORNICI
http://w3id.org/zac/81796_lot_35,2,CORNICI | MINIATURE
http://w3id.org/zac/81796_lot_5,2,CORNICI | Bronzi; Marmi; Terrecotte; Scolture
http://w3id.org/zac/81796_lot_6,2,DIPINTI | Bronzi; Marmi; Terrecotte; Scolture
http://w3id.org/zac/81797_lot_14,2,DIPINTI | Bronzi; Marmi; Terrecotte
http://w3id.org/zac/81797_lot_19,2,DIPINTI | MAIOLICHE; PORCELLANE | Maioliche; Porcellane | Maioliche; porcellane
http://w3id.org/zac/81797_lot_20,2,DIPINTI | Trine; Stoffe
http://w3id.org/zac/81797_lot_22,2,DIPINTI | Maioliche; porcellane | MAIOLICHE; PORCELLANE | Maioliche; Porcellane
http://w3id.org/zac/81797_lot_23,2,DIPINTI | MOBILI
http://w3id.org/zac/81797_lot_24,2,DIPINTI | MOBILI
http://w3id.org/zac/81797_lot_25,2,DIPINTI | MAIOLICHE; PORCELLANE | Maioliche; Porcellane | Maioliche; porcellane
http://w3id.org/zac/81797_lot_30,2,DIPINTI | Maioliche; porcellane | MAIOLICHE; PORCELLANE | Maioliche; Porcellane
http://w3id.org/zac/81797_lot_33,2,DIPINTI | MAIOLICHE; PORCELLANE | Maioliche; Porcellane | Maioliche; porcellane
http://w3id.org/zac/81797_lot_36,2,DIPINTI | MAIOLICHE; PORCELLANE | Maioliche; porcellane | Maioliche; Porcellane
http://w3id.org/zac/81797_lot_37,2,DIPINTI | MAIOLICHE; PORCELLANE | Maioliche; Porcellane | Maioliche; porcellane
http://w3id.org/zac/81797_lot_46,2,DIPINTI | MOBILI
http://w3id.org/zac/81797_lot_53,2,DIPINTI | STAMPE E INCISIONI
http://w3id.org/zac/81799_lot_1,2,MAIOLICHE | REPERTI ARCHEOLOGICI
http://w3id.org/zac/81799_lot_103,2,MOBILI | REPERTI ARCHEOLOGICI
http://w3id.org/zac/81799_lot_12,2,MAIOLICHE | LIBRI
http://w3id.org/zac/81799_lot_13,2,LIBRI | MAIOLICHE
http://w3id.org/zac/81799_lot_14,2,MAIOLICHE | OGGETTI VARI
http://w3id.org/zac/81799_lot_15,2,LIBRI | MAIOLICHE
http://w3id.org/zac/81799_lot_18,2,CORNICI | MONETE
http://w3id.org/zac/81799_lot_26,2,MAIOLICHE | MOBILI
http://w3id.org/zac/81799_lot_36,2,MOBILI | VASI
http://w3id.org/zac/81799_lot_40,2,BRONZI | VETRI
http://w3id.org/zac/81799_lot_411,2,REPERTI ARCHEOLOGICI | VASI
http://w3id.org/zac/81799_lot_48,2,CORNICI | GIOIELLI
http://w3id.org/zac/81799_lot_56,2,MOBILI | OGGETTI IN LEGNO
http://w3id.org/zac/81799_lot_61,2,OGGETTI IN LEGNO | OGGETTI VARI
http://w3id.org/zac/81799_lot_66,2,MOBILI | OGGETTI IN LEGNO
http://w3id.org/zac/81799_lot_69,2,MARMI | OGGETTI VARI
http://w3id.org/zac/81799_lot_70,2,MARMI | OGGETTI IN LEGNO
http://w3id.org/zac/81799_lot_81,2,BRONZI | MINIATURE
http://w3id.org/zac/81799_lot_82,2,BRONZI | OGGETTI VARI
http://w3id.org/zac/81799_lot_83,2,BRONZI | REPERTI ARCHEOLOGICI
http://w3id.org/zac/81799_lot_84,2,BRONZI | MAIOLICHE
http://w3id.org/zac/81799_lot_86,2,BRONZI | MAIOLICHE
http://w3id.org/zac/81799_lot_91,2,OGGETTI IN LEGNO | TESSUTI
http://w3id.org/zac/81799_lot_I,2,ANTICHITA' | MARMI
http://w3id.org/zac/81800_lot_103,2,MOBILI | REPERTI ARCHEOLOGICI
http://w3id.org/zac/81800_lot_11,2,LIBRI | MAIOLICHE
http://w3id.org/zac/81800_lot_12,2,MAIOLICHE | LIBRI
http://w3id.org/zac/81800_lot_13,2,LIBRI | MAIOLICHE
http://w3id.org/zac/81800_lot_14,2,MAIOLICHE | LIBRI
http://w3id.org/zac/81800_lot_15,2,MAIOLICHE | LIBRI
http://w3id.org/zac/81800_lot_26,2,MOBILI | MAIOLICHE
http://w3id.org/zac/81800_lot_27,2,MAIOLICHE | VETRI
http://w3id.org/zac/81800_lot_30,2,MAIOLICHE | OGGETTI VARI
http://w3id.org/zac/81800_lot_36,2,MOBILI | VASI
http://w3id.org/zac/81800_lot_40,2,BRONZI | VETRI
http://w3id.org/zac/81800_lot_411,2,VASI | REPERTI ARCHEOLOGICI
http://w3id.org/zac/81800_lot_44,2,MAIOLICHE | PANNELLI
http://w3id.org/zac/81800_lot_48,2,CORNICI | MINIATURE
http://w3id.org/zac/81800_lot_55,2,MOBILI | MAIOLICHE
http://w3id.org/zac/81800_lot_56,2,MOBILI | OGGETTI IN LEGNO
http://w3id.org/zac/81800_lot_58,2,ARGENTI | MOBILI
http://w3id.org/zac/81800_lot_61,2,OGGETTI IN LEGNO | OGGETTI VARI
http://w3id.org/zac/81800_lot_65,2,MAIOLICHE | OGGETTI IN LEGNO
http://w3id.org/zac/81800_lot_66,2,MOBILI | OGGETTI IN LEGNO
http://w3id.org/zac/81800_lot_69,2,MARMI | OGGETTI VARI
http://w3id.org/zac/81800_lot_81,2,BRONZI | MINIATURE
http://w3id.org/zac/81800_lot_82,2,BRONZI | OGGETTI VARI
http://w3id.org/zac/81800_lot_84,2,BRONZI | MAIOLICHE
http://w3id.org/zac/81800_lot_86,2,BRONZI | MAIOLICHE
http://w3id.org/zac/81800_lot_87,2,CORNICI | TESSUTI
http://w3id.org/zac/81801_lot_111,2,LAMPADE | OGGETTI VARI
http://w3id.org/zac/81802_lot_16,2,CORNICI | VASI
http://w3id.org/zac/81802_lot_21,2,CORNICI | OGGETTI IN LEGNO
http://w3id.org/zac/81802_lot_3,2,OGGETTI VARI | SPECCHI
http://w3id.org/zac/81802_lot_5,2,PIATTI | OGGETTI IN LEGNO
http://w3id.org/zac/81804_lot_1,2,CORNICI | DIPINTI
http://w3id.org/zac/81804_lot_10,2,DIPINTI | CORNICI
http://w3id.org/zac/81804_lot_11,2,CORNICI | DIPINTI
http://w3id.org/zac/81804_lot_17,2,CORNICI | OGGETTI VARI
http://w3id.org/zac/81804_lot_20,2,CORNICI | OGGETTI VARI
http://w3id.org/zac/81804_lot_21,2,CORNICI | DIPINTI
http://w3id.org/zac/81804_lot_226,2,TAPPETI | VASI
http://w3id.org/zac/81804_lot_23,2,DIPINTI | MEDAGLIE
http://w3id.org/zac/81804_lot_234,2,TAPPETI | VASI
http://w3id.org/zac/81804_lot_26,2,CORNICI | MAIOLICHE; PORCELLANE | Maioliche; Porcellane | Maioliche; porcellane
http://w3id.org/zac/81804_lot_32,2,CORNICI | Maioliche; Porcellane | MAIOLICHE; PORCELLANE | Maioliche; porcellane
http://w3id.org/zac/81804_lot_33,2,CORNICI | OGGETTI VARI
http://w3id.org/zac/81804_lot_36,2,CORNICI | DIPINTI
http://w3id.org/zac/81804_lot_9,2,DIPINTI | Placchette; Medaglie
http://w3id.org/zac/81805_lot_11,2,BRONZI | VASI
http://w3id.org/zac/81805_lot_14,2,Peliké | VASI
http://w3id.org/zac/81805_lot_15,2,BRONZI | VASI
http://w3id.org/zac/81805_lot_17,2,BRONZI | VASI
http://w3id.org/zac/81805_lot_19,2,BRONZI | VASI
http://w3id.org/zac/81805_lot_20,2,VASI | SCULTURE
http://w3id.org/zac/81805_lot_24,2,BRONZI | VASI
http://w3id.org/zac/81805_lot_27,2,BRONZI | VASI
http://w3id.org/zac/81805_lot_29,2,VASI | VETRI
http://w3id.org/zac/81805_lot_33,2,VASI | VETRI
http://w3id.org/zac/81805_lot_36,2,VASI | VETRI
http://w3id.org/zac/81805_lot_37,2,Peliké | VASI
http://w3id.org/zac/81805_lot_39,2,VETRI | VASI
http://w3id.org/zac/81805_lot_42,2,VASI | VETRI
http://w3id.org/zac/81805_lot_46,2,VETRI | VASI
http://w3id.org/zac/81805_lot_48,2,Peliké | VETRI
http://w3id.org/zac/81805_lot_53,2,Peliké | VASI
http://w3id.org/zac/81805_lot_71,2,SCULTURE | VASI
http://w3id.org/zac/81805_lot_74,2,SCULTURE | VASI
http://w3id.org/zac/81805_lot_75,2,VASI | SCULTURE
http://w3id.org/zac/81805_lot_78,2,VASI | VETRI
http://w3id.org/zac/81805_lot_89,2,VETRI | VASI
http://w3id.org/zac/81805_lot_90,2,VETRI | VASI
http://w3id.org/zac/81806_lot_10,2,ARGENTI | VASI
http://w3id.org/zac/81806_lot_13,2,BIGIOTTERIA | ARREDAMENTI
http://w3id.org/zac/81806_lot_16,2,OGGETTI IN LEGNO | PORCELLANE
http://w3id.org/zac/81806_lot_17,2,ARGENTI | PORCELLANE
http://w3id.org/zac/81806_lot_18,2,ARGENTI | OGGETTI VARI
http://w3id.org/zac/81806_lot_2,2,BISCOTTI | ARGENTI
http://w3id.org/zac/81806_lot_3,2,ARGENTI | VASI
http://w3id.org/zac/81806_lot_4,2,MINIATURE | VASI
http://w3id.org/zac/81806_lot_56,2,ARGENTI | OGGETTI IN LEGNO
http://w3id.org/zac/81806_lot_7,2,ARGENTI | OGGETTI VARI
http://w3id.org/zac/81806_lot_8,2,OGGETTI IN LEGNO | VASI
http://w3id.org/zac/81807_lot_10,2,CORNICI | DIPINTI
http://w3id.org/zac/81807_lot_15,2,CORNICI | SCULTURE
http://w3id.org/zac/81807_lot_16,2,DIPINTI | REPERTI ARCHEOLOGICI
http://w3id.org/zac/81807_lot_3,2,DIPINTI | CORNICI
http://w3id.org/zac/81807_lot_30,2,Maioliche; porcellane | Maioliche; Porcellane | MAIOLICHE; PORCELLANE | SCULTURE
http://w3id.org/zac/81807_lot_333,2,Maioliche; Porcellane | MAIOLICHE; PORCELLANE | Maioliche; porcellane | SCULTURE
http://w3id.org/zac/81807_lot_41,2,CORNICI | Oggetti diversi; Mobili
http://w3id.org/zac/81807_lot_42,2,DIPINTI | Oggetti diversi; Mobili
http://w3id.org/zac/81807_lot_5,2,DIPINTI | CORNICI
http://w3id.org/zac/81807_lot_7,2,CORNICI | REPERTI ARCHEOLOGICI
http://w3id.org/zac/81807_lot_9,2,CORNICI | MINIATURE
http://w3id.org/zac/81808_lot_10,2,MOBILI | OGGETTI VARI
http://w3id.org/zac/81808_lot_15,2,OGGETTI VARI | TESSUTI
http://w3id.org/zac/81808_lot_18,2,OGGETTI VARI | TESSUTI
http://w3id.org/zac/81808_lot_21,2,CORNICI | TESSUTI
http://w3id.org/zac/81808_lot_22,2,MOBILI | TESSUTI
http://w3id.org/zac/81808_lot_23,2,TESSUTI | POLTRONE
http://w3id.org/zac/81808_lot_I,2,BAULI | OGGETTI VARI
http://w3id.org/zac/81809_lot_3,2,DIPINTI | ACQUEFORTI
http://w3id.org/zac/81811_lot_10,2,OGGETTI VARI | SEDIE
http://w3id.org/zac/81811_lot_7,2,OGGETTI VARI | VASI
http://w3id.org/zac/81812_lot_19,2,CORNICI | SCULTURE
http://w3id.org/zac/81814_lot_1025,2,DIPINTI | LAMPADE
http://w3id.org/zac/81814_lot_169,2,BRONZI | MAIOLICHE
http://w3id.org/zac/81814_lot_17,2,OGGETTI VARI | Tissus; Tapis
http://w3id.org/zac/81814_lot_2,2,CERAMICHE | Tissus; Tapis
http://w3id.org/zac/81814_lot_33,2,MOBILI | PORCELLANE
http://w3id.org/zac/81814_lot_4,2,OGGETTI VARI | VETRI
http://w3id.org/zac/81814_lot_41,2,MAIOLICHE | VASI
http://w3id.org/zac/81814_lot_59,2,DIPINTI | VETRI
http://w3id.org/zac/81814_lot_61,2,DIPINTI | VETRI
http://w3id.org/zac/81814_lot_62,2,DISEGNI | VETRI
http://w3id.org/zac/81814_lot_71,2,STAMPE E INCISIONI | VETRI
http://w3id.org/zac/81814_lot_8,2,CERAMICHE | BRONZI
http://w3id.org/zac/81819_lot_12,2,DIPINTI | DISEGNI
http://w3id.org/zac/81819_lot_16,2,DIPINTI | DISEGNI
http://w3id.org/zac/81819_lot_17,2,DIPINTI | DISEGNI
http://w3id.org/zac/81819_lot_18,2,DIPINTI | DISEGNI
http://w3id.org/zac/81819_lot_22,2,DIPINTI | DISEGNI
http://w3id.org/zac/81819_lot_23,2,DIPINTI | DISEGNI
http://w3id.org/zac/81819_lot_26,2,DIPINTI | DISEGNI
http://w3id.org/zac/81819_lot_29,2,DISEGNI | OGGETTI IN LEGNO
http://w3id.org/zac/81819_lot_4,2,Objets d'art; meubles | DISEGNI
http://w3id.org/zac/81819_lot_9,2,DIPINTI | DISEGNI
http://w3id.org/zac/81820_lot_3,2,CORNICI | STAMPE E INCISIONI
http://w3id.org/zac/81821_lot_10,2,OGGETTI VARI | SEDIE
http://w3id.org/zac/81821_lot_11,2,OGGETTI VARI | POLTRONE
http://w3id.org/zac/81821_lot_38,2,MOBILI | SEDIE
http://w3id.org/zac/81821_lot_81,2,OGGETTI VARI | SCULTURE
http://w3id.org/zac/81821_lot_I,2,MOBILI | OGGETTI VARI
http://w3id.org/zac/81822_lot_13,2,Mercoledi 29 Aprile 1914 | Sabato 2 Maggio 1914
http://w3id.org/zac/81822_lot_14,2,Mercoledi 29 Aprile 1914 | Sabato 2 Maggio 1914
http://w3id.org/zac/81822_lot_15,2,Mercoledi 29 Aprile 1914 | Sabato 2 Maggio 1914
http://w3id.org/zac/81822_lot_16,2,Mercoledi 29 Aprile 1914 | Sabato 2 Maggio 1914
http://w3id.org/zac/81822_lot_17,2,Mercoledi 29 Aprile 1914 | Sabato 2 Maggio 1914
http://w3id.org/zac/81822_lot_18,2,Mercoledi 29 Aprile 1914 | Sabato 2 Maggio 1914
http://w3id.org/zac/81822_lot_19,2,Mercoledi 29 Aprile 1914 | Sabato 2 Maggio 1914
http://w3id.org/zac/81822_lot_20,2,Mercoledi 29 Aprile 1914 | Sabato 2 Maggio 1914
http://w3id.org/zac/81822_lot_21,2,VASI | Sabato 2 Maggio 1914
http://w3id.org/zac/81822_lot_22,2,CORNICI | Sabato 2 Maggio 1914
http://w3id.org/zac/81822_lot_24,2,Mercoledi 29 Aprile 1914 | Sabato 2 Maggio 1914
http://w3id.org/zac/81822_lot_25,2,Mercoledi 29 Aprile 1914 | Sabato 2 Maggio 1914
http://w3id.org/zac/81822_lot_26,2,Mercoledi 29 Aprile 1914 | VASI
http://w3id.org/zac/81822_lot_27,2,Mercoledi 29 Aprile 1914 | Sabato 2 Maggio 1914
http://w3id.org/zac/81822_lot_28,2,Mercoledi 29 Aprile 1914 | Sabato 2 Maggio 1914
http://w3id.org/zac/81822_lot_29,2,Mercoledi 29 Aprile 1914 | Sabato 2 Maggio 1914
http://w3id.org/zac/81823_lot_16,2,DIPINTI | MAIOLICHE; PORCELLANE | Maioliche; porcellane | Maioliche; Porcellane
http://w3id.org/zac/81823_lot_195,2,BRONZI | OGGETTI IN LEGNO
http://w3id.org/zac/81823_lot_449,2,DIPINTI | Stoffe; tappeti | Stoffe; Tappeti | STOFFE; TAPPETI
http://w3id.org/zac/81825_lot_1,2,Maioliche; Porcellane | MOBILI | MAIOLICHE; PORCELLANE | Maioliche; porcellane
http://w3id.org/zac/81825_lot_186,2,TAPPETI | STAMPE E INCISIONI
http://w3id.org/zac/81825_lot_2,2,DIPINTI | Sculture; Terrecotte; Stucchi
http://w3id.org/zac/81825_lot_28,2,DIPINTI | MOBILI
http://w3id.org/zac/81825_lot_5,2,DIPINTI | MOBILI
http://w3id.org/zac/81827_lot_10,2,SECONDA VENDITA | PRIMA VENDITA
http://w3id.org/zac/81827_lot_13,2,TERZA VENDITA | PRIMA VENDITA
http://w3id.org/zac/81827_lot_17,2,SECONDA VENDITA | PRIMA VENDITA
http://w3id.org/zac/81827_lot_19,2,SECONDA VENDITA | PRIMA VENDITA
http://w3id.org/zac/81827_lot_203,2,CORNICI | TERZA VENDITA
http://w3id.org/zac/81827_lot_204,2,ACQUEFORTI | TERZA VENDITA
http://w3id.org/zac/81827_lot_25,2,PRIMA VENDITA | TERZA VENDITA
http://w3id.org/zac/81827_lot_31,2,PRIMA VENDITA | TERZA VENDITA
http://w3id.org/zac/81827_lot_32,2,TERZA VENDITA | PRIMA VENDITA
http://w3id.org/zac/81827_lot_5,2,SECONDA VENDITA | PRIMA VENDITA
http://w3id.org/zac/81828_lot_6,2,STAMPE E INCISIONI | SCUDI
http://w3id.org/zac/81828_lot_7,2,OGGETTI IN LEGNO | OGGETTI VARI
http://w3id.org/zac/81828_lot_83,2,OGGETTI VARI | PIATTI
http://w3id.org/zac/81829_lot_14,2,DIPINTI | Oggetti d'Arte; Mobili | Oggetti d'arte; Mobili
http://w3id.org/zac/81829_lot_15,2,DIPINTI | MINIATURE
http://w3id.org/zac/81829_lot_16,2,COPPE | MINIATURE
http://w3id.org/zac/81829_lot_21,2,Oggetti d'Arte; Mobili | Oggetti d'arte; Mobili | VASI
http://w3id.org/zac/81829_lot_22,2,Oggetti d'arte; Mobili | Maioliche; porcellane | Maioliche; Porcellane | MAIOLICHE; PORCELLANE | Oggetti d'Arte; Mobili
http://w3id.org/zac/81829_lot_23,2,Oggetti d'Arte; Mobili | Oggetti d'arte; Mobili | VASI
http://w3id.org/zac/81829_lot_24,2,Oggetti d'arte; Mobili | Oggetti d'Arte; Mobili | VASI
http://w3id.org/zac/81829_lot_30,2,ACQUEFORTI | VASI
http://w3id.org/zac/81829_lot_35,2,DIPINTI | CORNICI
http://w3id.org/zac/81830_lot_10,2,DIPINTI | Oggetti d'arte; Mobili | Oggetti d'Arte; Mobili
http://w3id.org/zac/81830_lot_11,2,CORNICI | DIPINTI
http://w3id.org/zac/81830_lot_12,2,DIPINTI | VASI
http://w3id.org/zac/81830_lot_17,2,DIPINTI | Oggetti d'Arte; Mobili | Oggetti d'arte; Mobili
http://w3id.org/zac/81830_lot_2,2,DIPINTI | Oggetti d'Arte; Mobili | Oggetti d'arte; Mobili
http://w3id.org/zac/81830_lot_25,2,Oggetti d'Arte; Mobili | MINIATURE | Oggetti d'arte; Mobili
http://w3id.org/zac/81830_lot_3,2,DIPINTI | Oggetti d'Arte; Mobili | Oggetti d'arte; Mobili
http://w3id.org/zac/81830_lot_4,2,DIPINTI | Oggetti d'Arte; Mobili | Oggetti d'arte; Mobili
http://w3id.org/zac/81830_lot_7,2,Oggetti d'arte; Mobili | Oggetti d'Arte; Mobili | PIATTI
http://w3id.org/zac/81830_lot_8,2,Oggetti d'arte; Mobili | Oggetti d'Arte; Mobili | PIATTI
http://w3id.org/zac/81830_lot_9,2,DIPINTI | Oggetti d'arte; Mobili | Oggetti d'Arte; Mobili
http://w3id.org/zac/81831_lot_105,2,MARMI | POLTRONE
http://w3id.org/zac/81831_lot_106,2,MOBILI | VASI
http://w3id.org/zac/81831_lot_120,2,MARMI | MOBILI
http://w3id.org/zac/81831_lot_125,2,ARREDAMENTI | MARMI
http://w3id.org/zac/81831_lot_126,2,MARMI | MOBILI
http://w3id.org/zac/81831_lot_127,2,CORNICI | MARMI
http://w3id.org/zac/81831_lot_28,2,MARMI | MOBILI
http://w3id.org/zac/81831_lot_48,2,MARMI | OGGETTI VARI
http://w3id.org/zac/81831_lot_63,2,MARMI | OGGETTI D'ARTE
http://w3id.org/zac/81831_lot_69,2,MARMI | OGGETTI D'ARTE
http://w3id.org/zac/81831_lot_70,2,MARMI | OGGETTI D'ARTE
http://w3id.org/zac/81831_lot_81,2,BISCOTTI | MARMI
http://w3id.org/zac/81831_lot_83,2,CORNICI | MARMI
http://w3id.org/zac/81831_lot_84,2,MARMI | OGGETTI D'ARTE
http://w3id.org/zac/81831_lot_85,2,MARMI | OGGETTI D'ARTE
http://w3id.org/zac/81831_lot_86,2,CORNICI | MARMI
http://w3id.org/zac/81831_lot_88,2,MARMI | OGGETTI D'ARTE
http://w3id.org/zac/81831_lot_96,2,BASSORILIEVI | OGGETTI D'ARTE
http://w3id.org/zac/81832_lot_1,2,DIPINTI | LIBRI
http://w3id.org/zac/81832_lot_16,2,LIBRI | OGGETTI D'ARTE
http://w3id.org/zac/81832_lot_17,2,DIPINTI | LIBRI
http://w3id.org/zac/81832_lot_18,2,DIPINTI | LIBRI
http://w3id.org/zac/81832_lot_520,2,DIPINTI | LIBRI
http://w3id.org/zac/81832_lot_521,2,DIPINTI | LIBRI
http://w3id.org/zac/81832_lot_531,2,LIBRI | OGGETTI VARI
http://w3id.org/zac/81832_lot_61,2,MOBILI | OGGETTI VARI
http://w3id.org/zac/81832_lot_71,2,LIBRI | MOBILI
http://w3id.org/zac/81832_lot_752,2,OGGETTI VARI | TAPPETI
http://w3id.org/zac/81832_lot_76,2,MERLETTI | TAPPETI
http://w3id.org/zac/81832_lot_88,2,MOBILI | MERLETTI
http://w3id.org/zac/81832_lot_908,2,OGGETTI D'ARTE | VASI
http://w3id.org/zac/81832_lot_91,2,MERLETTI | MINIATURE
http://w3id.org/zac/81833_lot_1,2,OGGETTI VARI | OGGETTI D'ARTE
http://w3id.org/zac/81833_lot_14,2,OGGETTI D'ARTE | VASI
http://w3id.org/zac/81833_lot_17,2,MOBILI | OGGETTI D'ARTE
http://w3id.org/zac/81833_lot_20,2,MINIATURE | OGGETTI D'ARTE
http://w3id.org/zac/81833_lot_331,2,CORNICI | OGGETTI D'ARTE
http://w3id.org/zac/81833_lot_598,2,DIPINTI | MOBILI
http://w3id.org/zac/81833_lot_9,2,DIPINTI | OGGETTI D'ARTE
http://w3id.org/zac/81835_lot_1,2,MOBILI; TAPPETI | Mobili; tappeti | TERRECOTTE
http://w3id.org/zac/81835_lot_115,2,MOBILI; TAPPETI | Mobili; tappeti | SCULTURE
http://w3id.org/zac/81835_lot_15,2,ARMI | Mobili; tappeti | MOBILI; TAPPETI
http://w3id.org/zac/81835_lot_18,2,ARMI | Mobili; tappeti | MOBILI; TAPPETI
http://w3id.org/zac/81835_lot_19,2,ARMI | MOBILI; TAPPETI | Mobili; tappeti
http://w3id.org/zac/81835_lot_21,2,ARMI | Mobili; tappeti | MOBILI; TAPPETI
http://w3id.org/zac/81835_lot_22,2,ARMI | MOBILI; TAPPETI | Mobili; tappeti
http://w3id.org/zac/81835_lot_24,2,ARMI | Mobili; tappeti | MOBILI; TAPPETI
http://w3id.org/zac/81835_lot_25,2,ARMI | Mobili; tappeti | MOBILI; TAPPETI
http://w3id.org/zac/81835_lot_35,2,BRONZI | MOBILI; TAPPETI | Mobili; tappeti
http://w3id.org/zac/81835_lot_807,2,BRONZI | TERRECOTTE
http://w3id.org/zac/81836_lot_14,2,MOBILI | Miniature; Quadri
http://w3id.org/zac/81836_lot_15,2,DIPINTI | LAMPADE
http://w3id.org/zac/81836_lot_19,2,MOBILI | Miniature; Quadri
http://w3id.org/zac/81836_lot_20,2,Miniature; Quadri | MOBILI
http://w3id.org/zac/81836_lot_21,2,MOBILI | Miniature; Quadri
http://w3id.org/zac/81836_lot_24,2,MOBILI | Miniature; Quadri
http://w3id.org/zac/81836_lot_25,2,MOBILI | Miniature; Quadri
http://w3id.org/zac/81836_lot_554,2,MINIATURE | Miniature; Quadri
http://w3id.org/zac/81837_lot_11,2,DIPINTI | OGGETTI D'ARTE
http://w3id.org/zac/81837_lot_15,2,DIPINTI | OGGETTI D'ARTE
http://w3id.org/zac/81837_lot_16,2,DIPINTI | OGGETTI D'ARTE
http://w3id.org/zac/81837_lot_18,2,DIPINTI | OGGETTI D'ARTE
http://w3id.org/zac/81837_lot_19,2,DIPINTI | OGGETTI D'ARTE
http://w3id.org/zac/81837_lot_20,2,OGGETTI D'ARTE | VASI
http://w3id.org/zac/81837_lot_21,2,DIPINTI | PIATTI
http://w3id.org/zac/81837_lot_23,2,DIPINTI | OGGETTI D'ARTE
http://w3id.org/zac/81837_lot_25,2,PIATTI | VASI
http://w3id.org/zac/81837_lot_26,2,LAMPADE | OGGETTI D'ARTE
http://w3id.org/zac/81838_lot_6,2,ARREDAMENTI | OGGETTI VARI
http://w3id.org/zac/81839_lot_10,2,DIPINTI | Mobili; Oggetti d'arte
http://w3id.org/zac/81839_lot_13,2,Mobili; Oggetti d'arte | VASI
http://w3id.org/zac/81839_lot_19,2,Mobili; Oggetti d'arte | Oggetti d'arte; Quadri
http://w3id.org/zac/81839_lot_2,2,DIPINTI | Mobili; Oggetti d'arte
http://w3id.org/zac/81839_lot_21,2,Argenterie; Oggetti d'arte; Miniature; Quadri | Mobili; Oggetti d'arte
http://w3id.org/zac/81839_lot_23,2,Argenterie; Oggetti d'arte; Miniature; Quadri | Mobili; Oggetti d'arte
http://w3id.org/zac/81839_lot_24,2,Argenterie; Oggetti d'arte; Miniature; Quadri | Mobili; Oggetti d'arte
http://w3id.org/zac/81839_lot_25,2,ARREDAMENTI | Oggetti d'arte; Quadri
http://w3id.org/zac/81839_lot_28,2,Oggetti d'arte; Quadri | POLTRONE
http://w3id.org/zac/81839_lot_29,2,Mobili; Oggetti d'arte | Oggetti d'arte; Quadri
http://w3id.org/zac/81839_lot_30,2,ARREDAMENTI | Oggetti d'arte; Quadri
http://w3id.org/zac/81839_lot_I,2,DIPINTI | Oggetti d'arte; Quadri
http://w3id.org/zac/81840_lot_17,2,BISCOTTI | SEDIE
http://w3id.org/zac/81840_lot_22,2,COPPE | OGGETTI IN LEGNO
http://w3id.org/zac/81840_lot_7,2,CORNICI | LAMPADE
http://w3id.org/zac/81840_lot_8,2,OGGETTI VARI | PIATTI
http://w3id.org/zac/81840_lot_9,2,OGGETTI VARI | VASI
http://w3id.org/zac/81841_lot_19,2,CORNICI | OGGETTI IN LEGNO
http://w3id.org/zac/81841_lot_3,2,CORNICI | OGGETTI VARI
http://w3id.org/zac/81841_lot_7,2,CORNICI | OGGETTI IN LEGNO
http://w3id.org/zac/81844_lot_26,2,PIATTI | VASI
http://w3id.org/zac/81844_lot_4,2,OGGETTI VARI | VETRI
http://w3id.org/zac/81844_lot_5,2,BISCOTTI | CORNICI
http://w3id.org/zac/81844_lot_6,2,LAMPADE | VASI
http://w3id.org/zac/81845_lot_2,2,ARREDAMENTI | VASI
http://w3id.org/zac/81845_lot_3,2,OGGETTI VARI | VASI
http://w3id.org/zac/81845_lot_8,2,MINIATURE | PIATTI
http://w3id.org/zac/81847_lot_13,2,ACQUEFORTI | MINIATURE
http://w3id.org/zac/81847_lot_242,2,DIPINTI | MINIATURE
http://w3id.org/zac/81847_lot_244,2,DIPINTI | SEDIE
http://w3id.org/zac/81847_lot_3,2,OGGETTI VARI | VASI
http://w3id.org/zac/81848_lot_10,2,MINIATURE | VASI
http://w3id.org/zac/81848_lot_12,2,LAMPADE | VASI
http://w3id.org/zac/81848_lot_21,2,POLTRONE | SEDIE
http://w3id.org/zac/81849_lot_16,2,ARREDAMENTI | OGGETTI IN LEGNO
http://w3id.org/zac/81849_lot_21,2,PANNELLI | SEDIE
http://w3id.org/zac/81849_lot_24,2,PANNELLI | VASI
http://w3id.org/zac/81850_lot_3,2,VASI DA FARMACIA | VASI
http://w3id.org/zac/81850_lot_6,2,PANNELLI | VASI
http://w3id.org/zac/81853_lot_1,2,MAIOLICHE | PORCELLANE
http://w3id.org/zac/81853_lot_800,2,BRONZI | MAIOLICHE
http://w3id.org/zac/81856_lot_11,2,BOTTIGLIE | VASI
http://w3id.org/zac/81856_lot_12,2,INSETTI | VASI
http://w3id.org/zac/81856_lot_16,2,VASI | SCOMPARTI
http://w3id.org/zac/81856_lot_23,2,PIATTI | VASI
http://w3id.org/zac/81856_lot_8,2,INSETTI | SCOMPARTI
http://w3id.org/zac/81857_lot_2,2,MAIOLICHE | OGGETTI VARI
http://w3id.org/zac/81857_lot_5,2,MAIOLICHE | PORCELLANE
http://w3id.org/zac/81857_lot_6,2,MAIOLICHE | PORCELLANE
http://w3id.org/zac/81857_lot_7,2,PORCELLANE | VASI
http://w3id.org/zac/81858_lot_11,2,Mercoledi 14 Aprile | POLTRONE
http://w3id.org/zac/81858_lot_4,2,Mercoledi 14 Aprile | Venerdi 16 Aprile
http://w3id.org/zac/81858_lot_9,2,Mercoledi 14 Aprile | POLTRONE
http://w3id.org/zac/81859_lot_31,2,ACQUEFORTI | DIPINTI
http://w3id.org/zac/81859_lot_5,2,DIPINTI | OGGETTI VARI
http://w3id.org/zac/81859_lot_6,2,DIPINTI | OGGETTI VARI
http://w3id.org/zac/81860_lot_12,2,Condizioni di Vendita | CORNICI
http://w3id.org/zac/81860_lot_13,2,Condizioni di Vendita | MINIATURE
http://w3id.org/zac/81860_lot_14,2,Condizioni di Vendita | MINIATURE
http://w3id.org/zac/81860_lot_15,2,Condizioni di Vendita | MINIATURE
http://w3id.org/zac/81860_lot_18,2,Condizioni di Vendita | CORNICI
http://w3id.org/zac/81860_lot_4,2,Condizioni di Vendita | OGGETTI VARI
http://w3id.org/zac/81860_lot_5,2,Condizioni di Vendita | SEDIE
http://w3id.org/zac/81860_lot_7,2,CORNICI | Condizioni di Vendita
http://w3id.org/zac/81860_lot_9,2,Condizioni di Vendita | SEDIE
http://w3id.org/zac/81861_lot_8,2,MINIATURE | OGGETTI VARI
http://w3id.org/zac/81861_lot_9,2,MINIATURE | OGGETTI VARI
http://w3id.org/zac/81863_lot_10,2,PRIMA SERATA DI VENDITA | QUARTA SERATA
http://w3id.org/zac/81863_lot_12,2,QUARTA SERATA | PRIMA SERATA DI VENDITA
http://w3id.org/zac/81863_lot_13,2,PRIMA SERATA DI VENDITA | QUARTA SERATA
http://w3id.org/zac/81863_lot_14,2,PRIMA SERATA DI VENDITA | QUARTA SERATA
http://w3id.org/zac/81863_lot_15,2,PRIMA SERATA DI VENDITA | QUARTA SERATA
http://w3id.org/zac/81863_lot_16,2,QUARTA SERATA | PRIMA SERATA DI VENDITA
http://w3id.org/zac/81863_lot_17,2,PRIMA SERATA DI VENDITA | QUARTA SERATA
http://w3id.org/zac/81863_lot_18,2,PRIMA SERATA DI VENDITA | QUARTA SERATA
http://w3id.org/zac/81863_lot_19,2,PRIMA SERATA DI VENDITA | QUARTA SERATA
http://w3id.org/zac/81863_lot_20,2,QUARTA SERATA | PRIMA SERATA DI VENDITA
http://w3id.org/zac/81863_lot_21,2,PRIMA SERATA DI VENDITA | QUARTA SERATA
http://w3id.org/zac/81863_lot_22,2,PRIMA SERATA DI VENDITA | QUARTA SERATA
http://w3id.org/zac/81863_lot_23,2,PRIMA SERATA DI VENDITA | QUARTA SERATA
http://w3id.org/zac/81863_lot_24,2,VASI | QUARTA SERATA
http://w3id.org/zac/81863_lot_25,2,QUARTA SERATA | PRIMA SERATA DI VENDITA
http://w3id.org/zac/81863_lot_26,2,PRIMA SERATA DI VENDITA | QUARTA SERATA
http://w3id.org/zac/81863_lot_27,2,QUARTA SERATA | PRIMA SERATA DI VENDITA
http://w3id.org/zac/81863_lot_29,2,QUARTA SERATA | PRIMA SERATA DI VENDITA
http://w3id.org/zac/81863_lot_30,2,QUARTA SERATA | PRIMA SERATA DI VENDITA
http://w3id.org/zac/81863_lot_31,2,QUARTA SERATA | PRIMA SERATA DI VENDITA
http://w3id.org/zac/81863_lot_32,2,QUARTA SERATA | PRIMA SERATA DI VENDITA
http://w3id.org/zac/81863_lot_33,2,PRIMA SERATA DI VENDITA | QUARTA SERATA
http://w3id.org/zac/81863_lot_34,2,PRIMA SERATA DI VENDITA | QUARTA SERATA
http://w3id.org/zac/81863_lot_36,2,PRIMA SERATA DI VENDITA | QUARTA SERATA
http://w3id.org/zac/81863_lot_37,2,QUARTA SERATA | PRIMA SERATA DI VENDITA
http://w3id.org/zac/81863_lot_38,2,PIATTI | QUARTA SERATA
http://w3id.org/zac/81863_lot_39,2,QUARTA SERATA | PRIMA SERATA DI VENDITA
http://w3id.org/zac/81863_lot_4,2,OGGETTI VARI | QUARTA SERATA
http://w3id.org/zac/81863_lot_40,2,QUARTA SERATA | PRIMA SERATA DI VENDITA
http://w3id.org/zac/81863_lot_41,2,PRIMA SERATA DI VENDITA | QUARTA SERATA
http://w3id.org/zac/81863_lot_42,2,PRIMA SERATA DI VENDITA | QUARTA SERATA
http://w3id.org/zac/81863_lot_43,2,QUARTA SERATA | PRIMA SERATA DI VENDITA
http://w3id.org/zac/81863_lot_45,2,QUARTA SERATA | PRIMA SERATA DI VENDITA
http://w3id.org/zac/81863_lot_47,2,PRIMA SERATA DI VENDITA | QUARTA SERATA
http://w3id.org/zac/81863_lot_48,2,PRIMA SERATA DI VENDITA | QUARTA SERATA
http://w3id.org/zac/81863_lot_5,2,QUARTA SERATA | PRIMA SERATA DI VENDITA
http://w3id.org/zac/81863_lot_6,2,PRIMA SERATA DI VENDITA | QUARTA SERATA
http://w3id.org/zac/81863_lot_8,2,QUARTA SERATA | PRIMA SERATA DI VENDITA
http://w3id.org/zac/81863_lot_9,2,QUARTA SERATA | PRIMA SERATA DI VENDITA
http://w3id.org/zac/81865_lot_11,2,VASI | POLTRONE
http://w3id.org/zac/81865_lot_5,2,MARMI | POLTRONE
http://w3id.org/zac/81865_lot_7,2,MARMI | POLTRONE
http://w3id.org/zac/81865_lot_8,2,OGGETTI VARI | OGGETTI IN LEGNO
http://w3id.org/zac/81865_lot_I,2,MARMI | OGGETTI VARI
http://w3id.org/zac/81867_lot_11,2,LAMPADE | STAMPE E INCISIONI
http://w3id.org/zac/81867_lot_2,2,PANNELLI | OGGETTI VARI
http://w3id.org/zac/81867_lot_3,2,LAMPADE | OGGETTI VARI
http://w3id.org/zac/81867_lot_7,2,LAMPADE | OGGETTI IN LEGNO
http://w3id.org/zac/81867_lot_8,2,OGGETTI VARI | VASI
http://w3id.org/zac/81869_lot_6,2,MINIATURE | VASI
http://w3id.org/zac/81872_lot_3,2,OGGETTI VARI | SEDIE
http://w3id.org/zac/81872_lot_6,2,MINIATURE | OGGETTI VARI
http://w3id.org/zac/81872_lot_8,2,CORNICI | OGGETTI VARI
http://w3id.org/zac/81874_lot_1,2,OGGETTI VARI | TAPPETI
http://w3id.org/zac/81874_lot_35,2,PIATTI | TAPPETI
http://w3id.org/zac/81874_lot_4,2,OGGETTI VARI | TAPPETI
http://w3id.org/zac/81874_lot_76,2,STAMPE E INCISIONI | TAPPETI
http://w3id.org/zac/81877_lot_10,2,DIPINTI | CANDELABRI
http://w3id.org/zac/81877_lot_12,2,DIPINTI | LAMPADE
http://w3id.org/zac/81877_lot_124,2,DIPINTI | ARREDAMENTI
http://w3id.org/zac/81877_lot_13,2,CANDELABRI | DIPINTI
http://w3id.org/zac/81877_lot_14,2,DIPINTI | CORNICI
http://w3id.org/zac/81877_lot_16,2,DIPINTI | CANDELABRI
http://w3id.org/zac/81877_lot_19,2,DIPINTI | ARREDAMENTI
http://w3id.org/zac/81877_lot_254,2,DIPINTI | ACQUEFORTI
http://w3id.org/zac/81877_lot_27,2,CORNICI | DIPINTI
http://w3id.org/zac/81877_lot_3,2,CANDELABRI | DIPINTI
http://w3id.org/zac/81877_lot_450,2,COPPE | LAMPADE
http://w3id.org/zac/81877_lot_463,2,DIPINTI | INSETTI
http://w3id.org/zac/81877_lot_5,2,DIPINTI | PIATTI
http://w3id.org/zac/81877_lot_6,2,DIPINTI | CANDELABRI
http://w3id.org/zac/81878_lot_11,2,LIBRI | PIATTI
http://w3id.org/zac/81878_lot_12,2,OGGETTI VARI | POLTRONE
http://w3id.org/zac/81878_lot_14,2,CORNICI | SPECCHI
http://w3id.org/zac/81878_lot_15,2,LIBRI | STAMPE E INCISIONI
http://w3id.org/zac/81878_lot_16,2,CORNICI | LIBRI
http://w3id.org/zac/81878_lot_18,2,LIBRI | SCOMPARTI
http://w3id.org/zac/81878_lot_19,2,LIBRI | LAMPADE
http://w3id.org/zac/81878_lot_23,2,LIBRI | VASI
http://w3id.org/zac/81878_lot_24,2,LIBRI | OGGETTI IN LEGNO
http://w3id.org/zac/81878_lot_26,2,LIBRI | STAMPE E INCISIONI
http://w3id.org/zac/81878_lot_37,2,LAMPADE | POLTRONE
http://w3id.org/zac/81878_lot_38,2,LIBRI | LAMPADE
http://w3id.org/zac/81878_lot_630,2,CORNICI | LIBRI
http://w3id.org/zac/81878_lot_677,2,LIBRI | STAMPE E INCISIONI
http://w3id.org/zac/81878_lot_788,2,LIBRI | STAMPE E INCISIONI
http://w3id.org/zac/81878_lot_8,2,LIBRI | VASI
http://w3id.org/zac/81878_lot_810,2,LIBRI | POLTRONE
http://w3id.org/zac/81878_lot_9,2,CORNICI | LIBRI
http://w3id.org/zac/81878_lot_I,2,LIBRI | OGGETTI VARI
http://w3id.org/zac/81879_lot_1,2,ACQUEFORTI | Quadri Moderni; Disegni
http://w3id.org/zac/81879_lot_11,2,MINIATURE | OGGETTI VARI
http://w3id.org/zac/81879_lot_13,2,DISEGNI | OGGETTI VARI
http://w3id.org/zac/81879_lot_19,2,VASI | SCOMPARTI
http://w3id.org/zac/81879_lot_20,2,MINIATURE | VASI
http://w3id.org/zac/81879_lot_8,2,POLTRONE | Quadri Moderni; Disegni
http://w3id.org/zac/81879_lot_I,2,Quadri Antichi; Disegni | Quadri Moderni; Disegni
http://w3id.org/zac/81881_lot_3,2,OGGETTI VARI | VASI
http://w3id.org/zac/81882_lot_8,2,VASI | STAMPE E INCISIONI
http://w3id.org/zac/81887_lot_4,2,OGGETTI VARI | VASI
http://w3id.org/zac/81890_lot_13,2,VASI | POLTRONE
http://w3id.org/zac/81890_lot_14,2,POLTRONE | VASI
http://w3id.org/zac/81890_lot_19,2,PANNELLI | VASI
http://w3id.org/zac/81890_lot_22,2,SCOMPARTI | VASI
http://w3id.org/zac/81890_lot_4,2,OGGETTI VARI | VASI
http://w3id.org/zac/81890_lot_8,2,OGGETTI VARI | VASI
http://w3id.org/zac/81893_lot_18,2,PRIMA VENDITA | SECONDA VENDITA
http://w3id.org/zac/81893_lot_26,2,TERZA VENDITA | PRIMA VENDITA
http://w3id.org/zac/81893_lot_28,2,PRIMA VENDITA | POLTRONE
http://w3id.org/zac/81893_lot_5,2,SECONDA VENDITA | TERZA VENDITA
http://w3id.org/zac/81893_lot_7,2,TERZA VENDITA | PRIMA VENDITA
http://w3id.org/zac/81893_lot_9,2,PRIMA VENDITA | TERZA VENDITA
http://w3id.org/zac/81894_lot_14,2,OGGETTI IN LEGNO | VASI
http://w3id.org/zac/81894_lot_16,2,OGGETTI IN LEGNO | PIATTI
http://w3id.org/zac/81894_lot_2,2,CORNICI | OGGETTI IN LEGNO
http://w3id.org/zac/81894_lot_7,2,ARREDAMENTI | VASI
http://w3id.org/zac/81902_lot_2,2,CORNICI | SPECCHI
http://w3id.org/zac/81902_lot_5,2,POLTRONE | VASI
http://w3id.org/zac/81904_lot_1,2,BOTTIGLIE | OGGETTI VARI
http://w3id.org/zac/81904_lot_12,2,OGGETTI IN LEGNO | VASI
http://w3id.org/zac/81904_lot_13,2,ARREDAMENTI | POLTRONE
http://w3id.org/zac/81904_lot_16,2,CORNICI | OGGETTI IN LEGNO
http://w3id.org/zac/81904_lot_3,2,OGGETTI VARI | POLTRONE
http://w3id.org/zac/81913_lot_1,2,OGGETTI VARI | STAMPE E INCISIONI
http://w3id.org/zac/81913_lot_110,2,OGGETTI VARI | STAMPE E INCISIONI
http://w3id.org/zac/81913_lot_112,2,STRUMENTI MUSICALI | STAMPE E INCISIONI
http://w3id.org/zac/81913_lot_131,2,BASTONI | OGGETTI VARI
http://w3id.org/zac/81913_lot_138,2,BASTONI | OGGETTI VARI
http://w3id.org/zac/81913_lot_139,2,OGGETTI LITURGICI | OGGETTI VARI
http://w3id.org/zac/81913_lot_141,2,ARMI | OGGETTI VARI
http://w3id.org/zac/81913_lot_151,2,MAIOLICHE | OGGETTI VARI
http://w3id.org/zac/81913_lot_161,2,MAIOLICHE | OGGETTI VARI
http://w3id.org/zac/81913_lot_166,2,MAIOLICHE | OGGETTI LITURGICI
http://w3id.org/zac/81913_lot_17,2,MAIOLICHE | SCATOLE
http://w3id.org/zac/81913_lot_1700,2,OGGETTI VARI | PORCELLANE; MAIOLICHE | Porcellane; maioliche | Porcellane; Maioliche
http://w3id.org/zac/81913_lot_18,2,OGGETTI VARI | Porcellane; Maioliche | PORCELLANE; MAIOLICHE | Porcellane; maioliche
http://w3id.org/zac/81913_lot_20,2,OGGETTI VARI | Porcellane; maioliche | Porcellane; Maioliche | PORCELLANE; MAIOLICHE
http://w3id.org/zac/81913_lot_2062,2,ARAZZI | OGGETTI VARI
http://w3id.org/zac/81913_lot_2063,2,ARAZZI | OGGETTI VARI
http://w3id.org/zac/81913_lot_21,2,BASTONI; OMBRELLI; MAZZE | STRUMENTI MUSICALI
http://w3id.org/zac/81913_lot_216,2,PIATTI | OGGETTI VARI
http://w3id.org/zac/81913_lot_218,2,MAIOLICHE | Porcellane; maioliche | PORCELLANE; MAIOLICHE | Porcellane; Maioliche
http://w3id.org/zac/81913_lot_225,2,OGGETTI VARI | STAMPE E INCISIONI
http://w3id.org/zac/81913_lot_241,2,OGGETTI VARI | STAMPE E INCISIONI
http://w3id.org/zac/81913_lot_261,2,OGGETTI VARI | SCATOLE
http://w3id.org/zac/81913_lot_2747,2,BRONZI; FERRI; OGGETTI VARI IN METALLO | OGGETTI VARI
http://w3id.org/zac/81913_lot_2899,2,OGGETTI VARI | SCATOLE
http://w3id.org/zac/81913_lot_2920,2,OGGETTI VARI | SCATOLE
http://w3id.org/zac/81913_lot_31,2,BOTTIGLIE | SCATOLE
http://w3id.org/zac/81913_lot_84,2,MAIOLICHE | PIATTI
http://w3id.org/zac/81915_lot_6,2,MINIATURE | VASI
http://w3id.org/zac/81920_lot_13,2,NATURE MORTE | LAMPADE
http://w3id.org/zac/81920_lot_14,2,NATURE MORTE | OGGETTI VARI
http://w3id.org/zac/81920_lot_4,2,CORNICI | NATURE MORTE
http://w3id.org/zac/81920_lot_46,2,BASSORILIEVI | SEDIE
http://w3id.org/zac/81920_lot_5,2,NATURE MORTE | VASI
http://w3id.org/zac/81920_lot_65,2,DIPINTI | OGGETTI IN LEGNO
http://w3id.org/zac/81920_lot_7,2,NATURE MORTE | SCATOLE
http://w3id.org/zac/81920_lot_8,2,NATURE MORTE | OGGETTI VARI
http://w3id.org/zac/81920_lot_9,2,NATURE MORTE | OGGETTI VARI
http://w3id.org/zac/81921_lot_234,2,ARAZZI | ARREDAMENTI
http://w3id.org/zac/81921_lot_255,2,ARAZZI | MINIATURE
http://w3id.org/zac/81922_lot_10,2,ARREDAMENTI | POLTRONE
http://w3id.org/zac/81922_lot_16,2,CORNICI | POLTRONE
http://w3id.org/zac/81922_lot_2,2,CORNICI | PANNELLI
http://w3id.org/zac/81922_lot_4,2,VASI | POLTRONE
http://w3id.org/zac/81922_lot_6,2,ARREDAMENTI | LAMPADE
http://w3id.org/zac/81922_lot_9,2,ARREDAMENTI | LAMPADE
http://w3id.org/zac/81925_lot_10,2,CANDELABRI | LAMPADE
http://w3id.org/zac/81925_lot_3,2,STAMPE E INCISIONI | VASI
http://w3id.org/zac/81925_lot_510,2,COPPE | OGGETTI VARI
http://w3id.org/zac/81946_lot_18,2,CORNICI | OGGETTI VARI
http://w3id.org/zac/81946_lot_90,2,CORNICI | OGGETTI VARI
http://w3id.org/zac/81946_lot_96,2,CORNICI | OGGETTI VARI
http://w3id.org/zac/81947_lot_2,2,OGGETTI VARI | SCOMPARTI
http://w3id.org/zac/81950_lot_108,2,CANDELABRI | MINIATURE
http://w3id.org/zac/81950_lot_98,2,VASI | STAMPE E INCISIONI
http://w3id.org/zac/81954_lot_10,2,MINIATURE | PIATTI
http://w3id.org/zac/81954_lot_11,2,ARREDAMENTI | LAMPADE
http://w3id.org/zac/81954_lot_12,2,ARREDAMENTI | LAMPADE
http://w3id.org/zac/81954_lot_14,2,ARREDAMENTI | SEDIE
http://w3id.org/zac/81960_lot_105,2,Federazione Naz. Fascista Antichita Artistici e Culturali | POLTRONE
http://w3id.org/zac/81960_lot_106,2,Federazione Naz. Fascista Antichita Artistici e Culturali | POLTRONE
http://w3id.org/zac/81960_lot_1181,2,BIANCHERIA | Federazione Naz. Fascista Antichita Artistici e Culturali
http://w3id.org/zac/81960_lot_12,2,Federazione Naz. Fascista Antichita Artistici e Culturali | VASI
http://w3id.org/zac/81960_lot_2,2,Federazione Naz. Fascista Antichita Artistici e Culturali | OGGETTI VARI
http://w3id.org/zac/81960_lot_6,2,Federazione Naz. Fascista Antichita Artistici e Culturali | POLTRONE
http://w3id.org/zac/81960_lot_8,2,Federazione Naz. Fascista Antichita Artistici e Culturali | OGGETTI VARI
http://w3id.org/zac/81960_lot_III,2,BIANCHERIA | POLTRONE
http://w3id.org/zac/81966_lot_16,2,OGGETTI D'ARTE | OGGETTI IN LEGNO
http://w3id.org/zac/81966_lot_2,2,OGGETTI D'ARTE | POLTRONE
http://w3id.org/zac/81966_lot_3,2,OGGETTI D'ARTE | VASI
http://w3id.org/zac/81966_lot_4,2,OGGETTI D'ARTE | POLTRONE
http://w3id.org/zac/81966_lot_6,2,OGGETTI D'ARTE | SPECCHI
http://w3id.org/zac/81966_lot_8,2,OGGETTI D'ARTE | POLTRONE
http://w3id.org/zac/81966_lot_9,2,OGGETTI D'ARTE | VASI
http://w3id.org/zac/81972_lot_10,2,PANNELLI | SCULTURE
http://w3id.org/zac/81972_lot_14,2,SCULTURE | VASI
http://w3id.org/zac/81972_lot_1405,2,MOBILI; OGGETTI | OGGETTI VARI
http://w3id.org/zac/81972_lot_1524,2,MOBILI; OGGETTI | POLTRONE
http://w3id.org/zac/81972_lot_2,2,CORNICI | SCULTURE
http://w3id.org/zac/81972_lot_4,2,SCOMPARTI | SCULTURE
http://w3id.org/zac/81972_lot_6,2,OGGETTI VARI | SCULTURE
http://w3id.org/zac/81972_lot_8,2,LAMPADE | SCULTURE
http://w3id.org/zac/81972_lot_9,2,VASI | SCULTURE
http://w3id.org/zac/81974_lot_12,2,ARREDAMENTI | VASI
http://w3id.org/zac/81974_lot_14,2,ARREDAMENTI | VASI
http://w3id.org/zac/81974_lot_16,2,CORNICI | VASI
http://w3id.org/zac/81974_lot_17,2,ARREDAMENTI | PIATTI
http://w3id.org/zac/81974_lot_19,2,CORNICI | VASI
http://w3id.org/zac/81974_lot_220,2,ARREDAMENTI | CORNICI
http://w3id.org/zac/81974_lot_3,2,ARAZZI | FOTOGRAFIE
http://w3id.org/zac/81974_lot_6,2,CORNICI | SEDIE
http://w3id.org/zac/81978_lot_1,2,MOBILI | PORCELLANE
http://w3id.org/zac/81978_lot_10,2,CERAMICHE | VETRI
http://w3id.org/zac/81978_lot_116,2,CERAMICHE | OGGETTI IN METALLO
http://w3id.org/zac/81978_lot_151,2,CERAMICHE | MOBILI
http://w3id.org/zac/81978_lot_159,2,MOBILI | VASI
http://w3id.org/zac/81978_lot_164,2,MOBILI | MAIOLICHE
http://w3id.org/zac/81978_lot_18,2,MOBILI | VASI
http://w3id.org/zac/81978_lot_181,2,ARAZZI | SEDIE
http://w3id.org/zac/81978_lot_184,2,CERAMICHE | TAPPETI
http://w3id.org/zac/81978_lot_23,2,CERAMICHE | MOBILI
http://w3id.org/zac/81978_lot_254,2,ARREDAMENTI | SCULTURE
http://w3id.org/zac/81978_lot_257,2,MOBILI | OGGETTI IN METALLO
http://w3id.org/zac/81978_lot_274,2,PORCELLANE | SCULTURE
http://w3id.org/zac/81978_lot_276,2,SCULTURE | TESSUTI
http://w3id.org/zac/81978_lot_280,2,TAPPETI | SCULTURE
http://w3id.org/zac/81978_lot_327,2,DIPINTI | MOBILI
http://w3id.org/zac/81978_lot_328,2,DIPINTI | MOBILI
http://w3id.org/zac/81978_lot_330,2,DIPINTI | CERAMICHE
http://w3id.org/zac/81978_lot_336,2,ARAZZI | MOBILI
http://w3id.org/zac/81978_lot_39,2,CERAMICHE | MOBILI
http://w3id.org/zac/81978_lot_40,2,MOBILI | PIATTI
http://w3id.org/zac/81978_lot_45,2,VASI | TAPPETI
http://w3id.org/zac/81978_lot_455,2,OGGETTI IN METALLO | VETRI
http://w3id.org/zac/81978_lot_66,2,OGGETTI IN METALLO | TAPPETI
http://w3id.org/zac/81978_lot_67,2,CERAMICHE | SPECCHI
http://w3id.org/zac/81978_lot_71,2,CERAMICHE | TESSUTI
http://w3id.org/zac/81980_lot_130,2,MOBILI | VASI
http://w3id.org/zac/81980_lot_154,2,SCULTURE | TAPPETI
http://w3id.org/zac/81980_lot_157,2,SCULTURE | TESSUTI
http://w3id.org/zac/81980_lot_222,2,MAIOLICHE | MOBILI
http://w3id.org/zac/81980_lot_248,2,VASI | SCULTURE
http://w3id.org/zac/81980_lot_255,2,MOBILI | TAPPETI
http://w3id.org/zac/81980_lot_27,2,MOBILI | MAIOLICHE; PORCELLANE | Maioliche; Porcellane | Maioliche; porcellane
http://w3id.org/zac/81980_lot_305,2,Maioliche; Porcellane | Maioliche; porcellane | MAIOLICHE; PORCELLANE | SCULTURE
http://w3id.org/zac/81980_lot_306,2,MAIOLICHE; PORCELLANE | Maioliche; Porcellane | Maioliche; porcellane | TAPPETI
http://w3id.org/zac/81980_lot_35,2,MOBILI | SCOMPARTI
http://w3id.org/zac/81980_lot_410,2,DIPINTI | Maioliche; Porcellane | MAIOLICHE; PORCELLANE | Maioliche; porcellane
http://w3id.org/zac/81980_lot_438,2,ARREDAMENTI | VASI
http://w3id.org/zac/81980_lot_71,2,PANNELLI | STOFFE; VELLUTI
http://w3id.org/zac/81980_lot_77,2,MOBILI | VASI
http://w3id.org/zac/81980_lot_8,2,MOBILI | OGGETTI IN METALLO
http://w3id.org/zac/83278_lot_30,2,LIBRI | PANNELLI
http://w3id.org/zac/83278_lot_32,2,LIBRI | VASI
http://w3id.org/zac/83278_lot_36,2,LIBRI | PIATTI
http://w3id.org/zac/83278_lot_38,2,LIBRI | Faiences; porcelaines | Faiences; Porcelaines | FAIENCES; PORCELAINES
http://w3id.org/zac/83627_lot_I,2,LIBRI | SCOMPARTI
http://w3id.org/zac/83633_lot_1,2,BIANCHERIA | PORCELLANE
http://w3id.org/zac/83633_lot_174,2,LAMPADE | OGGETTI IN LEGNO
http://w3id.org/zac/83633_lot_201,2,ARAZZI | PIATTI
http://w3id.org/zac/83634_lot_14,2,DIPINTI | VASI
http://w3id.org/zac/83634_lot_15,2,DIPINTI | OGGETTI IN LEGNO
http://w3id.org/zac/83635_lot_282,2,BASSORILIEVI | PORCELLANE
http://w3id.org/zac/83636_lot_10,2,ACQUERELLI | DISEGNI
http://w3id.org/zac/83636_lot_12,2,ACQUERELLI | DISEGNI
http://w3id.org/zac/83636_lot_28,2,ACQUERELLI | DISEGNI
http://w3id.org/zac/83636_lot_413,2,ARMI | LIVRES; PHOTOGRAPHIES
http://w3id.org/zac/83636_lot_43,2,BRONZES; CUIVRES | Bronzes; Cuivres | DISEGNI
http://w3id.org/zac/83636_lot_5,2,ACQUERELLI | DISEGNI
http://w3id.org/zac/83636_lot_6,2,ACQUERELLI | DISEGNI
http://w3id.org/zac/83638_lot_134,2,ARREDAMENTI | SPECCHI
http://w3id.org/zac/83640_lot_3,2,OGGETTI VARI | TESSUTI
http://w3id.org/zac/83640_lot_31,2,OGGETTI VARI | TESSUTI
http://w3id.org/zac/83640_lot_6,2,MINIATURE | OGGETTI VARI
http://w3id.org/zac/83640_lot_81,2,GIOIELLI | OGGETTI VARI
http://w3id.org/zac/83640_lot_I,2,ACQUEFORTI | VETRI
http://w3id.org/zac/83642_lot_26,2,MINIATURE | PORCELLANE
http://w3id.org/zac/83642_lot_403,2,MARMI | VASI
http://w3id.org/zac/83642_lot_48,2,GIOIELLI | OGGETTI IN LEGNO
http://w3id.org/zac/83642_lot_5,2,ARAZZI | MAIOLICHE
http://w3id.org/zac/83642_lot_52,2,GIOIELLI | OGGETTI IN LEGNO
http://w3id.org/zac/83642_lot_537,2,MEUBLES D'ART; MOBILIER | LAMPADE
http://w3id.org/zac/83642_lot_56,2,GIOIELLI | OGGETTI VARI
http://w3id.org/zac/83642_lot_613,2,ARREDAMENTI | VASI
http://w3id.org/zac/83642_lot_82,2,BIANCHERIA | OBJETS DE VITRINE; BOITES
http://w3id.org/zac/83644_lot_94,2,CANDELABRI | PORCELLANE
http://w3id.org/zac/83653_lot_16,2,VASI | SCOMPARTI
http://w3id.org/zac/83653_lot_18,2,BISCOTTI | OGGETTI IN LEGNO
http://w3id.org/zac/83653_lot_19,2,ACQUEFORTI | LUSTRI
http://w3id.org/zac/83655_lot_I,2,ACQUEFORTI | BRONZI
http://w3id.org/zac/83656_lot_1,2,OGGETTI VARI | STAMPE E INCISIONI
http://w3id.org/zac/83657_lot_4,2,ARAZZI | TAPISSERIES; BRODERIES
http://w3id.org/zac/83658_lot_12,2,OGGETTI IN LEGNO | VASI
http://w3id.org/zac/83658_lot_19,2,ARMI | OGGETTI IN LEGNO
http://w3id.org/zac/83658_lot_2,2,VASI | SCULTURE
http://w3id.org/zac/83658_lot_25,2,OGGETTI VARI | SMALTI
http://w3id.org/zac/83658_lot_28,2,SMALTI | PORCELLANE
http://w3id.org/zac/83658_lot_29,2,PIATTI | PORCELLANE
http://w3id.org/zac/83658_lot_4,2,OGGETTI VARI | SCULTURE
http://w3id.org/zac/83658_lot_6,2,SCULTURE | VASI
http://w3id.org/zac/83658_lot_63,2,BASSORILIEVI | VASI
http://w3id.org/zac/83658_lot_I,2,LIBRI | OGGETTI IN LEGNO
http://w3id.org/zac/83659_lot_10,2,BRONZI | DIPINTI
http://w3id.org/zac/83659_lot_13,2,GRAVURES; LITHOGRAPHIES | LAMPADE
http://w3id.org/zac/83659_lot_3,2,ACQUEFORTI | SCULTURE
http://w3id.org/zac/83659_lot_5,2,ARAZZI | SCULTURE
http://w3id.org/zac/83660_lot_379,2,Le Mercredi 28 Juin 1899 | VASI
http://w3id.org/zac/83660_lot_42,2,CANDELABRI | OGGETTI IN PELTRO
http://w3id.org/zac/83660_lot_429,2,Le Mercredi 28 Juin 1899 | LAMPADE
http://w3id.org/zac/83660_lot_472,2,Le Mercredi 28 Juin 1899 | OGGETTI IN LEGNO
http://w3id.org/zac/83660_lot_515,2,Le Mercredi 28 Juin 1899 | OGGETTI IN LEGNO
http://w3id.org/zac/83662_lot_10,2,LUSTRI | SCATOLE
http://w3id.org/zac/83662_lot_13,2,BRONZI | ARAZZI
http://w3id.org/zac/83662_lot_5,2,PORCELLANE | VASI
http://w3id.org/zac/83662_lot_6,2,BRONZI | VASI
http://w3id.org/zac/83662_lot_8,2,LUSTRI | PORCELLANE
http://w3id.org/zac/83666_lot_I,2,OGGETTI VARI | OGGETTI IN METALLO
http://w3id.org/zac/83668_lot_I,2,OGGETTI VARI | OGGETTI IN PELTRO
http://w3id.org/zac/83670_lot_11,2,BASSORILIEVI | OGGETTI VARI
http://w3id.org/zac/83670_lot_13,2,MAIOLICHE | PIATTI
http://w3id.org/zac/83670_lot_33,2,LAMPADE | OGGETTI IN LEGNO
http://w3id.org/zac/83670_lot_36,2,ARAZZI | OGGETTI VARI
http://w3id.org/zac/83670_lot_5,2,BASSORILIEVI | MAIOLICHE
http://w3id.org/zac/83672_lot_I,2,BASSORILIEVI | PANNELLI
http://w3id.org/zac/83682_lot_16,2,BOITES; ETUIS | GIOIELLI
http://w3id.org/zac/83682_lot_I,2,OGGETTI IN LEGNO | SEDIE
http://w3id.org/zac/83686_lot_353,2,OGGETTI VARI | STAMPE E INCISIONI
http://w3id.org/zac/83686_lot_41,2,OGGETTI IN LEGNO | VASI
http://w3id.org/zac/83686_lot_45,2,ARREDAMENTI | OGGETTI IN LEGNO
http://w3id.org/zac/83686_lot_48,2,OGGETTI IN LEGNO | VASI
http://w3id.org/zac/83686_lot_727,2,OGGETTI IN LEGNO | SEDIE
http://w3id.org/zac/83687_lot_1,2,CERAMICHE | MOBILI
http://w3id.org/zac/83687_lot_13,2,BISCOTTI | SCULTURE
http://w3id.org/zac/83687_lot_15,2,BISCOTTI | MAIOLICHE
http://w3id.org/zac/83687_lot_3,2,CERAMICHE | ORFEVRERIE; BIJOUX
http://w3id.org/zac/83687_lot_5,2,CERAMICHE | VASI
http://w3id.org/zac/83687_lot_8,2,ARREDAMENTI | VASI
http://w3id.org/zac/83689_lot_28,2,OGGETTI D'ARTE | PORCELLANE
http://w3id.org/zac/83689_lot_35,2,GIOIELLI | OGGETTI VARI
http://w3id.org/zac/83690_lot_2,2,Le Port de Marseille | OGGETTI VARI
http://w3id.org/zac/83690_lot_25,2,Bessancourt | GIOIELLI
http://w3id.org/zac/83690_lot_26,2,GIOIELLI | Le Port de Marseille
http://w3id.org/zac/83690_lot_3,2,Le Port de Marseille | OGGETTI VARI
http://w3id.org/zac/83690_lot_33,2,Le Port de Marseille | OGGETTI IN METALLO
http://w3id.org/zac/83690_lot_36,2,Le Port de Marseille | OGGETTI IN LEGNO
http://w3id.org/zac/83690_lot_I,2,Bessancourt | ACQUERELLI
http://w3id.org/zac/83694_lot_10,2,GIOIELLI | OGGETTI D'ARTE
http://w3id.org/zac/83694_lot_13,2,GIOIELLI | OGGETTI IN LEGNO
http://w3id.org/zac/83694_lot_16,2,GIOIELLI | OGGETTI D'ARTE
http://w3id.org/zac/83694_lot_6,2,OGGETTI D'ARTE | PIATTI
http://w3id.org/zac/83694_lot_62,2,OGGETTI VARI | STAMPE E INCISIONI
http://w3id.org/zac/83694_lot_8,2,OGGETTI D'ARTE | SCATOLE
http://w3id.org/zac/83695_lot_22,2,ARREDAMENTI | LIBRI
http://w3id.org/zac/83695_lot_I,2,LIBRI | OGGETTI VARI
http://w3id.org/zac/83696_lot_10,2,Faiences; porcelaines | Faiences; Porcelaines | FAIENCES; PORCELAINES | PIATTI
http://w3id.org/zac/83696_lot_12,2,CANDELABRI | OGGETTI IN LEGNO
http://w3id.org/zac/83696_lot_7,2,Faiences; porcelaines | Faiences; Porcelaines | FAIENCES; PORCELAINES | VASI
http://w3id.org/zac/83696_lot_8,2,Faiences; Porcelaines | FAIENCES; PORCELAINES | Faiences; porcelaines | OGGETTI IN FERRO
http://w3id.org/zac/83697_lot_16,2,DIPINTI | MOBILI
http://w3id.org/zac/83697_lot_6,2,DIPINTI | MOBILI
http://w3id.org/zac/83697_lot_8,2,DIPINTI | OGGETTI IN LEGNO
http://w3id.org/zac/83697_lot_9,2,DIPINTI | OGGETTI VARI
http://w3id.org/zac/83701_lot_2,2,OGGETTI VARI | PORCELLANE
http://w3id.org/zac/83702_lot_3,2,MARMI | TERRECOTTE
http://w3id.org/zac/83702_lot_5,2,OGGETTI D'ARTE ORIENTALE | MARMI
http://w3id.org/zac/83707_lot_13,2,OGGETTI IN LEGNO | STAMPE E INCISIONI
http://w3id.org/zac/83707_lot_15,2,MAIOLICHE | VETRI
http://w3id.org/zac/83707_lot_18,2,BASSORILIEVI | STAMPE E INCISIONI
http://w3id.org/zac/83707_lot_2,2,OGGETTI IN METALLO | STAMPE E INCISIONI
http://w3id.org/zac/83707_lot_21,2,ARAZZI | STAMPE E INCISIONI
http://w3id.org/zac/83707_lot_3,2,OGGETTI LITURGICI | STAMPE E INCISIONI
http://w3id.org/zac/83707_lot_5,2,BRONZI | STAMPE E INCISIONI
http://w3id.org/zac/83707_lot_II,2,MAIOLICHE | STAMPE E INCISIONI
http://w3id.org/zac/83709_lot_305,2,LAQUES; EMAUX CLOISONNES | PORCELAINES; FAIENCES | Porcelaines; faiences | Porcelaines; Faiences
http://w3id.org/zac/83710_lot_12,2,VASI | TORCE
http://w3id.org/zac/83710_lot_5,2,OGGETTI D'ARTE ORIENTALE | LAMPADE
http://w3id.org/zac/83711_lot_5,2,MOBILI | OGGETTI IN LEGNO
http://w3id.org/zac/83712_lot_1,2,GIOIELLI | SCATOLE
http://w3id.org/zac/83712_lot_10,2,GIOIELLI | OGGETTI VARI
http://w3id.org/zac/83712_lot_13,2,ARGENTI | GIOIELLI
http://w3id.org/zac/83712_lot_14,2,BIANCHERIA | GIOIELLI
http://w3id.org/zac/83712_lot_16,2,GIOIELLI | VASI
http://w3id.org/zac/83712_lot_18,2,BOITES; TABATIERES; ETUIS; EVENTAILS | GIOIELLI
http://w3id.org/zac/83712_lot_19,2,BOITES; TABATIERES; ETUIS; EVENTAILS | GIOIELLI
http://w3id.org/zac/83712_lot_20,2,BOITES; TABATIERES; ETUIS; EVENTAILS | GIOIELLI
http://w3id.org/zac/83712_lot_21,2,GIOIELLI | OGGETTI D'ARTE
http://w3id.org/zac/83712_lot_22,2,BOITES; TABATIERES; ETUIS; EVENTAILS | GIOIELLI
http://w3id.org/zac/83712_lot_23,2,BOITES; TABATIERES; ETUIS; EVENTAILS | GIOIELLI
http://w3id.org/zac/83712_lot_25,2,BOITES; TABATIERES; ETUIS; EVENTAILS | GIOIELLI
http://w3id.org/zac/83712_lot_26,2,GIOIELLI | VENTAGLI
http://w3id.org/zac/83712_lot_28,2,BOITES; MINIATURES | GIOIELLI
http://w3id.org/zac/83712_lot_29,2,BOITES; MINIATURES | GIOIELLI
http://w3id.org/zac/83712_lot_31,2,GIOIELLI | OGGETTI D'ARTE
http://w3id.org/zac/83712_lot_32,2,GIOIELLI | OGGETTI D'ARTE
http://w3id.org/zac/83712_lot_33,2,GIOIELLI | OGGETTI D'ARTE
http://w3id.org/zac/83712_lot_34,2,GIOIELLI | OGGETTI D'ARTE
http://w3id.org/zac/83712_lot_37,2,GIOIELLI | OGGETTI D'ARTE
http://w3id.org/zac/83712_lot_40,2,LUSTRI | STAMPE E INCISIONI
http://w3id.org/zac/83712_lot_43,2,GIOIELLI | VASI
http://w3id.org/zac/83712_lot_45,2,GIOIELLI | SEDIE
http://w3id.org/zac/83712_lot_49,2,ACQUEFORTI | SPECCHI
http://w3id.org/zac/83712_lot_51,2,BAULI | GIOIELLI
http://w3id.org/zac/83712_lot_7,2,GIOIELLI | OGGETTI VARI
http://w3id.org/zac/83712_lot_9,2,MOBILI | GIOIELLI
http://w3id.org/zac/83712_lot_I,2,ARGENTI | GIOIELLI
http://w3id.org/zac/83713_lot_16,2,FERS; OBJETS VARIES | ORFEVRERIE; BIJOUX
http://w3id.org/zac/83713_lot_19,2,OGGETTI IN LEGNO | VASI
http://w3id.org/zac/83713_lot_23,2,MOBILI | ORFEVRERIE; BIJOUX
http://w3id.org/zac/83713_lot_26,2,OGGETTI IN LEGNO | ORFEVRERIE; BIJOUX
http://w3id.org/zac/83713_lot_28,2,ETOFFES; BRODERIES | ORFEVRERIE; BIJOUX
http://w3id.org/zac/83713_lot_29,2,ETOFFES; BRODERIES | ORFEVRERIE; BIJOUX
http://w3id.org/zac/83716_lot_1,2,BRONZI | TERRES CUITES; VERRES
http://w3id.org/zac/83716_lot_10,2,BRONZI | MAIOLICHE
http://w3id.org/zac/83716_lot_12,2,BRONZI | TERRES CUITES; VERRES
http://w3id.org/zac/83716_lot_13,2,BRONZI | TERRES CUITES; VERRES
http://w3id.org/zac/83716_lot_14,2,BRONZI | TERRES CUITES; VERRES
http://w3id.org/zac/83716_lot_15,2,BRONZI | SCULTURE
http://w3id.org/zac/83716_lot_18,2,BRONZI | JETONS; MONNAIES
http://w3id.org/zac/83716_lot_24,2,BRONZES; FERS; CUIVRES | SPECCHI
http://w3id.org/zac/83716_lot_26,2,BRONZES; FERS; CUIVRES | SCATOLE
http://w3id.org/zac/83716_lot_31,2,BRONZI | PANNELLI
http://w3id.org/zac/83716_lot_33,2,GIOIELLI | VASI
http://w3id.org/zac/83716_lot_4,2,BRONZI | GIOIELLI
http://w3id.org/zac/83716_lot_6,2,BRONZI | TERRECOTTE
http://w3id.org/zac/83717_lot_11,2,ARGENTI | GIOIELLI
http://w3id.org/zac/83717_lot_184,2,Meubles; Pianos | OGGETTI VARI
http://w3id.org/zac/83717_lot_84,2,ARGENTI | PIATTI
http://w3id.org/zac/83718_lot_224,2,SMALTI | VASI
http://w3id.org/zac/83721_lot_10,2,VASI | PORCELLANE
http://w3id.org/zac/83721_lot_106,2,PORCELLANE | PORCELAINES DE SAXE; DE SEVRES PATE TENDRE; PORCELAINES; FAIENCES
http://w3id.org/zac/83721_lot_113,2,BASSORILIEVI | OGGETTI VARI
http://w3id.org/zac/83721_lot_115,2,bronzes; pendules | BRONZES; PENDULES | Bronzes; Pendules | VASI
http://w3id.org/zac/83721_lot_116,2,Bronzes; Pendules | BRONZES; PENDULES | bronzes; pendules | LAMPADE
http://w3id.org/zac/83721_lot_118,2,BRONZES; PENDULES | Bronzes; Pendules | bronzes; pendules | VASI
http://w3id.org/zac/83721_lot_123,2,CANDELABRI | SCATOLE
http://w3id.org/zac/83721_lot_133,2,ARREDAMENTI | OGGETTI IN LEGNO
http://w3id.org/zac/83721_lot_138,2,OGGETTI VARI | OGGETTI IN LEGNO
http://w3id.org/zac/83735_lot_301,2,BRONZI | VETRI
http://w3id.org/zac/83741_lot_10,2,OGGETTI IN LEGNO | PIATTI
http://w3id.org/zac/83741_lot_13,2,CERAMICHE | OGGETTI IN LEGNO
http://w3id.org/zac/83741_lot_14,2,OGGETTI VARI | OGGETTI IN LEGNO
http://w3id.org/zac/83741_lot_15,2,ARREDAMENTI | CERAMICHE
http://w3id.org/zac/83741_lot_16,2,CERAMICHE | TAPISSERIES; ETOFFES | Tapisseries; Etoffes
http://w3id.org/zac/83741_lot_5,2,PANNELLI | TORCE
http://w3id.org/zac/83741_lot_8,2,MAIOLICHE | OGGETTI VARI
http://w3id.org/zac/83741_lot_88,2,MAIOLICHE | OGGETTI IN LEGNO
http://w3id.org/zac/83744_lot_I,2,BIANCHERIA | BAULI
http://w3id.org/zac/83748_lot_3,2,ARMES; ARMURES | MAIOLICHE
http://w3id.org/zac/83749_lot_11,2,BRONZI | PORCELLANE
http://w3id.org/zac/83752_lot_16,2,BASSORILIEVI | MINIATURE
http://w3id.org/zac/83752_lot_18,2,MINIATURE | STAMPE E INCISIONI
http://w3id.org/zac/83752_lot_2,2,ARAZZI | SEDIE
http://w3id.org/zac/83752_lot_26,2,LAMPADE | SEDIE
http://w3id.org/zac/83752_lot_28,2,OGGETTI IN LEGNO | PIATTI
http://w3id.org/zac/83752_lot_32,2,ARAZZI | PORCELLANE
http://w3id.org/zac/83752_lot_33,2,BIANCHERIA | PIATTI
http://w3id.org/zac/83752_lot_36,2,Etoffes; tapis | ETOFFES; TAPIS | Etoffes; Tapis | SCATOLE
http://w3id.org/zac/83752_lot_4,2,ARAZZI | SEDIE
http://w3id.org/zac/83752_lot_I,2,DIPINTI | OGGETTI VARI
http://w3id.org/zac/83755_lot_10,2,SCOMPARTI | POLTRONE
http://w3id.org/zac/83755_lot_13,2,BAULI | MAIOLICHE
http://w3id.org/zac/83755_lot_15,2,BAULI | MAIOLICHE
http://w3id.org/zac/83755_lot_18,2,BAULI | PANNELLI
http://w3id.org/zac/83755_lot_22,2,BAULI | CUIVRES; FERS; ETAINS
http://w3id.org/zac/83755_lot_26,2,MOBILI | OGGETTI IN LEGNO
http://w3id.org/zac/83755_lot_31,2,OGGETTI IN LEGNO | POLTRONE
http://w3id.org/zac/83755_lot_33,2,MOBILI | SCULTURE
http://w3id.org/zac/83755_lot_36,2,BAULI | SCULTURE
http://w3id.org/zac/83755_lot_38,2,BAULI | SCULTURE
http://w3id.org/zac/83755_lot_52,2,MOBILI | MAIOLICHE
http://w3id.org/zac/83755_lot_53,2,CERAMICHE | MOBILI
http://w3id.org/zac/83755_lot_55,2,CERAMICHE | MOBILI
http://w3id.org/zac/83755_lot_56,2,CERAMICHE | MOBILI
http://w3id.org/zac/83755_lot_58,2,MOBILI | VETRI
http://w3id.org/zac/83755_lot_61,2,LUSTRI | MOBILI
http://w3id.org/zac/83755_lot_63,2,MOBILI | VETRI
http://w3id.org/zac/83755_lot_65,2,BAULI | VETRI
http://w3id.org/zac/83755_lot_66,2,BAULI | VETRI
http://w3id.org/zac/83755_lot_68,2,MOBILI | VETRI
http://w3id.org/zac/83755_lot_7,2,OGGETTI IN LEGNO | POLTRONE
http://w3id.org/zac/83755_lot_73,2,MOBILI | VETRI
http://w3id.org/zac/83755_lot_75,2,MOBILI | VETRI
http://w3id.org/zac/83755_lot_76,2,MOBILI | VETRI
http://w3id.org/zac/83755_lot_78,2,MOBILI | TAPISSERIES; TAPIS | Tapisseries; Tapis
http://w3id.org/zac/83755_lot_79,2,MOBILI | TAPISSERIES; TAPIS | Tapisseries; Tapis
http://w3id.org/zac/83755_lot_81,2,Tapisseries; Tapis | SCOMPARTI | TAPISSERIES; TAPIS
http://w3id.org/zac/83755_lot_84,2,CUIVRES; FERS; ETAINS | SCOMPARTI
http://w3id.org/zac/83755_lot_85,2,PIATTI | SCOMPARTI
http://w3id.org/zac/83760_lot_10,2,DIPINTI | MEDAGLIE
http://w3id.org/zac/83760_lot_13,2,MEDAGLIE | TABLIERS; CORDONS
http://w3id.org/zac/83760_lot_15,2,ARREDAMENTI | MEDAGLIE
http://w3id.org/zac/83760_lot_16,2,MEDAGLIE | TABLIERS; CORDONS
http://w3id.org/zac/83760_lot_2,2,MEDAGLIE | DIPLOMES; GRAVURES; LIVRES
http://w3id.org/zac/83760_lot_23,2,MEDAGLIE | DIPLOMES; GRAVURES; LIVRES
http://w3id.org/zac/83760_lot_3,2,DIPLOMES; GRAVURES; LIVRES | MEDAGLIE
http://w3id.org/zac/83768_lot_1157,2,MOBILI | OGGETTI IN LEGNO
http://w3id.org/zac/83768_lot_12,2,STAMPE E INCISIONI | SEDIE
http://w3id.org/zac/83768_lot_120,2,ACQUEFORTI | OGGETTI IN LEGNO
http://w3id.org/zac/83768_lot_122,2,ACQUEFORTI | OGGETTI IN LEGNO
http://w3id.org/zac/83768_lot_13,2,STAMPE E INCISIONI | SEDIE
http://w3id.org/zac/83768_lot_131,2,OGGETTI IN LEGNO | SEDIE
http://w3id.org/zac/83768_lot_133,2,BIANCHERIA | TESSUTI
http://w3id.org/zac/83768_lot_18,2,BISCOTTI | PORCELLANE
http://w3id.org/zac/83768_lot_23,2,OGGETTI IN LEGNO | VASI
http://w3id.org/zac/83768_lot_245,2,SCATOLE | PORCELLANE
http://w3id.org/zac/83768_lot_336,2,PIATTI | PORCELLANE
http://w3id.org/zac/83768_lot_4,2,BRONZI | STAMPE E INCISIONI
http://w3id.org/zac/83768_lot_52,2,BRONZI | OGGETTI IN LEGNO
http://w3id.org/zac/83768_lot_53,2,BRONZI | OGGETTI IN LEGNO
http://w3id.org/zac/83768_lot_66,2,MINIATURE | OGGETTI IN LEGNO
http://w3id.org/zac/83768_lot_67,2,MINIATURE | OGGETTI IN LEGNO
http://w3id.org/zac/83768_lot_9,2,SMALTI | STAMPE E INCISIONI
http://w3id.org/zac/83768_lot_I,2,OGGETTI IN LEGNO | STAMPE E INCISIONI
http://w3id.org/zac/83772_lot_1,2,MAIOLICHE | VETRI
http://w3id.org/zac/83772_lot_15,2,MAIOLICHE | VETRI
http://w3id.org/zac/83772_lot_21,2,OROLOGI | VETRI
http://w3id.org/zac/83772_lot_23,2,SEDIE | VETRI
http://w3id.org/zac/83772_lot_26,2,OGGETTI IN LEGNO | VETRI
http://w3id.org/zac/83772_lot_3,2,OGGETTI IN LEGNO | VETRI
http://w3id.org/zac/83778_lot_12,2,GIOIELLI | PIATTI
http://w3id.org/zac/83778_lot_13,2,MAIOLICHE | TORCE
http://w3id.org/zac/83778_lot_14,2,MAIOLICHE | OGGETTI VARI
http://w3id.org/zac/83778_lot_16,2,MAIOLICHE | OGGETTI VARI
http://w3id.org/zac/83778_lot_19,2,MAIOLICHE | SCATOLE
http://w3id.org/zac/83778_lot_20,2,BRONZI | BISCOTTI
http://w3id.org/zac/83778_lot_21,2,BISCOTTI | OGGETTI IN LEGNO
http://w3id.org/zac/83778_lot_23,2,ACQUEFORTI | MAIOLICHE
http://w3id.org/zac/83778_lot_3,2,OGGETTI D'ARTE ORIENTALE | MAIOLICHE
http://w3id.org/zac/83778_lot_6,2,MAIOLICHE | OGGETTI D'ARTE ORIENTALE
http://w3id.org/zac/83780_lot_13,2,Faiences; porcelaines | Faiences; Porcelaines | FAIENCES; PORCELAINES | VASI
http://w3id.org/zac/83780_lot_14,2,Faiences; Porcelaines | FAIENCES; PORCELAINES | Faiences; porcelaines | PENDULES; BRONZES; MEUBLES
http://w3id.org/zac/83780_lot_15,2,Faiences; Porcelaines | FAIENCES; PORCELAINES | Faiences; porcelaines | PENDULES; BRONZES; MEUBLES
http://w3id.org/zac/83780_lot_16,2,Faiences; porcelaines | Faiences; Porcelaines | FAIENCES; PORCELAINES | MINIATURE
http://w3id.org/zac/83780_lot_2,2,Faiences; Porcelaines | Faiences; porcelaines | FAIENCES; PORCELAINES | Porcelaines; faiences | Porcelaines; Faiences | PORCELAINES; FAIENCES
http://w3id.org/zac/83780_lot_20,2,ARAZZI | Faiences; Porcelaines | FAIENCES; PORCELAINES | Faiences; porcelaines
http://w3id.org/zac/83780_lot_21,2,FAIENCES; PORCELAINES | Faiences; Porcelaines | Faiences; porcelaines | VASI
http://w3id.org/zac/83780_lot_23,2,FAIENCES; PORCELAINES | Faiences; Porcelaines | Faiences; porcelaines | PORCELAINES; FAIENCES | Porcelaines; faiences | Porcelaines; Faiences
http://w3id.org/zac/83780_lot_26,2,FAIENCES; PORCELAINES | Faiences; Porcelaines | Faiences; porcelaines | VENTAGLI
http://w3id.org/zac/83780_lot_30,2,ARAZZI | FAIENCES; PORCELAINES | Faiences; Porcelaines | Faiences; porcelaines
http://w3id.org/zac/83780_lot_8,2,ARREDAMENTI | FAIENCES; PORCELAINES | Faiences; Porcelaines | Faiences; porcelaines
http://w3id.org/zac/83781_lot_15,2,PORCELLANE | SEDIE
http://w3id.org/zac/83781_lot_18,2,ACQUEFORTI | PORCELLANE
http://w3id.org/zac/83781_lot_19,2,OGGETTI IN LEGNO | PORCELLANE
http://w3id.org/zac/83781_lot_2,2,PORCELLANE | TESSUTI
http://w3id.org/zac/83781_lot_3,2,VASI | PORCELLANE
http://w3id.org/zac/83781_lot_5,2,PORCELLANE | SEDIE
http://w3id.org/zac/83781_lot_8,2,PORCELLANE | TORCE
http://w3id.org/zac/83784_lot_10,2,ARAZZI | TESSUTI
http://w3id.org/zac/83784_lot_18,2,ARAZZI | SEDIE
http://w3id.org/zac/83784_lot_3,2,ARAZZI | OGGETTI VARI
http://w3id.org/zac/83784_lot_88,2,ARAZZI | OGGETTI VARI
http://w3id.org/zac/83785_lot_13,2,BRONZI | GRES; FAIENCES; PORCELAINES
http://w3id.org/zac/83785_lot_16,2,BRONZI | GRES; FAIENCES; PORCELAINES
http://w3id.org/zac/83785_lot_18,2,BRONZI | GRES; FAIENCES; PORCELAINES
http://w3id.org/zac/83785_lot_8,2,PIATTI | SCULTURE
http://w3id.org/zac/83786_lot_10,2,DIPINTI | LAMPADE
http://w3id.org/zac/83786_lot_16,2,OROLOGI | VASI
http://w3id.org/zac/83786_lot_2,2,ARREDAMENTI | OGGETTI IN LEGNO
http://w3id.org/zac/83786_lot_3,2,DIPINTI | TAPPETI
http://w3id.org/zac/83786_lot_8,2,DIPINTI | VASI
http://w3id.org/zac/83791_lot_114,2,ACQUEFORTI | TORCE
http://w3id.org/zac/83791_lot_54,2,VASI | PORCELLANE
http://w3id.org/zac/83791_lot_94,2,LAMPADE | TORCE
http://w3id.org/zac/83794_lot_1,2,MAIOLICHE | SMALTI
http://w3id.org/zac/83794_lot_10,2,MAIOLICHE | PIATTI
http://w3id.org/zac/83794_lot_125,2,ARREDAMENTI | VASI
http://w3id.org/zac/83794_lot_13,2,MAIOLICHE | PIATTI
http://w3id.org/zac/83794_lot_140,2,MAIOLICHE | SMALTI
http://w3id.org/zac/83794_lot_17,2,OGGETTI VARI | PIATTI
http://w3id.org/zac/83794_lot_18,2,MAIOLICHE | SMALTI
http://w3id.org/zac/83794_lot_19,2,MAIOLICHE | SMALTI
http://w3id.org/zac/83794_lot_2,2,MAIOLICHE | STAMPE E INCISIONI
http://w3id.org/zac/83794_lot_2000,2,MAIOLICHE | SMALTI
http://w3id.org/zac/83794_lot_230,2,MAIOLICHE | SMALTI
http://w3id.org/zac/83794_lot_25,2,MAIOLICHE | OGGETTI VARI
http://w3id.org/zac/83794_lot_250,2,OGGETTI VARI | OGGETTI IN LEGNO
http://w3id.org/zac/83794_lot_255,2,MAIOLICHE | PIATTI
http://w3id.org/zac/83794_lot_29,2,BASSORILIEVI | MAIOLICHE
http://w3id.org/zac/83794_lot_31,2,MAIOLICHE | VASI
http://w3id.org/zac/83794_lot_33,2,MAIOLICHE | GIOIELLI
http://w3id.org/zac/83794_lot_35,2,GIOIELLI | MAIOLICHE
http://w3id.org/zac/83794_lot_36,2,MAIOLICHE | GIOIELLI
http://w3id.org/zac/83794_lot_37,2,MAIOLICHE | GIOIELLI
http://w3id.org/zac/83794_lot_38,2,GIOIELLI | MAIOLICHE
http://w3id.org/zac/83794_lot_4,2,MAIOLICHE | PIATTI
http://w3id.org/zac/83794_lot_420,2,MAIOLICHE | OTTONI
http://w3id.org/zac/83794_lot_43,2,MAIOLICHE | PIATTI
http://w3id.org/zac/83794_lot_440,2,PIATTI | VASI
http://w3id.org/zac/83794_lot_48,2,OGGETTI VARI | OGGETTI IN LEGNO
http://w3id.org/zac/83794_lot_495,2,OGGETTI IN LEGNO | OGGETTI VARI
http://w3id.org/zac/83794_lot_51,2,MAIOLICHE | STAMPE E INCISIONI
http://w3id.org/zac/83794_lot_520,2,MAIOLICHE | STAMPE E INCISIONI
http://w3id.org/zac/83794_lot_53,2,MAIOLICHE | OGGETTI VARI
http://w3id.org/zac/83794_lot_62,2,MAIOLICHE | OROLOGI
http://w3id.org/zac/83794_lot_63,2,OGGETTI VARI | VASI
http://w3id.org/zac/83794_lot_638,2,OGGETTI IN LEGNO | ORFEVRERIE; BRONZES
http://w3id.org/zac/83794_lot_645,2,MAIOLICHE | ORFEVRERIE; BRONZES
http://w3id.org/zac/83794_lot_66,2,MAIOLICHE | ORFEVRERIE; BRONZES
http://w3id.org/zac/83794_lot_665,2,ORFEVRERIE; BRONZES | STAMPE E INCISIONI
http://w3id.org/zac/83794_lot_7,2,OGGETTI VARI | ORFEVRERIE; BRONZES
http://w3id.org/zac/83794_lot_705,2,MAIOLICHE | ORFEVRERIE; BRONZES
http://w3id.org/zac/83794_lot_76,2,ORFEVRERIE; BRONZES | PIATTI
http://w3id.org/zac/83794_lot_78,2,PIATTI | TERRECOTTE
http://w3id.org/zac/83794_lot_79,2,MAIOLICHE | OGGETTI IN LEGNO
http://w3id.org/zac/83794_lot_8,2,MAIOLICHE | OGGETTI IN LEGNO
http://w3id.org/zac/83794_lot_80,2,MAIOLICHE | VASI
http://w3id.org/zac/83794_lot_81,2,OGGETTI IN LEGNO | VASI
http://w3id.org/zac/83794_lot_820,2,MAIOLICHE | OGGETTI IN LEGNO
http://w3id.org/zac/83794_lot_83,2,OGGETTI IN LEGNO | VASI
http://w3id.org/zac/83794_lot_85,2,MAIOLICHE | OGGETTI IN LEGNO
http://w3id.org/zac/83794_lot_86,2,MAIOLICHE | OGGETTI IN LEGNO
http://w3id.org/zac/83794_lot_87,2,PIATTI | OGGETTI IN LEGNO
http://w3id.org/zac/83794_lot_I,2,OGGETTI VARI | VASI
http://w3id.org/zac/83801_lot_1,2,OGGETTI VARI | PALE D'ALTARE
http://w3id.org/zac/83801_lot_13,2,OGGETTI VARI | PALE D'ALTARE
http://w3id.org/zac/83801_lot_2,2,PALE D'ALTARE | OGGETTI VARI
http://w3id.org/zac/83801_lot_4,2,PALE D'ALTARE | OGGETTI VARI
http://w3id.org/zac/83801_lot_5,2,La Mort de la Vierge | OGGETTI VARI
http://w3id.org/zac/83801_lot_I,2,Baiser de Paix | PALE D'ALTARE
http://w3id.org/zac/83809_lot_1,2,BIANCHERIA | OGGETTI IN LEGNO
http://w3id.org/zac/83814_lot_1,2,ACQUEFORTI | OGGETTI IN LEGNO
http://w3id.org/zac/83814_lot_10,2,VASI | PORCELLANE
http://w3id.org/zac/83814_lot_19,2,ARGENTI | BISCOTTI
http://w3id.org/zac/83814_lot_99,2,DIPINTI | OGGETTI IN LEGNO
http://w3id.org/zac/83815_lot_14,2,MINIATURE | OGGETTI IN LEGNO
http://w3id.org/zac/83815_lot_15,2,MINIATURE | OGGETTI IN LEGNO
http://w3id.org/zac/83815_lot_18,2,MERLETTI | MINIATURE
http://w3id.org/zac/83815_lot_23,2,BRODERIES; SOIERIES | MINIATURE
http://w3id.org/zac/83815_lot_25,2,MINIATURE | OGGETTI IN LEGNO
http://w3id.org/zac/83815_lot_26,2,ORFEVRERIE; ARGENTERIE | OGGETTI IN LEGNO
http://w3id.org/zac/83815_lot_3,2,ARMI | MINIATURE
http://w3id.org/zac/83815_lot_32,2,ORFEVRERIE; ARGENTERIE | SCUDI
http://w3id.org/zac/83815_lot_33,2,ARMI | ORFEVRERIE; ARGENTERIE
http://w3id.org/zac/83815_lot_34,2,ARGENTERIE; BIJOUX | ORFEVRERIE; ARGENTERIE
http://w3id.org/zac/83815_lot_35,2,ARGENTERIE; BIJOUX | VASI
http://w3id.org/zac/83815_lot_45,2,ORFEVRERIE; ARGENTERIE | TAPIS; ETOFFES
http://w3id.org/zac/83815_lot_46,2,BRONZES; EMAUX CLOISONNES | PIATTI
http://w3id.org/zac/83815_lot_48,2,ORFEVRERIE; ARGENTERIE | OGGETTI VARI
http://w3id.org/zac/83815_lot_5,2,CERAMICHE | MINIATURE
http://w3id.org/zac/83815_lot_50,2,LAMPADE | OGGETTI IN LEGNO
http://w3id.org/zac/83815_lot_53,2,OGGETTI D'ARTE ORIENTALE | PIATTI
http://w3id.org/zac/83815_lot_54,2,CERAMICHE | OGGETTI D'ARTE ORIENTALE
http://w3id.org/zac/83815_lot_58,2,OGGETTI IN LEGNO | OGGETTI VARI
http://w3id.org/zac/83815_lot_6,2,MINIATURE | OGGETTI D'ARTE ORIENTALE
http://w3id.org/zac/83815_lot_63,2,BASSORILIEVI | OGGETTI D'ARTE ORIENTALE
http://w3id.org/zac/83815_lot_65,2,OGGETTI D'ARTE ORIENTALE | OGGETTI LACCATI
http://w3id.org/zac/83815_lot_66,2,OGGETTI D'ARTE ORIENTALE | OGGETTI LACCATI
http://w3id.org/zac/83815_lot_67,2,OGGETTI D'ARTE ORIENTALE | OGGETTI LACCATI
http://w3id.org/zac/83815_lot_68,2,OGGETTI D'ARTE ORIENTALE | OGGETTI VARI
http://w3id.org/zac/83815_lot_71,2,OGGETTI D'ARTE ORIENTALE | ETOFFES; SOIERIES
http://w3id.org/zac/83819_lot_14,2,ARREDAMENTI | PORCELLANE
http://w3id.org/zac/83819_lot_16,2,CANDELABRI | OGGETTI IN LEGNO
http://w3id.org/zac/83819_lot_19,2,ARREDAMENTI | MEUBLES; SIEGES
http://w3id.org/zac/83820_lot_13,2,BRONZI | MOBILI
http://w3id.org/zac/83820_lot_16,2,ARAZZI | SEDIE
http://w3id.org/zac/83820_lot_I,2,OGGETTI VARI | VASI
http://w3id.org/zac/83827_lot_1,2,MINIATURE | STAMPE E INCISIONI
http://w3id.org/zac/83827_lot_13,2,MINIATURE | STAMPE E INCISIONI
http://w3id.org/zac/83827_lot_17,2,DESSINS; AQUARELLES | STAMPE E INCISIONI
http://w3id.org/zac/83827_lot_18,2,STAMPE E INCISIONI | SCATOLE
http://w3id.org/zac/83827_lot_19,2,PIATTI | STAMPE E INCISIONI
http://w3id.org/zac/83835_lot_1,2,SMALTI | STAMPE E INCISIONI
http://w3id.org/zac/83835_lot_35,2,MOBILI | VASI
http://w3id.org/zac/83835_lot_38,2,PANNELLI | VASI
http://w3id.org/zac/83835_lot_5,2,SMALTI | VASI
http://w3id.org/zac/83835_lot_6,2,GIOIELLI | OGGETTI VARI
http://w3id.org/zac/83835_lot_8,2,SCATOLE | SMALTI
http://w3id.org/zac/83837_lot_13,2,SCATOLE | SEDIE
http://w3id.org/zac/83837_lot_130,2,bronzes; pendules | BRONZES; PENDULES | Bronzes; Pendules | SEDIE
http://w3id.org/zac/83837_lot_15,2,OBJETS DE VITRINE; ORFEVRERIE | OGGETTI IN LEGNO
http://w3id.org/zac/83837_lot_18,2,OBJETS DE VITRINE; ORFEVRERIE | TESSUTI
http://w3id.org/zac/83837_lot_3,2,OBJETS DE VITRINE; ORFEVRERIE | PORCELLANE
http://w3id.org/zac/83837_lot_4,2,PORCELLANE | SEDIE
http://w3id.org/zac/83837_lot_6,2,OROLOGI | PORCELLANE
http://w3id.org/zac/83837_lot_8,2,OGGETTI VARI | PORCELLANE
http://w3id.org/zac/83837_lot_80,2,OGGETTI VARI | TESSUTI
http://w3id.org/zac/83837_lot_9,2,bronzes; pendules | Bronzes; Pendules | BRONZES; PENDULES | OBJETS DE VITRINE; ORFEVRERIE
http://w3id.org/zac/83840_lot_15,2,MINIATURE | OROLOGI
http://w3id.org/zac/83840_lot_16,2,OGGETTI IN LEGNO | VASI
http://w3id.org/zac/83843_lot_6,2,ACQUEFORTI | PENDULES; BRONZES
http://w3id.org/zac/83844_lot_2,2,BRONZI | MAIOLICHE
http://w3id.org/zac/83844_lot_3,2,MAIOLICHE | SCULTURE
http://w3id.org/zac/83844_lot_6,2,MAIOLICHE | OGGETTI IN LEGNO
http://w3id.org/zac/83853_lot_1,2,CERAMICHE | TERRECOTTE
http://w3id.org/zac/83853_lot_122,2,ARCHETS | BRONZI
http://w3id.org/zac/83853_lot_2,2,CERAMICHE | TERRECOTTE
http://w3id.org/zac/83858_lot_15,2,BASSORILIEVI | PIATTI
http://w3id.org/zac/83858_lot_16,2,BASSORILIEVI | MAIOLICHE
http://w3id.org/zac/83858_lot_18,2,SMALTI | VASI
http://w3id.org/zac/83858_lot_19,2,BIJOUX; ORFEVRERIE | MAIOLICHE
http://w3id.org/zac/83858_lot_2,2,OGGETTI VARI | PIATTI
http://w3id.org/zac/83858_lot_25,2,BIJOUX; ORFEVRERIE | MAIOLICHE
http://w3id.org/zac/83858_lot_26,2,BIJOUX; ORFEVRERIE | MAIOLICHE
http://w3id.org/zac/83858_lot_35,2,MARBRES; ALBATRES | PIATTI
http://w3id.org/zac/83858_lot_36,2,MARBRES; ALBATRES | PIATTI
http://w3id.org/zac/83858_lot_39,2,MAIOLICHE | VASI
http://w3id.org/zac/83858_lot_4,2,PIATTI | OGGETTI IN LEGNO
http://w3id.org/zac/83858_lot_40,2,MAIOLICHE | PIATTI
http://w3id.org/zac/83858_lot_43,2,PIATTI | OGGETTI IN LEGNO
http://w3id.org/zac/83858_lot_45,2,MAIOLICHE | OGGETTI IN LEGNO
http://w3id.org/zac/83858_lot_46,2,MAIOLICHE | OGGETTI IN LEGNO
http://w3id.org/zac/83858_lot_48,2,PIATTI | OGGETTI IN LEGNO
http://w3id.org/zac/83858_lot_49,2,PIATTI | OGGETTI IN LEGNO
http://w3id.org/zac/83858_lot_55,2,BRONZES; CUIVRES | Bronzes; Cuivres | MAIOLICHE
http://w3id.org/zac/83858_lot_56,2,BASSORILIEVI | MAIOLICHE
http://w3id.org/zac/83858_lot_58,2,MAIOLICHE | OGGETTI IN METALLO
http://w3id.org/zac/83858_lot_61,2,MAIOLICHE | OGGETTI IN LEGNO
http://w3id.org/zac/83858_lot_63,2,MAIOLICHE | OGGETTI IN LEGNO
http://w3id.org/zac/83858_lot_65,2,ACQUEFORTI | MAIOLICHE
http://w3id.org/zac/83858_lot_66,2,ETOFFES; TAPISSERIES; TAPIS | MAIOLICHE
http://w3id.org/zac/83858_lot_67,2,OGGETTI IN METALLO | PIATTI
http://w3id.org/zac/83858_lot_8,2,MAIOLICHE | PIATTI
http://w3id.org/zac/83858_lot_89,2,BRONZES; CUIVRES | Bronzes; Cuivres | MAIOLICHE
http://w3id.org/zac/83865_lot_1,2,OGGETTI VARI | PORCELLANE
http://w3id.org/zac/83866_lot_1,2,DIPINTI | MINIATURE
http://w3id.org/zac/83866_lot_3,2,DISEGNI | TERRECOTTE
http://w3id.org/zac/83866_lot_5,2,DIPINTI | DISEGNI
http://w3id.org/zac/83873_lot_1,2,CANDELABRI | MAIOLICHE
http://w3id.org/zac/83873_lot_13,2,PIERRES; MARBRES | SMALTI
http://w3id.org/zac/83873_lot_15,2,OGGETTI IN LEGNO | SMALTI
http://w3id.org/zac/83873_lot_16,2,OGGETTI IN LEGNO | SMALTI
http://w3id.org/zac/83873_lot_3,2,MAIOLICHE | OGGETTI IN METALLO
http://w3id.org/zac/83874_lot_26,2,PANNELLI | SCATOLE
http://w3id.org/zac/83877_lot_11,2,Etuis; Boites; Bijoux; Montres | PIATTI
http://w3id.org/zac/83877_lot_13,2,MINIATURE | PIATTI
http://w3id.org/zac/83879_lot_1,2,BISCUITS; PORCELAINES DE SEVRES | BISCOTTI
http://w3id.org/zac/83879_lot_16,2,BISCUITS; PORCELAINES DE SEVRES | PORCELLANE
http://w3id.org/zac/83879_lot_18,2,OGGETTI VARI | PORCELLANE
http://w3id.org/zac/83879_lot_19,2,OGGETTI VARI | VASI
http://w3id.org/zac/83879_lot_20,2,BISCUITS; PORCELAINES DE SEVRES | PORCELLANE
http://w3id.org/zac/83879_lot_21,2,BISCUITS; PORCELAINES DE SEVRES | PORCELLANE
http://w3id.org/zac/83879_lot_23,2,BISCUITS; PORCELAINES DE SEVRES | PORCELLANE
http://w3id.org/zac/83879_lot_26,2,BISCUITS; PORCELAINES DE SEVRES | VASI
http://w3id.org/zac/83879_lot_28,2,BASSORILIEVI | BISCUITS; PORCELAINES DE SEVRES
http://w3id.org/zac/83879_lot_29,2,BISCUITS; PORCELAINES DE SEVRES | JADES; CRISTAUX DE ROCHE
http://w3id.org/zac/83879_lot_31,2,BISCUITS; PORCELAINES DE SEVRES | JADES; CRISTAUX DE ROCHE
http://w3id.org/zac/83879_lot_33,2,BISCUITS; PORCELAINES DE SEVRES | OGGETTI D'ARTE ORIENTALE
http://w3id.org/zac/83879_lot_36,2,BISCUITS; PORCELAINES DE SEVRES | TABACCHIERE
http://w3id.org/zac/83879_lot_38,2,BISCUITS; PORCELAINES DE SEVRES | TABACCHIERE
http://w3id.org/zac/83879_lot_4,2,BISCOTTI | PENDULES; BRONZES
http://w3id.org/zac/83879_lot_43,2,BISCUITS; PORCELAINES DE SEVRES | SEDIE
http://w3id.org/zac/83879_lot_47,2,BISCUITS; PORCELAINES DE SEVRES | SPECCHI
http://w3id.org/zac/83879_lot_48,2,BIANCHERIA | BISCUITS; PORCELAINES DE SEVRES
http://w3id.org/zac/83879_lot_5,2,BISCOTTI | BISCUITS; PORCELAINES DE SEVRES
http://w3id.org/zac/83879_lot_I,2,BISCUITS; PORCELAINES DE SEVRES | VASI
http://w3id.org/zac/83880_lot_154,2,ALBATRES; MARBRES; PIERRES | PANNELLI
http://w3id.org/zac/83880_lot_164,2,OGGETTI VARI | TAPPETI
http://w3id.org/zac/83880_lot_234,2,MAIOLICHE | PIATTI
http://w3id.org/zac/83880_lot_338,2,MAIOLICHE | PORCELLANE
http://w3id.org/zac/83880_lot_38,2,MAIOLICHE | OGGETTI IN LEGNO
http://w3id.org/zac/83880_lot_384,2,Boites; Bijoux; Eventails | MINIATURE
http://w3id.org/zac/83880_lot_460,2,Pendules; Candelabres | OROLOGI
http://w3id.org/zac/83880_lot_497,2,OGGETTI IN LEGNO | SEDIE
http://w3id.org/zac/83883_lot_44,2,LAMPADE | VASI
http://w3id.org/zac/83884_lot_16,2,Faiences; Porcelaines | Faiences; porcelaines | FAIENCES; PORCELAINES | LIBRI
http://w3id.org/zac/83884_lot_19,2,Faiences; Porcelaines | FAIENCES; PORCELAINES | Faiences; porcelaines | OGGETTI IN LEGNO
http://w3id.org/zac/83884_lot_6,2,PANNELLI | VASI
http://w3id.org/zac/83884_lot_8,2,LIBRI | OGGETTI VARI
http://w3id.org/zac/83887_lot_1,2,DIPINTI | STAMPE E INCISIONI
http://w3id.org/zac/83896_lot_117,2,VASI | PORCELLANE
http://w3id.org/zac/83896_lot_118,2,BISCOTTI | PORCELLANE
http://w3id.org/zac/83896_lot_12,2,OGGETTI D'ARTE ORIENTALE | VASI
http://w3id.org/zac/83896_lot_123,2,CANDELABRI | OGGETTI D'ARTE ORIENTALE
http://w3id.org/zac/83896_lot_126,2,OGGETTI IN LEGNO | VASI
http://w3id.org/zac/83896_lot_128,2,OGGETTI D'ARTE ORIENTALE | PANNELLI
http://w3id.org/zac/83896_lot_131,2,OGGETTI D'ARTE ORIENTALE | OGGETTI VARI
http://w3id.org/zac/83896_lot_132,2,OGGETTI D'ARTE ORIENTALE | VENTAGLI
http://w3id.org/zac/83896_lot_133,2,VENTAGLI | RAPES; ORFEVRERIE
http://w3id.org/zac/83896_lot_136,2,VASI | RAPES; ORFEVRERIE
http://w3id.org/zac/83896_lot_141,2,CANDELABRI | TORCE
http://w3id.org/zac/83896_lot_151,2,ACQUEFORTI | OGGETTI IN LEGNO
http://w3id.org/zac/83897_lot_5,2,BIANCHERIA | OGGETTI IN LEGNO
http://w3id.org/zac/83897_lot_80,2,Bronzes; Pendules | BRONZES; PENDULES | bronzes; pendules | RAPES; ORFEVRERIE
http://w3id.org/zac/83897_lot_8600,2,bronzes; pendules | BRONZES; PENDULES | Bronzes; Pendules | PORCELLANE
http://w3id.org/zac/83900_lot_15,2,MAIOLICHE | PIATTI
http://w3id.org/zac/83900_lot_17,2,BASSORILIEVI | SMALTI
http://w3id.org/zac/83901_lot_1,2,MAIOLICHE | OGGETTI IN LEGNO
http://w3id.org/zac/83903_lot_I,2,OGGETTI IN LEGNO | SCOMPARTI
http://w3id.org/zac/83904_lot_2,2,BISCOTTI | OGGETTI IN LEGNO
http://w3id.org/zac/83904_lot_8,2,OGGETTI IN LEGNO | SCULTURE
http://w3id.org/zac/83905_lot_10,2,MAIOLICHE | OGGETTI IN LEGNO
http://w3id.org/zac/83905_lot_100,2,OGGETTI VARI | OGGETTI IN LEGNO
http://w3id.org/zac/83905_lot_105,2,OGGETTI VARI | PORCELLANE
http://w3id.org/zac/83905_lot_13,2,MAIOLICHE | PORCELLANE
http://w3id.org/zac/83905_lot_14,2,MAIOLICHE | PORCELLANE
http://w3id.org/zac/83905_lot_16,2,OGGETTI VARI | VASI
http://w3id.org/zac/83905_lot_18,2,VASI | PORCELLANE
http://w3id.org/zac/83905_lot_2,2,LAMPADE | VASI
http://w3id.org/zac/83905_lot_24,2,OGGETTI D'ARTE ORIENTALE | PORCELLANE
http://w3id.org/zac/83905_lot_28,2,OGGETTI D'ARTE ORIENTALE | OGGETTI VARI
http://w3id.org/zac/83905_lot_33,2,OGGETTI D'ARTE ORIENTALE | PORCELLANE
http://w3id.org/zac/83905_lot_35,2,OGGETTI VARI | PORCELLANE
http://w3id.org/zac/83905_lot_38,2,OGGETTI D'ARTE ORIENTALE | VENTAGLI
http://w3id.org/zac/83905_lot_39,2,OGGETTI D'ARTE ORIENTALE | VENTAGLI
http://w3id.org/zac/83905_lot_49,2,OROLOGI | PORCELLANE
http://w3id.org/zac/83905_lot_5,2,GIOIELLI | PIATTI
http://w3id.org/zac/83905_lot_61,2,GIOIELLI | PORCELLANE
http://w3id.org/zac/83905_lot_63,2,GIOIELLI | PORCELLANE
http://w3id.org/zac/83905_lot_65,2,GIOIELLI | PORCELLANE
http://w3id.org/zac/83905_lot_66,2,GIOIELLI | PORCELLANE
http://w3id.org/zac/83905_lot_68,2,GIOIELLI | VASI
http://w3id.org/zac/83905_lot_70,2,DISEGNI | PORCELLANE
http://w3id.org/zac/83905_lot_82,2,BRONZI | PORCELLANE
http://w3id.org/zac/83905_lot_85,2,BRONZI | OGGETTI VARI
http://w3id.org/zac/83905_lot_86,2,BRONZI | OGGETTI VARI
http://w3id.org/zac/83905_lot_88,2,SEDIE | PORCELLANE
http://w3id.org/zac/83905_lot_9,2,MAIOLICHE | PORCELLANE
http://w3id.org/zac/83905_lot_98,2,ACQUEFORTI | PORCELLANE
http://w3id.org/zac/83907_lot_4,2,PANNELLI | STAMPE E INCISIONI
http://w3id.org/zac/83909_lot_11,2,BISCOTTI | OGGETTI IN LEGNO
http://w3id.org/zac/83909_lot_36,2,OGGETTI VARI | TAPIS DE PRIERE; CARPETTES
http://w3id.org/zac/83909_lot_5,2,BISCOTTI | FAIENCES; GRES
http://w3id.org/zac/83915_lot_2,2,OGGETTI D'ARTE ORIENTALE | OGGETTI IN LEGNO
http://w3id.org/zac/83917_lot_1,2,DIPINTI | SCULTURE
http://w3id.org/zac/83917_lot_178,2,MINIATURE | SCATOLE
http://w3id.org/zac/83929_lot_13,2,PORCELLANE | SMALTI
http://w3id.org/zac/83929_lot_15,2,PIATTI | SMALTI
http://w3id.org/zac/83929_lot_16,2,PORCELLANE | SMALTI
http://w3id.org/zac/83929_lot_18,2,BISCOTTI | SMALTI
http://w3id.org/zac/83929_lot_2,2,SMALTI | PORCELLANE
http://w3id.org/zac/83929_lot_22,2,FAIENCES FRANCAISES; FAIENCES ITALIENNES | SCULTURE
http://w3id.org/zac/83929_lot_25,2,OGGETTI IN LEGNO | SCULTURE
http://w3id.org/zac/83929_lot_3,2,BASSORILIEVI | SMALTI
http://w3id.org/zac/83929_lot_4,2,OGGETTI IN METALLO | TERRECOTTE
http://w3id.org/zac/83932_lot_11,2,LAMPADE | VASI
http://w3id.org/zac/83932_lot_12,2,MAIOLICHE | VETRI
http://w3id.org/zac/83932_lot_13,2,OGGETTI VARI | VETRI
http://w3id.org/zac/83932_lot_14,2,MAIOLICHE | VETRI
http://w3id.org/zac/83932_lot_15,2,MAIOLICHE | VETRI
http://w3id.org/zac/83932_lot_16,2,MAIOLICHE | VETRI
http://w3id.org/zac/83932_lot_18,2,MAIOLICHE | VETRI
http://w3id.org/zac/83932_lot_19,2,MAIOLICHE | VETRI
http://w3id.org/zac/83932_lot_2,2,MAIOLICHE | VETRI
http://w3id.org/zac/83932_lot_23,2,PIATTI | VETRI
http://w3id.org/zac/83932_lot_25,2,PIATTI | VETRI
http://w3id.org/zac/83932_lot_26,2,PIATTI | VETRI
http://w3id.org/zac/83932_lot_28,2,VETRI | PIATTI
http://w3id.org/zac/83932_lot_29,2,MAIOLICHE | VETRI
http://w3id.org/zac/83932_lot_31,2,MAIOLICHE | VETRI
http://w3id.org/zac/83932_lot_33,2,MAIOLICHE | VETRI
http://w3id.org/zac/83932_lot_35,2,VASI | VETRI
http://w3id.org/zac/83932_lot_36,2,BRONZES; FERS ORIENTAUX | VETRI
http://w3id.org/zac/83932_lot_40,2,BRONZES; FERS ORIENTAUX | VETRI
http://w3id.org/zac/83932_lot_43,2,OGGETTI VARI | STAMPE E INCISIONI
http://w3id.org/zac/83932_lot_45,2,VETRI | VITRAUX; VERRES
http://w3id.org/zac/83932_lot_51,2,VETRI | SCATOLE
http://w3id.org/zac/83932_lot_52,2,EMAUX CHAMPLEVES; ORFEVRERIE | VETRI
http://w3id.org/zac/83932_lot_53,2,CANDELABRI | VETRI
http://w3id.org/zac/83932_lot_55,2,OGGETTI IN METALLO | VETRI
http://w3id.org/zac/83932_lot_56,2,VASI | VETRI
http://w3id.org/zac/83932_lot_61,2,VETRI | SMALTI
http://w3id.org/zac/83932_lot_63,2,OGGETTI IN LEGNO | OGGETTI VARI
http://w3id.org/zac/83932_lot_65,2,OGGETTI IN LEGNO | OGGETTI VARI
http://w3id.org/zac/83932_lot_68,2,MARBRES; PIERRES | VETRI
http://w3id.org/zac/83932_lot_7,2,MARBRES; PIERRES | VETRI
http://w3id.org/zac/83932_lot_73,2,VETRI | TERRECOTTE
http://w3id.org/zac/83932_lot_I,2,ANTICHITA' | MAIOLICHE
http://w3id.org/zac/83936_lot_154,2,OGGETTI VARI | SEDIE
http://w3id.org/zac/83936_lot_194,2,ACQUEFORTI | MOBILI
http://w3id.org/zac/83936_lot_224,2,ARAZZI | OGGETTI VARI
http://w3id.org/zac/83938_lot_7,2,LAMPADE | OGGETTI IN LEGNO
http://w3id.org/zac/83940_lot_6,2,MINIATURE | SCATOLE
http://w3id.org/zac/83943_lot_12,2,DIPINTI | PORCELLANE
http://w3id.org/zac/83943_lot_13,2,DIPINTI | VASI
http://w3id.org/zac/83943_lot_204,2,CANDELABRI | PORCELLANE
http://w3id.org/zac/83943_lot_5,2,STAMPE E INCISIONI | SCULTURE
http://w3id.org/zac/83943_lot_6,2,SCULTURE | STAMPE E INCISIONI
http://w3id.org/zac/83945_lot_1,2,SCATOLE | TORCE
http://w3id.org/zac/83945_lot_138,2,OGGETTI D'ARTE ORIENTALE | OGGETTI IN LEGNO
http://w3id.org/zac/83945_lot_19,2,SCATOLE | VASI
http://w3id.org/zac/83945_lot_6,2,VASI | PIATTI
http://w3id.org/zac/83945_lot_87,2,ARREDAMENTI | OROLOGI
http://w3id.org/zac/83945_lot_I,2,OROLOGI | TORCE
http://w3id.org/zac/83946_lot_154,2,PIATTI | VASI
http://w3id.org/zac/83946_lot_2,2,MAIOLICHE | TORCE
http://w3id.org/zac/83952_lot_374,2,ARMI | OGGETTI IN METALLO
http://w3id.org/zac/83952_lot_384,2,OGGETTI IN LEGNO | TERRECOTTE
http://w3id.org/zac/83952_lot_4,2,VASI | TERRECOTTE
http://w3id.org/zac/83952_lot_40,2,OGGETTI IN LEGNO | SMALTI
http://w3id.org/zac/83952_lot_422,2,Bronzes; Cuivres | BRONZES; CUIVRES | PANNELLI
http://w3id.org/zac/83952_lot_43,2,TERRECOTTE | SMALTI
http://w3id.org/zac/83952_lot_44,2,OGGETTI IN METALLO | SMALTI
http://w3id.org/zac/83952_lot_442,2,OGGETTI VARI | TERRECOTTE
http://w3id.org/zac/83952_lot_467,2,MOBILI | TABACCHIERE
http://w3id.org/zac/83952_lot_49,2,OGGETTI IN LEGNO | SMALTI
http://w3id.org/zac/83952_lot_I,2,BRONZES; CUIVRES | Bronzes; Cuivres | TABACCHIERE
http://w3id.org/zac/83953_lot_20,2,Faiences; porcelaines | FAIENCES; PORCELAINES | Faiences; Porcelaines | TAPISSERIES; MEUBLES
http://w3id.org/zac/83953_lot_30,2,Faiences; porcelaines | Faiences; Porcelaines | FAIENCES; PORCELAINES | TAPISSERIES; MEUBLES
http://w3id.org/zac/83962_lot_6,2,MINIATURE | SCULTURE
http://w3id.org/zac/83963_lot_10,2,Porcelaines; Faiences | PORCELLANE | PORCELAINES; FAIENCES | Porcelaines; faiences
http://w3id.org/zac/83963_lot_15,2,OGGETTI IN LEGNO | Porcelaines; faiences | Porcelaines; Faiences | PORCELAINES; FAIENCES
http://w3id.org/zac/83963_lot_16,2,PORCELAINES; FAIENCES | PORCELLANE | Porcelaines; Faiences | Porcelaines; faiences
http://w3id.org/zac/83963_lot_18,2,bronzes; pendules | Bronzes; Pendules | BRONZES; PENDULES | Porcelaines; faiences | Porcelaines; Faiences | PORCELAINES; FAIENCES
http://w3id.org/zac/83963_lot_25,2,PIATTI | SCOMPARTI
http://w3id.org/zac/83964_lot_I,2,OGGETTI IN LEGNO | STAMPE E INCISIONI
http://w3id.org/zac/83968_lot_1,2,DIPINTI | OGGETTI IN LEGNO
http://w3id.org/zac/83968_lot_13,2,OGGETTI IN LEGNO | TESSUTI
http://w3id.org/zac/83971_lot_1,2,CERAMICHE | MAIOLICHE
http://w3id.org/zac/83971_lot_12,2,ET DU JAPON | PIATTI
http://w3id.org/zac/83971_lot_14,2,MAIOLICHE | PIATTI
http://w3id.org/zac/83971_lot_15,2,MAIOLICHE | ET DU JAPON
http://w3id.org/zac/83971_lot_19,2,ET DU JAPON | MAIOLICHE
http://w3id.org/zac/83971_lot_2,2,CERAMICHE | GIOIELLI
http://w3id.org/zac/83971_lot_23,2,ET DE VINCENNES | MAIOLICHE
http://w3id.org/zac/83971_lot_24,2,BISCOTTI | MAIOLICHE
http://w3id.org/zac/83971_lot_33,2,MAIOLICHE | GIOIELLI
http://w3id.org/zac/83971_lot_34,2,GIOIELLI | PIATTI
http://w3id.org/zac/83971_lot_35,2,GIOIELLI | MAIOLICHE
http://w3id.org/zac/83971_lot_37,2,GIOIELLI | VASI
http://w3id.org/zac/83971_lot_401,2,MINIATURE | OGGETTI D'ARTE ORIENTALE
http://w3id.org/zac/83971_lot_41,2,MAIOLICHE | MINIATURE
http://w3id.org/zac/83971_lot_42,2,OGGETTI D'ARTE ORIENTALE | MAIOLICHE
http://w3id.org/zac/83971_lot_44,2,MAIOLICHE | OGGETTI D'ARTE ORIENTALE
http://w3id.org/zac/83971_lot_45,2,OGGETTI D'ARTE ORIENTALE | MAIOLICHE
http://w3id.org/zac/83971_lot_5,2,CERAMICHE | OGGETTI VARI
http://w3id.org/zac/83971_lot_52,2,MAIOLICHE | OGGETTI VARI
http://w3id.org/zac/83971_lot_53,2,MAIOLICHE | OGGETTI VARI
http://w3id.org/zac/83971_lot_58,2,MAIOLICHE | MOBILI
http://w3id.org/zac/83971_lot_7,2,STAMPE E INCISIONI | VASI
http://w3id.org/zac/83971_lot_80,2,LAMPADE | MAIOLICHE
http://w3id.org/zac/83973_lot_12,2,ARAZZI | OGGETTI D'ARTE ORIENTALE
http://w3id.org/zac/83973_lot_15,2,BISCOTTI | OGGETTI IN LEGNO
http://w3id.org/zac/83973_lot_5,2,BRONZI | OGGETTI D'ARTE ORIENTALE
http://w3id.org/zac/83973_lot_57,2,BRONZI | LUSTRI
http://w3id.org/zac/83973_lot_I,2,OGGETTI D'ARTE ORIENTALE | OGGETTI IN LEGNO
http://w3id.org/zac/83974_lot_48,2,LAMPADE | OGGETTI IN LEGNO
http://w3id.org/zac/83976_lot_10,2,FAIENCES; PORCELAINES | Faiences; Porcelaines | Faiences; porcelaines | OGGETTI IN LEGNO
http://w3id.org/zac/83976_lot_13,2,Faiences; porcelaines | FAIENCES; PORCELAINES | MEUBLES; TAPISSERIE | Faiences; Porcelaines
http://w3id.org/zac/83976_lot_2,2,Faiences; porcelaines | Faiences; Porcelaines | GIOIELLI | FAIENCES; PORCELAINES
http://w3id.org/zac/83976_lot_3,2,Faiences; Porcelaines | Faiences; porcelaines | FAIENCES; PORCELAINES | SCATOLE
http://w3id.org/zac/83976_lot_5,2,MINIATURE | Faiences; porcelaines | Faiences; Porcelaines | FAIENCES; PORCELAINES
http://w3id.org/zac/83976_lot_6,2,Faiences; porcelaines | Faiences; Porcelaines | FAIENCES; PORCELAINES | GIOIELLI
http://w3id.org/zac/83980_lot_10,2,OGGETTI D'ARTE | SCULTURE
http://w3id.org/zac/83980_lot_3,2,OGGETTI D'ARTE | OGGETTI VARI
http://w3id.org/zac/83980_lot_6,2,OGGETTI D'ARTE | SCATOLE
http://w3id.org/zac/83982_lot_2,2,LAMPADE | PORCELLANE
http://w3id.org/zac/83982_lot_23,2,Cadres aneiens; Glaces | SCATOLE
http://w3id.org/zac/83984_lot_2,2,ARAZZI | OGGETTI VARI
http://w3id.org/zac/83984_lot_3,2,ARAZZI | OGGETTI IN LEGNO
http://w3id.org/zac/83984_lot_I,2,Le Berger galant | ETOFFES; TENTURES
http://w3id.org/zac/83988_lot_1,2,SMALTI | STAMPE E INCISIONI
http://w3id.org/zac/83988_lot_38,2,CANDELABRI | SCULTURE
http://w3id.org/zac/83989_lot_1,2,LIBRI | OGGETTI VARI
http://w3id.org/zac/83989_lot_4,2,PANNELLI | OGGETTI IN LEGNO
http://w3id.org/zac/83989_lot_5,2,LIBRI | PANNELLI
http://w3id.org/zac/83992_lot_10,2,OGGETTI D'ARTE ORIENTALE | GIOIELLI
http://w3id.org/zac/83992_lot_14,2,GIOIELLI | PIATTI
http://w3id.org/zac/83992_lot_15,2,GIOIELLI | PIATTI
http://w3id.org/zac/83992_lot_18,2,GIOIELLI | PORCELLANE
http://w3id.org/zac/83992_lot_3,2,OGGETTI D'ARTE ORIENTALE | GIOIELLI
http://w3id.org/zac/83992_lot_5,2,OGGETTI D'ARTE ORIENTALE | GIOIELLI
http://w3id.org/zac/83992_lot_6,2,GIOIELLI | OGGETTI D'ARTE ORIENTALE
http://w3id.org/zac/83992_lot_8,2,OGGETTI D'ARTE ORIENTALE | GIOIELLI
http://w3id.org/zac/83997_lot_134,2,BRONZI | SCATOLE
http://w3id.org/zac/83997_lot_154,2,BRONZI | VASI
http://w3id.org/zac/83997_lot_19,2,OGGETTI IN LEGNO | PORCELLANE
http://w3id.org/zac/83997_lot_84,2,OGGETTI IN LEGNO | SCULTURE
http://w3id.org/zac/84001_lot_3,2,VASI | SCULTURE
http://w3id.org/zac/84003_lot_2,2,PORCELLANE | STAMPE E INCISIONI
http://w3id.org/zac/84003_lot_30,2,MINIATURE | PORCELLANE
http://w3id.org/zac/84003_lot_5,2,BRONZI | STAMPE E INCISIONI
http://w3id.org/zac/84004_lot_1,2,CUIVRES; BRONZES | OGGETTI IN METALLO
http://w3id.org/zac/84004_lot_13,2,BASSORILIEVI | OGGETTI IN LEGNO
http://w3id.org/zac/84004_lot_15,2,MAIOLICHE | OGGETTI IN LEGNO
http://w3id.org/zac/84004_lot_44,2,MAIOLICHE | MINIATURE
http://w3id.org/zac/84004_lot_6,2,OGGETTI VARI | SMALTI
http://w3id.org/zac/84004_lot_8,2,OGGETTI VARI | PIATTI
http://w3id.org/zac/84006_lot_10,2,BRONZI | PIATTI
http://w3id.org/zac/84006_lot_18,2,OGGETTI D'ARTE ORIENTALE | VASI
http://w3id.org/zac/84006_lot_3,2,MAIOLICHE | VASI
http://w3id.org/zac/84006_lot_5,2,PIATTI | SMALTI
http://w3id.org/zac/84006_lot_6,2,SMALTI | PIATTI
http://w3id.org/zac/84006_lot_7,2,BRONZI | PIATTI
http://w3id.org/zac/84006_lot_8,2,PIATTI | SMALTI
http://w3id.org/zac/84009_lot_1,2,MAIOLICHE | OGGETTI VARI
http://w3id.org/zac/84009_lot_16,2,GIOIELLI | PIATTI
http://w3id.org/zac/84009_lot_161,2,GIOIELLI | OGGETTI VARI
http://w3id.org/zac/84009_lot_2,2,PASTELLI | TORCE
http://w3id.org/zac/84009_lot_I,2,Le Mardi 10 Mai 1910 | PASTELLI
http://w3id.org/zac/84010_lot_2,2,OGGETTI VARI | OGGETTI IN LEGNO
http://w3id.org/zac/84010_lot_3,2,OGGETTI VARI | TESSUTI
http://w3id.org/zac/84010_lot_8,2,ARREDAMENTI | PORCELLANE
http://w3id.org/zac/84015_lot_18,2,MOBILI | SEDIE
http://w3id.org/zac/84019_lot_2,2,DIPINTI | SOIERIES; TAPISSERIES
http://w3id.org/zac/84019_lot_4,2,PANNELLI | PORCELLANE
http://w3id.org/zac/84026_lot_13,2,VASI | PORCELLANE
http://w3id.org/zac/84026_lot_14,2,VASI | PORCELLANE
http://w3id.org/zac/84026_lot_16,2,OGGETTI VARI | PORCELLANE
http://w3id.org/zac/84026_lot_23,2,ARREDAMENTI | TORCE
http://w3id.org/zac/84028_lot_13,2,MINIATURE | PORCELLANE
http://w3id.org/zac/84028_lot_15,2,PORCELAINES; FAIENCES | Porcelaines; Faiences | Porcelaines; faiences | PORCELLANE
http://w3id.org/zac/84028_lot_18,2,PORCELLANE | PORCELAINES; FAIENCES | Porcelaines; Faiences | Porcelaines; faiences
http://w3id.org/zac/84028_lot_19,2,BIANCHERIA | Porcelaines; faiences | Porcelaines; Faiences | PORCELAINES; FAIENCES
http://w3id.org/zac/84028_lot_20,2,GIOIELLI | PORCELLANE
http://w3id.org/zac/84028_lot_23,2,GIOIELLI | SCATOLE
http://w3id.org/zac/84028_lot_25,2,OROLOGI | PORCELLANE
http://w3id.org/zac/84028_lot_28,2,OGGETTI IN METALLO | PORCELLANE
http://w3id.org/zac/84028_lot_31,2,PORCELLANE | SMALTI
http://w3id.org/zac/84028_lot_35,2,SCULTURE | PORCELLANE
http://w3id.org/zac/84028_lot_36,2,OGGETTI IN LEGNO | SCULTURE
http://w3id.org/zac/84028_lot_38,2,OGGETTI IN LEGNO | PORCELLANE
http://w3id.org/zac/84028_lot_8,2,PORCELLANE | PIATTI
http://w3id.org/zac/84029_lot_13,2,GIOIELLI | SCATOLE
http://w3id.org/zac/84029_lot_19,2,GIOIELLI | PORCELLANE
http://w3id.org/zac/84029_lot_2,2,GIOIELLI | PORCELLANE
http://w3id.org/zac/84029_lot_21,2,GIOIELLI | OGGETTI VARI
http://w3id.org/zac/84029_lot_23,2,GIOIELLI | PORCELLANE
http://w3id.org/zac/84029_lot_25,2,CRISTALLI | GIOIELLI
http://w3id.org/zac/84029_lot_26,2,GIOIELLI | OGGETTI VARI
http://w3id.org/zac/84029_lot_28,2,GIOIELLI | SCULTURE
http://w3id.org/zac/84029_lot_31,2,BRONZI | GIOIELLI
http://w3id.org/zac/84029_lot_35,2,GIOIELLI | OGGETTI IN LEGNO
http://w3id.org/zac/84029_lot_36,2,GIOIELLI | OGGETTI IN LEGNO
http://w3id.org/zac/84029_lot_38,2,GIOIELLI | OGGETTI VARI
http://w3id.org/zac/84029_lot_40,2,ABITI | GIOIELLI
http://w3id.org/zac/84029_lot_41,2,ABITI | GIOIELLI
http://w3id.org/zac/84029_lot_45,2,Etoffes brodees; Coussins; Tapis d'Orient; Tapis d'Aubusson | GIOIELLI
http://w3id.org/zac/84029_lot_46,2,GIOIELLI | OGGETTI VARI
http://w3id.org/zac/84031_lot_6,2,ARMI | PORCELLANE
http://w3id.org/zac/84034_lot_6,2,ARREDAMENTI | PORCELLANE
http://w3id.org/zac/84035_lot_13,2,PIATTI | STRUMENTI SCIENTIFICI
http://w3id.org/zac/84035_lot_16,2,ARREDAMENTI | STRUMENTI SCIENTIFICI
http://w3id.org/zac/84035_lot_18,2,OGGETTI IN LEGNO | STRUMENTI SCIENTIFICI
http://w3id.org/zac/84035_lot_25,2,OGGETTI VARI | STRUMENTI SCIENTIFICI
http://w3id.org/zac/84035_lot_26,2,LAMPADE | STRUMENTI SCIENTIFICI
http://w3id.org/zac/84035_lot_31,2,CERAMICHE | STRUMENTI SCIENTIFICI
http://w3id.org/zac/84035_lot_32,2,LAMPADE | PIATTI
http://w3id.org/zac/84035_lot_35,2,LAMPADE | OGGETTI VARI
http://w3id.org/zac/84035_lot_37,2,LAMPADE | ETAINS; CUIVRES; FERS
http://w3id.org/zac/84035_lot_38,2,PIATTI | STRUMENTI SCIENTIFICI
http://w3id.org/zac/84035_lot_4,2,OGGETTI IN LEGNO | STRUMENTI SCIENTIFICI
http://w3id.org/zac/84035_lot_41,2,OGGETTI IN LEGNO | STRUMENTI SCIENTIFICI
http://w3id.org/zac/84035_lot_43,2,OGGETTI VARI | STRUMENTI SCIENTIFICI
http://w3id.org/zac/84035_lot_8,2,OGGETTI VARI | STRUMENTI SCIENTIFICI
http://w3id.org/zac/84035_lot_I,2,Le Lundi 13 Mars 1911 | STRUMENTI SCIENTIFICI
http://w3id.org/zac/84038_lot_I,2,MINIATURE | STAMPE E INCISIONI
http://w3id.org/zac/84040_lot_14,2,PORCELLANE | VASI
http://w3id.org/zac/84040_lot_15,2,OGGETTI IN LEGNO | PORCELLANE
http://w3id.org/zac/84040_lot_2,2,DIPINTI | PORCELLANE
http://w3id.org/zac/84040_lot_213,2,MAIOLICHE | PORCELLANE
http://w3id.org/zac/84040_lot_5,2,DIPINTI | BRONZI
http://w3id.org/zac/84040_lot_75,2,ACQUEFORTI | OGGETTI IN LEGNO
http://w3id.org/zac/84040_lot_79,2,ARREDAMENTI | STAMPE E INCISIONI
http://w3id.org/zac/84040_lot_8,2,MEUBLES; SIEGES | OGGETTI IN LEGNO
http://w3id.org/zac/84040_lot_82,2,PORCELLANE | TAPISSERIE; TAPIS
http://w3id.org/zac/84040_lot_83,2,TAPISSERIE; TAPIS | PORCELLANE
http://w3id.org/zac/84040_lot_86,2,TAPISSERIE; TAPIS | PORCELLANE
http://w3id.org/zac/84040_lot_88,2,TAPISSERIE; TAPIS | PORCELLANE
http://w3id.org/zac/84045_lot_1,2,OGGETTI VARI | STAMPE E INCISIONI
http://w3id.org/zac/84045_lot_16,2,LUSTRI | STAMPE E INCISIONI
http://w3id.org/zac/84045_lot_33,2,LIBRI | PORCELLANE
http://w3id.org/zac/84045_lot_8,2,OGGETTI IN METALLO | STAMPE E INCISIONI
http://w3id.org/zac/84046_lot_1,2,MEDAGLIE | EMAUX; CUIVRES
http://w3id.org/zac/84046_lot_12,2,LAMPADE | PLAQUETTES; BRONZES
http://w3id.org/zac/84048_lot_1,2,STAMPE E INCISIONI | PIATTI
http://w3id.org/zac/84048_lot_28,2,VASI | STAMPE E INCISIONI
http://w3id.org/zac/84048_lot_31,2,VASI | STAMPE E INCISIONI
http://w3id.org/zac/84048_lot_I,2,VASI | SCATOLE
http://w3id.org/zac/84054_lot_1,2,ACQUEFORTI | MOBILI
http://w3id.org/zac/84054_lot_10,2,ARAZZI | OGGETTI IN LEGNO
http://w3id.org/zac/84054_lot_3,2,BIANCHERIA | OGGETTI VARI
http://w3id.org/zac/84055_lot_13,2,OGGETTI IN LEGNO | VASI
http://w3id.org/zac/84059_lot_13,2,CERAMICHE | STAMPE E INCISIONI
http://w3id.org/zac/84059_lot_14,2,BIANCHERIA | STAMPE E INCISIONI
http://w3id.org/zac/84059_lot_19,2,OGGETTI IN METALLO | STAMPE E INCISIONI
http://w3id.org/zac/84059_lot_2,2,STAMPE E INCISIONI | SEDIE
http://w3id.org/zac/84059_lot_21,2,BRONZI | STAMPE E INCISIONI
http://w3id.org/zac/84059_lot_22,2,OROLOGI | STAMPE E INCISIONI
http://w3id.org/zac/84059_lot_3,2,STAMPE E INCISIONI | SEDIE
http://w3id.org/zac/84059_lot_35,2,OGGETTI VARI | SEDIE
http://w3id.org/zac/84060_lot_230,2,DIPINTI | PASTELLI
http://w3id.org/zac/84060_lot_26,2,DIPINTI | PASTELLI
http://w3id.org/zac/84060_lot_280,2,DIPINTI | PASTELLI
http://w3id.org/zac/84060_lot_300,2,DIPINTI | PASTELLI
http://w3id.org/zac/84062_lot_I,2,OGGETTI IN METALLO | SCOMPARTI
http://w3id.org/zac/84063_lot_I,2,OGGETTI IN METALLO | SCOMPARTI
http://w3id.org/zac/84065_lot_12,2,BIGIOTTERIA | GIOIELLI
http://w3id.org/zac/84065_lot_6,2,GIOIELLI | PIATTI
http://w3id.org/zac/84066_lot_3,2,MAIOLICHE | OGGETTI D'ARTE ORIENTALE
http://w3id.org/zac/84066_lot_5,2,PORCELLANE | SCATOLE
http://w3id.org/zac/84067_lot_1,2,STAMPE E INCISIONI | PORCELLANE
http://w3id.org/zac/84067_lot_14,2,ARREDAMENTI | MINIATURE
http://w3id.org/zac/84069_lot_3,2,BRONZI | OGGETTI IN LEGNO
http://w3id.org/zac/84070_lot_16,2,Bronzes; Pendules | BIJOUX; ORFEVRERIE | BRONZES; PENDULES | bronzes; pendules
http://w3id.org/zac/84070_lot_20,2,PANNELLI | OGGETTI IN LEGNO
http://w3id.org/zac/84072_lot_10,2,GIOIELLI | PORCELLANE
http://w3id.org/zac/84072_lot_13,2,PORCELLANE | PIATTI
http://w3id.org/zac/84072_lot_15,2,GIOIELLI | PORCELLANE
http://w3id.org/zac/84072_lot_18,2,GIOIELLI | OGGETTI VARI
http://w3id.org/zac/84072_lot_19,2,MERLETTI | GIOIELLI
http://w3id.org/zac/84072_lot_23,2,BRONZI | GIOIELLI
http://w3id.org/zac/84072_lot_35,2,ARAZZI | OGGETTI VARI
http://w3id.org/zac/84074_lot_10,2,MAIOLICHE | GIOIELLI
http://w3id.org/zac/84074_lot_15,2,GIOIELLI | OGGETTI VARI
http://w3id.org/zac/84074_lot_151,2,GIOIELLI | OGGETTI VARI
http://w3id.org/zac/84074_lot_16,2,GIOIELLI | OGGETTI VARI
http://w3id.org/zac/84074_lot_18,2,GIOIELLI | OGGETTI VARI
http://w3id.org/zac/84074_lot_23,2,OGGETTI VARI | PORTE-CIGARETTES; PORTE-ALLUMETTES
http://w3id.org/zac/84074_lot_233,2,OGGETTI VARI | OGGETTI D'ARTE
http://w3id.org/zac/84074_lot_25,2,GIOIELLI | PORTE-CIGARETTES; PORTE-ALLUMETTES
http://w3id.org/zac/84074_lot_251,2,OGGETTI D'ARTE | PORTE-CIGARETTES; PORTE-ALLUMETTES
http://w3id.org/zac/84074_lot_26,2,OGGETTI VARI | PORTE-CIGARETTES; PORTE-ALLUMETTES
http://w3id.org/zac/84074_lot_28,2,GIOIELLI | OGGETTI VARI
http://w3id.org/zac/84074_lot_31,2,GIOIELLI | OGGETTI D'ARTE
http://w3id.org/zac/84074_lot_34,2,GIOIELLI | OGGETTI D'ARTE
http://w3id.org/zac/84074_lot_35,2,GIOIELLI | OGGETTI D'ARTE
http://w3id.org/zac/84074_lot_43,2,BRONZI | GIOIELLI
http://w3id.org/zac/84074_lot_6,2,COLLIERS; CHAPELETS DE PERLES | BRONZI
http://w3id.org/zac/84074_lot_71,2,OGGETTI D'ARTE | OGGETTI VARI
http://w3id.org/zac/84074_lot_8,2,MAIOLICHE | OGGETTI VARI
http://w3id.org/zac/84075_lot_16,2,OBJETS VARIES; SCULPTURES | PORCELLANE
http://w3id.org/zac/84075_lot_6,2,MAIOLICHE | PORCELLANE
http://w3id.org/zac/84081_lot_1,2,CERAMICHE | MAIOLICHE
http://w3id.org/zac/84081_lot_10,2,CERAMICHE | MAIOLICHE
http://w3id.org/zac/84081_lot_13,2,MAIOLICHE | PORCELLANE
http://w3id.org/zac/84081_lot_14,2,MAIOLICHE | PIATTI
http://w3id.org/zac/84081_lot_16,2,MAIOLICHE | PORCELLANE
http://w3id.org/zac/84081_lot_201,2,OGGETTI IN METALLO | OGGETTI IN LEGNO
http://w3id.org/zac/84081_lot_207,2,MAIOLICHE | OGGETTI IN LEGNO
http://w3id.org/zac/84081_lot_21,2,MAIOLICHE | PORCELLANE
http://w3id.org/zac/84081_lot_27,2,OGGETTI IN LEGNO | PORCELLANE
http://w3id.org/zac/84081_lot_28,2,OGGETTI IN LEGNO | PORCELLANE
http://w3id.org/zac/84081_lot_30,2,OGGETTI IN LEGNO | PORCELLANE
http://w3id.org/zac/84081_lot_34,2,OGGETTI IN LEGNO | PORCELLANE
http://w3id.org/zac/84081_lot_38,2,LIBRI | PORCELLANE
http://w3id.org/zac/84081_lot_5,2,CERAMICHE | MAIOLICHE
http://w3id.org/zac/84081_lot_6,2,CERAMICHE | MAIOLICHE
http://w3id.org/zac/84083_lot_1,2,OGGETTI IN LEGNO | SCULTURE
http://w3id.org/zac/84083_lot_13,2,SPECCHI | STAMPE E INCISIONI
http://w3id.org/zac/84085_lot_1,2,OGGETTI IN LEGNO | STAMPE E INCISIONI
http://w3id.org/zac/84085_lot_13,2,OGGETTI IN LEGNO | STAMPE E INCISIONI
http://w3id.org/zac/84085_lot_14,2,OGGETTI IN LEGNO | STAMPE E INCISIONI
http://w3id.org/zac/84085_lot_16,2,OGGETTI VARI | STAMPE E INCISIONI
http://w3id.org/zac/84085_lot_18,2,TERRECOTTE | STAMPE E INCISIONI
http://w3id.org/zac/84085_lot_211,2,OGGETTI IN LEGNO | TERRECOTTE
http://w3id.org/zac/84085_lot_22,2,OGGETTI IN LEGNO | STAMPE E INCISIONI
http://w3id.org/zac/84085_lot_26,2,OGGETTI IN LEGNO | STAMPE E INCISIONI
http://w3id.org/zac/84085_lot_3,2,ETOFFES; DENTELLES | STAMPE E INCISIONI
http://w3id.org/zac/84085_lot_32,2,ETOFFES; DENTELLES | STAMPE E INCISIONI
http://w3id.org/zac/84085_lot_33,2,PANNELLI | STAMPE E INCISIONI
http://w3id.org/zac/84085_lot_34,2,ETOFFES; DENTELLES | STAMPE E INCISIONI
http://w3id.org/zac/84085_lot_6,2,ARMI | STAMPE E INCISIONI
http://w3id.org/zac/84086_lot_1,2,MAIOLICHE | OGGETTI VARI
http://w3id.org/zac/84086_lot_10,2,ARMI | MAIOLICHE
http://w3id.org/zac/84086_lot_12,2,MAIOLICHE | OGGETTI VARI
http://w3id.org/zac/84086_lot_13,2,MAIOLICHE | OGGETTI VARI
http://w3id.org/zac/84086_lot_14,2,OGGETTI VARI | PIATTI
http://w3id.org/zac/84086_lot_15,2,MAIOLICHE | OGGETTI VARI
http://w3id.org/zac/84086_lot_16,2,OGGETTI VARI | PIATTI
http://w3id.org/zac/84086_lot_17,2,MAIOLICHE | OGGETTI VARI
http://w3id.org/zac/84086_lot_18,2,GIOIELLI | MAIOLICHE
http://w3id.org/zac/84086_lot_19,2,GIOIELLI | MAIOLICHE
http://w3id.org/zac/84086_lot_23,2,MAIOLICHE | GIOIELLI
http://w3id.org/zac/84086_lot_33,2,OGGETTI D'ARTE ORIENTALE | OGGETTI IN LEGNO
http://w3id.org/zac/84086_lot_34,2,OGGETTI D'ARTE ORIENTALE | OGGETTI IN LEGNO
http://w3id.org/zac/84086_lot_35,2,OGGETTI D'ARTE ORIENTALE | OGGETTI IN LEGNO
http://w3id.org/zac/84086_lot_6,2,ARMI | MAIOLICHE
http://w3id.org/zac/84086_lot_8,2,ARMI | MAIOLICHE
http://w3id.org/zac/84087_lot_1,2,APPAREILS DECLAIRAGE; PENDULE | VASI
http://w3id.org/zac/84087_lot_10,2,STAMPE E INCISIONI | VASI
http://w3id.org/zac/84087_lot_12,2,APPAREILS DECLAIRAGE; PENDULE | STAMPE E INCISIONI
http://w3id.org/zac/84087_lot_13,2,APPAREILS DECLAIRAGE; PENDULE | STAMPE E INCISIONI
http://w3id.org/zac/84092_lot_10,2,MAIOLICHE | STAMPE E INCISIONI
http://w3id.org/zac/84092_lot_12,2,MAIOLICHE | TORCE
http://w3id.org/zac/84092_lot_15,2,MAIOLICHE | OGGETTI IN LEGNO
http://w3id.org/zac/84092_lot_16,2,Sieges; Meubles | SIEGES; MEUBLES | VASI
http://w3id.org/zac/84092_lot_19,2,LAMPADE | SIEGES; MEUBLES | Sieges; Meubles
http://w3id.org/zac/84092_lot_25,2,ACQUEFORTI | MAIOLICHE
http://w3id.org/zac/84094_lot_2,2,OGGETTI IN LEGNO | PORCELLANE
http://w3id.org/zac/84094_lot_3,2,GIOIELLI | OGGETTI VARI
http://w3id.org/zac/84094_lot_I,2,GIOIELLI | STAMPE E INCISIONI
http://w3id.org/zac/84095_lot_18,2,ARAZZI | SCULTURE
http://w3id.org/zac/84095_lot_I,2,PANNELLI | OGGETTI IN METALLO
http://w3id.org/zac/84096_lot_5,2,STAMPE E INCISIONI | SEDIE
http://w3id.org/zac/84098_lot_1,2,MAIOLICHE | PORCELLANE
http://w3id.org/zac/84098_lot_13,2,PORCELLANE | PIATTI
http://w3id.org/zac/84098_lot_15,2,PIATTI | PORCELLANE
http://w3id.org/zac/84098_lot_16,2,MAIOLICHE | PORCELLANE
http://w3id.org/zac/84098_lot_19,2,MAIOLICHE | PIATTI
http://w3id.org/zac/84098_lot_23,2,MAIOLICHE | OGGETTI VARI
http://w3id.org/zac/84098_lot_6,2,MAIOLICHE | PIATTI
http://w3id.org/zac/84100_lot_6,2,SCATOLE | PIATTI
http://w3id.org/zac/84101_lot_2,2,ARREDAMENTI | SEDIE
http://w3id.org/zac/84101_lot_5,2,ARREDAMENTI | PIATTI
http://w3id.org/zac/84102_lot_10,2,ACQUEFORTI | OGGETTI IN LEGNO
http://w3id.org/zac/84102_lot_101,2,OGGETTI IN FERRO | OGGETTI IN LEGNO
http://w3id.org/zac/84102_lot_196,2,PANNELLI | OROLOGI
http://w3id.org/zac/84102_lot_3,2,DIPINTI | BISCOTTI
http://w3id.org/zac/84102_lot_6,2,OGGETTI VARI | PORCELLANE
http://w3id.org/zac/84102_lot_85,2,BASSORILIEVI | OGGETTI D'ARTE ORIENTALE
http://w3id.org/zac/84104_lot_1,2,MAIOLICHE | PIATTI
http://w3id.org/zac/84104_lot_3,2,BASSORILIEVI | SCULTURE
http://w3id.org/zac/84106_lot_1,2,BIANCHERIA | OGGETTI IN LEGNO
http://w3id.org/zac/84106_lot_16,2,PENDULES; BRONZES | PORCELLANE
http://w3id.org/zac/84107_lot_16,2,VASI | PORCELLANE
http://w3id.org/zac/84107_lot_18,2,MINIATURE | OGGETTI D'ARTE ORIENTALE
http://w3id.org/zac/84107_lot_31,2,LUSTRI | OROLOGI
http://w3id.org/zac/84107_lot_35,2,ACQUEFORTI | BIANCHERIA
http://w3id.org/zac/84107_lot_I,2,STRUMENTI MUSICALI | VASI
http://w3id.org/zac/84108_lot_1,2,BRONZI | MOBILI
http://w3id.org/zac/84108_lot_I,2,MARBRE; BRONZE | VASI
http://w3id.org/zac/84109_lot_1,2,DIPINTI | OGGETTI IN LEGNO
http://w3id.org/zac/84109_lot_13,2,FAIENCES; PORCELAINES | Faiences; porcelaines | Faiences; Porcelaines | OGGETTI D'ARTE ORIENTALE
http://w3id.org/zac/84110_lot_12,2,MAIOLICHE | OGGETTI IN PELTRO
http://w3id.org/zac/84110_lot_14,2,BASSORILIEVI | OGGETTI IN FERRO
http://w3id.org/zac/84110_lot_16,2,OGGETTI IN FERRO | OGGETTI IN METALLO
http://w3id.org/zac/84110_lot_18,2,OGGETTI IN FERRO | OGGETTI IN METALLO
http://w3id.org/zac/84110_lot_19,2,OGGETTI IN FERRO | OGGETTI IN METALLO
http://w3id.org/zac/84110_lot_2,2,MAIOLICHE | OGGETTI VARI
http://w3id.org/zac/84110_lot_21,2,MOBILI | OGGETTI IN METALLO
http://w3id.org/zac/84110_lot_25,2,OGGETTI IN LEGNO | OGGETTI IN METALLO
http://w3id.org/zac/84110_lot_26,2,OGGETTI IN METALLO | OGGETTI IN LEGNO
http://w3id.org/zac/84110_lot_3,2,MAIOLICHE | OGGETTI IN LEGNO
http://w3id.org/zac/84110_lot_33,2,Bronzes; Cuivres; Dinanderie; Etains | SCULTURE
http://w3id.org/zac/84110_lot_34,2,Bronzes; Cuivres; Dinanderie; Etains | SCULTURE
http://w3id.org/zac/84110_lot_35,2,Bronzes; Cuivres; Dinanderie; Etains | SCULTURE
http://w3id.org/zac/84110_lot_36,2,Bronzes; Cuivres; Dinanderie; Etains | SCULTURE
http://w3id.org/zac/84110_lot_37,2,Bronzes; Cuivres; Dinanderie; Etains | SCULTURE
http://w3id.org/zac/84110_lot_39,2,Bronzes; Cuivres; Dinanderie; Etains | PANNELLI
http://w3id.org/zac/84110_lot_41,2,Bronzes; Cuivres; Dinanderie; Etains | OGGETTI IN LEGNO
http://w3id.org/zac/84110_lot_42,2,BAULI | Bronzes; Cuivres; Dinanderie; Etains
http://w3id.org/zac/84110_lot_43,2,Bronzes; Cuivres; Dinanderie; Etains | MOBILI
http://w3id.org/zac/84110_lot_44,2,Bronzes; Cuivres; Dinanderie; Etains | MOBILI
http://w3id.org/zac/84110_lot_47,2,PANNELLI | SCATOLE
http://w3id.org/zac/84110_lot_48,2,Bronzes; Cuivres; Dinanderie; Etains | MAIOLICHE
http://w3id.org/zac/84110_lot_5,2,MAIOLICHE | OGGETTI IN LEGNO
http://w3id.org/zac/84110_lot_6,2,Bronzes; Cuivres; Dinanderie; Etains | MAIOLICHE
http://w3id.org/zac/84111_lot_5,2,LAMPADE | VASI
http://w3id.org/zac/84111_lot_I,2,ACQUEFORTI | OGGETTI IN LEGNO
http://w3id.org/zac/84115_lot_I,2,DISEGNI | STAMPE E INCISIONI
http://w3id.org/zac/84118_lot_1,2,BIANCHERIA | PORCELLANE
http://w3id.org/zac/84118_lot_10,2,OGGETTI VARI | STAMPE E INCISIONI
http://w3id.org/zac/84118_lot_18,2,OGGETTI IN LEGNO | VASI
http://w3id.org/zac/84118_lot_21,2,OGGETTI IN LEGNO | PIATTI
http://w3id.org/zac/84118_lot_23,2,OGGETTI IN LEGNO | PIATTI
http://w3id.org/zac/84118_lot_3,2,MAIOLICHE | STAMPE E INCISIONI
http://w3id.org/zac/84118_lot_8,2,STAMPE E INCISIONI | PIATTI
http://w3id.org/zac/84119_lot_5,2,LAMPADE | OGGETTI IN LEGNO
http://w3id.org/zac/84119_lot_61,2,SEDIE | VASI
http://w3id.org/zac/84119_lot_8,2,ACQUEFORTI | CANDELABRI
http://w3id.org/zac/84121_lot_1,2,ARAZZI | OGGETTI IN LEGNO
http://w3id.org/zac/84121_lot_3,2,PANNELLI | PORCELAINES; FAIENCES | Porcelaines; Faiences | Porcelaines; faiences
http://w3id.org/zac/84122_lot_1,2,ARMI | SMALTI
http://w3id.org/zac/84122_lot_10,2,OGGETTI IN FERRO | SMALTI
http://w3id.org/zac/84122_lot_12,2,ARMI | SMALTI
http://w3id.org/zac/84122_lot_13,2,MOBILI | SMALTI
http://w3id.org/zac/84122_lot_14,2,OGGETTI IN LEGNO | SMALTI
http://w3id.org/zac/84122_lot_15,2,DIPINTI | OGGETTI VARI
http://w3id.org/zac/84122_lot_17,2,OGGETTI IN LEGNO | SEDIE
http://w3id.org/zac/84122_lot_18,2,OGGETTI IN LEGNO | PIATTI
http://w3id.org/zac/84122_lot_20,2,OGGETTI IN LEGNO | SMALTI
http://w3id.org/zac/84122_lot_203,2,PANNELLI | OGGETTI IN LEGNO
http://w3id.org/zac/84122_lot_25,2,BAULI | SMALTI
http://w3id.org/zac/84122_lot_26,2,BAULI | SMALTI
http://w3id.org/zac/84122_lot_28,2,Tapis; Broderies; Etoffes | SMALTI
http://w3id.org/zac/84122_lot_5,2,BRONZES; CUIVRES | Bronzes; Cuivres | MAIOLICHE
http://w3id.org/zac/84122_lot_88,2,OGGETTI IN FERRO | Tapis; Broderies; Etoffes
http://w3id.org/zac/84123_lot_1,2,MINIATURE | VASI
http://w3id.org/zac/84123_lot_3,2,SCATOLE | TESSUTI
http://w3id.org/zac/84124_lot_1,2,Porcelaines; faiences | Porcelaines; Faiences | PORCELAINES; FAIENCES | VASI
http://w3id.org/zac/84125_lot_1,2,ACQUEFORTI | OGGETTI IN LEGNO
http://w3id.org/zac/84125_lot_10,2,OGGETTI IN LEGNO | SCULPTURES; CERAMIQUES
http://w3id.org/zac/84125_lot_13,2,Etoffes; Tapis | ETOFFES; TAPIS | Etoffes; tapis | SCULPTURES; CERAMIQUES
http://w3id.org/zac/84127_lot_17,2,ARREDAMENTI | OGGETTI VARI
http://w3id.org/zac/84128_lot_10,2,ACQUEFORTI | OGGETTI VARI
http://w3id.org/zac/84128_lot_15,2,OGGETTI IN METALLO | Porcelaines; faiences | PORCELAINES; FAIENCES | Porcelaines; Faiences
http://w3id.org/zac/84128_lot_16,2,CUIVRE; METAL | Porcelaines; faiences | Porcelaines; Faiences | PORCELAINES; FAIENCES
http://w3id.org/zac/84128_lot_18,2,OGGETTI IN LEGNO | Porcelaines; Faiences | Porcelaines; faiences | PORCELAINES; FAIENCES
http://w3id.org/zac/84128_lot_19,2,ACQUEFORTI | PORCELAINES; FAIENCES | Porcelaines; Faiences | Porcelaines; faiences
http://w3id.org/zac/84128_lot_20,2,ARREDAMENTI | LAMPADE
http://w3id.org/zac/84128_lot_25,2,MEUBLES; SIEGES | PORCELAINES; FAIENCES | Porcelaines; faiences | Porcelaines; Faiences
http://w3id.org/zac/84131_lot_6,2,OGGETTI VARI | Porcelaines; faiences | Porcelaines; Faiences | PORCELAINES; FAIENCES
http://w3id.org/zac/84133_lot_13,2,MAIOLICHE | PORCELLANE
http://w3id.org/zac/84133_lot_15,2,OGGETTI IN LEGNO | PORCELLANE
http://w3id.org/zac/84133_lot_16,2,OGGETTI IN FERRO | PORCELLANE
http://w3id.org/zac/84133_lot_18,2,OGGETTI IN FERRO | PORCELLANE
http://w3id.org/zac/84133_lot_19,2,MAIOLICHE | PORCELLANE
http://w3id.org/zac/84133_lot_2,2,BRONZI | PIATTI
http://w3id.org/zac/84133_lot_21,2,BRONZI | OGGETTI IN LEGNO
http://w3id.org/zac/84133_lot_23,2,MAIOLICHE | OGGETTI IN LEGNO
http://w3id.org/zac/84133_lot_6,2,MAIOLICHE | PIATTI
http://w3id.org/zac/84136_lot_1,2,BIANCHERIA | GIOIELLI
http://w3id.org/zac/84136_lot_2,2,GIOIELLI | PORCELLANE
http://w3id.org/zac/84136_lot_20,2,GIOIELLI | PORCELLANE
http://w3id.org/zac/84136_lot_23,2,GIOIELLI | PORCELLANE
http://w3id.org/zac/84136_lot_26,2,BISCOTTI | GIOIELLI
http://w3id.org/zac/84136_lot_28,2,MINIATURE | GIOIELLI
http://w3id.org/zac/84136_lot_29,2,MINIATURES; BOITES | GIOIELLI
http://w3id.org/zac/84136_lot_31,2,MINIATURES; BOITES | GIOIELLI
http://w3id.org/zac/84136_lot_33,2,GIOIELLI | VENTAGLI
http://w3id.org/zac/84136_lot_35,2,GIOIELLI | OGGETTI VARI
http://w3id.org/zac/84136_lot_36,2,GIOIELLI | OGGETTI IN METALLO
http://w3id.org/zac/84136_lot_37,2,LAMPADE | GIOIELLI
http://w3id.org/zac/84136_lot_38,2,LUSTRI | GIOIELLI
http://w3id.org/zac/84136_lot_41,2,GIOIELLI | OGGETTI IN LEGNO
http://w3id.org/zac/84136_lot_43,2,GIOIELLI | OGGETTI IN LEGNO
http://w3id.org/zac/84136_lot_45,2,GIOIELLI | OGGETTI IN LEGNO
http://w3id.org/zac/84136_lot_46,2,ABITI | GIOIELLI
http://w3id.org/zac/84136_lot_48,2,GIOIELLI | TAPPETI
http://w3id.org/zac/84136_lot_49,2,GIOIELLI | TAPPETI
http://w3id.org/zac/84139_lot_8,2,OGGETTI D'ARTE | OGGETTI VARI
http://w3id.org/zac/84139_lot_I,2,OGGETTI IN LEGNO | TORCE
http://w3id.org/zac/84143_lot_I,2,ARAZZI | SCULTURE
http://w3id.org/zac/84148_lot_I,2,ARREDAMENTI | OGGETTI IN METALLO
http://w3id.org/zac/84152_lot_3,2,DIPINTI | PORCELLANE
http://w3id.org/zac/84160_lot_10,2,ACQUEFORTI | OGGETTI IN METALLO
http://w3id.org/zac/84161_lot_I,2,OGGETTI VARI | OGGETTI IN METALLO
http://w3id.org/zac/84162_lot_16,2,ARGENTI | MINIATURE
http://w3id.org/zac/84162_lot_25,2,ARAZZI | Faiences; Porcelaines | FAIENCES; PORCELAINES | Faiences; porcelaines
http://w3id.org/zac/84162_lot_4,2,SEDIE | SCATOLE
http://w3id.org/zac/84164_lot_1,2,DENTELLES; TENTURES | ARREDAMENTI
http://w3id.org/zac/84168_lot_4,2,OGGETTI IN LEGNO | VASI
http://w3id.org/zac/84170_lot_16,2,CANDELABRI | OGGETTI IN PELTRO
http://w3id.org/zac/84170_lot_4,2,PIATTI | POLTRONE
http://w3id.org/zac/84170_lot_I,2,OGGETTI VARI | OGGETTI IN LEGNO
http://w3id.org/zac/84172_lot_36,2,VASI | PIATTI
http://w3id.org/zac/84172_lot_41,2,OGGETTI IN LEGNO | VASI
http://w3id.org/zac/84172_lot_48,2,OGGETTI IN METALLO | PIATTI
http://w3id.org/zac/84172_lot_5,2,BASSORILIEVI | LAMPADE
http://w3id.org/zac/84172_lot_51,2,CANDELABRI | OGGETTI IN LEGNO
http://w3id.org/zac/84175_lot_95,2,ACQUEFORTI | OGGETTI IN LEGNO
http://w3id.org/zac/84179_lot_21,2,SCATOLE | VASI
http://w3id.org/zac/84179_lot_26,2,VASI | PIATTI
http://w3id.org/zac/84179_lot_28,2,CANDELABRI | VASI
http://w3id.org/zac/84179_lot_33,2,OGGETTI IN LEGNO | VASI
http://w3id.org/zac/84179_lot_8,2,VASI | PIATTI
http://w3id.org/zac/84179_lot_I,2,STAMPE E INCISIONI | SCOMPARTI
http://w3id.org/zac/84182_lot_16,2,OGGETTI IN LEGNO | PIATTI
http://w3id.org/zac/84185_lot_149,2,BAULI | OGGETTI VARI
http://w3id.org/zac/84185_lot_I,2,PIATTI | STAMPE E INCISIONI
http://w3id.org/zac/84189_lot_542,2,PIATTI | VASI
http://w3id.org/zac/84191_lot_114,2,BRONZI | TORCE
http://w3id.org/zac/84191_lot_66,2,BRONZI | OGGETTI D'ARTE ORIENTALE
http://w3id.org/zac/84191_lot_8,2,OGGETTI VARI | PORCELLANE
http://w3id.org/zac/84191_lot_9,2,BRONZI | PORCELLANE
http://w3id.org/zac/84195_lot_16,2,OBJETS VARIES; PENDULES | VASI
http://w3id.org/zac/84195_lot_18,2,MAIOLICHE | OGGETTI IN LEGNO
http://w3id.org/zac/84195_lot_2,2,GIOIELLI | MAIOLICHE
http://w3id.org/zac/84195_lot_28,2,ARREDAMENTI | MAIOLICHE
http://w3id.org/zac/84195_lot_33,2,GIOIELLI | PIATTI
http://w3id.org/zac/84195_lot_8,2,LAMPADE | MAIOLICHE
http://w3id.org/zac/84196_lot_I,2,ARAZZI | LIBRI
http://w3id.org/zac/84197_lot_162,2,BASSORILIEVI | OGGETTI IN LEGNO
http://w3id.org/zac/84198_lot_1,2,MINIATURE | SCULTURE
http://w3id.org/zac/84198_lot_13,2,SCULTURE | TERRECOTTE
http://w3id.org/zac/84198_lot_15,2,OGGETTI IN LEGNO | SCULTURE
http://w3id.org/zac/84198_lot_18,2,PIATTI | SCULTURE
http://w3id.org/zac/84198_lot_2,2,PORCELLANE | SCULTURE
http://w3id.org/zac/84198_lot_26,2,BRONZI | PIATTI
http://w3id.org/zac/84198_lot_31,2,GIOIELLI | MAIOLICHE
http://w3id.org/zac/84198_lot_38,2,GIOIELLI | OGGETTI IN LEGNO
http://w3id.org/zac/84198_lot_43,2,BRONZI | OGGETTI IN METALLO
http://w3id.org/zac/84199_lot_3,2,STAMPE E INCISIONI | PORCELLANE
http://w3id.org/zac/84200_lot_8,2,PIATTI | VASI
http://w3id.org/zac/84205_lot_10,2,PORCELLANE | PIATTI
http://w3id.org/zac/84205_lot_13,2,MAIOLICHE | VASI
http://w3id.org/zac/84205_lot_14,2,MAIOLICHE | PIATTI
http://w3id.org/zac/84205_lot_15,2,MAIOLICHE | PORCELLANE
http://w3id.org/zac/84205_lot_16,2,MAIOLICHE | PIATTI
http://w3id.org/zac/84205_lot_20,2,PORCELLANE | PIATTI
http://w3id.org/zac/84205_lot_22,2,DIPINTI | PIATTI
http://w3id.org/zac/84205_lot_23,2,DESSINS; AQUARELLE | MAIOLICHE
http://w3id.org/zac/84205_lot_3,2,MAIOLICHE | PIATTI
http://w3id.org/zac/84205_lot_5,2,MAIOLICHE | VASI
http://w3id.org/zac/84206_lot_13,2,OGGETTI VARI | PORCELLANE
http://w3id.org/zac/84206_lot_15,2,OGGETTI IN LEGNO | PORCELLANE
http://w3id.org/zac/84206_lot_16,2,BRONZI | PORCELLANE
http://w3id.org/zac/84206_lot_18,2,BRONZI | PORCELLANE
http://w3id.org/zac/84206_lot_20,2,VASI | TESSUTI
http://w3id.org/zac/84206_lot_22,2,OGGETTI D'ARTE ORIENTALE | PORCELLANE
http://w3id.org/zac/84206_lot_5,2,PORCELLANE | TABACCHIERE
http://w3id.org/zac/84206_lot_6,2,PIATTI | TABACCHIERE
http://w3id.org/zac/84207_lot_1,2,BIANCHERIA | SCULTURE
http://w3id.org/zac/84207_lot_16,2,EMAUX; IVOIRES | VASI
http://w3id.org/zac/84207_lot_3,2,ARREDAMENTI | BIGIOTTERIA
http://w3id.org/zac/84209_lot_1,2,HORLOGES; PENDULES | OROLOGI
http://w3id.org/zac/84209_lot_11,2,Faiences; porcelaines | Faiences; Porcelaines | FAIENCES; PORCELAINES | OROLOGI
http://w3id.org/zac/84209_lot_13,2,Faiences; porcelaines | Faiences; Porcelaines | FAIENCES; PORCELAINES | OROLOGI
http://w3id.org/zac/84209_lot_16,2,Faiences; porcelaines | FAIENCES; PORCELAINES | Faiences; Porcelaines | OROLOGI
http://w3id.org/zac/84209_lot_18,2,Faiences; Porcelaines | FAIENCES; PORCELAINES | Faiences; porcelaines | OROLOGI
http://w3id.org/zac/84209_lot_23,2,GIOIELLI | Faiences; porcelaines | Faiences; Porcelaines | FAIENCES; PORCELAINES
http://w3id.org/zac/84209_lot_25,2,GIOIELLI | OGGETTI VARI
http://w3id.org/zac/84209_lot_26,2,Faiences; porcelaines | Faiences; Porcelaines | GIOIELLI | FAIENCES; PORCELAINES
http://w3id.org/zac/84209_lot_28,2,Faiences; porcelaines | MINIATURE | FAIENCES; PORCELAINES | Faiences; Porcelaines
http://w3id.org/zac/84209_lot_31,2,FAIENCES; PORCELAINES | Faiences; Porcelaines | Faiences; porcelaines | OTTONI
http://w3id.org/zac/84209_lot_35,2,BRONZI | OGGETTI VARI
http://w3id.org/zac/84209_lot_38,2,BASSORILIEVI | BRONZI
http://w3id.org/zac/84209_lot_48,2,ETOFFES; TAPISSERIES | SCATOLE
http://w3id.org/zac/84209_lot_5,2,FAIENCES; PORCELAINES | Faiences; Porcelaines | Faiences; porcelaines | PLACCHETTE
http://w3id.org/zac/84209_lot_51,2,PLACCHETTE | SPECCHI
http://w3id.org/zac/84209_lot_53,2,SMALTI | PLACCHETTE
http://w3id.org/zac/84209_lot_55,2,PLACCHETTE | SMALTI
http://w3id.org/zac/84209_lot_56,2,OGGETTI VARI | PLACCHETTE
http://w3id.org/zac/84209_lot_61,2,MEDAGLIE | SMALTI
http://w3id.org/zac/84209_lot_63,2,DIPINTI | STAMPE E INCISIONI
http://w3id.org/zac/84209_lot_65,2,MEDAGLIE | SMALTI
http://w3id.org/zac/84209_lot_I,2,OGGETTI VARI | PLACCHETTE
http://w3id.org/zac/84211_lot_110,2,SCULTURE | VASI
http://w3id.org/zac/84216_lot_I,2,BASSORILIEVI | LUSTRI
http://w3id.org/zac/84219_lot_145,2,ARAZZI | SCULTURE
http://w3id.org/zac/84219_lot_I,2,MAIOLICHE | SCULTURE
http://w3id.org/zac/84220_lot_25,2,BRONZI | ARAZZI
http://w3id.org/zac/84220_lot_9,2,MOBILI | OGGETTI IN LEGNO
http://w3id.org/zac/84223_lot_I,2,OGGETTI IN LEGNO | SEDIE
http://w3id.org/zac/84227_lot_13,2,OGGETTI IN LEGNO | PIATTI
http://w3id.org/zac/84227_lot_16,2,ACQUEFORTI | PIATTI
http://w3id.org/zac/84227_lot_18,2,MAIOLICHE | SCOMPARTI
http://w3id.org/zac/84227_lot_19,2,MAIOLICHE | TAPPETI
http://w3id.org/zac/84227_lot_191,2,MOBILI | TAPPETI
http://w3id.org/zac/84227_lot_5,2,OGGETTI IN METALLO | TESSUTI
http://w3id.org/zac/84227_lot_63,2,ARREDAMENTI | MINIATURE
http://w3id.org/zac/84227_lot_I,2,BRONZI | LAMPADE
http://w3id.org/zac/84228_lot_15,2,glaces; trumeaux | OGGETTI IN LEGNO
http://w3id.org/zac/84228_lot_162,2,glaces; trumeaux | VETRI
http://w3id.org/zac/84228_lot_248,2,MOBILI | SPECCHI
http://w3id.org/zac/84228_lot_25,2,ARAZZI | SEDIE
http://w3id.org/zac/84228_lot_5,2,SPECCHI | STAMPE E INCISIONI
http://w3id.org/zac/84228_lot_58,2,BRONZI | MINIATURE
http://w3id.org/zac/84228_lot_6,2,MINIATURE | GIOIELLI
http://w3id.org/zac/84228_lot_8,2,BRONZI | PIATTI
http://w3id.org/zac/84229_lot_16,2,OGGETTI D'ARTE ORIENTALE | SCULTURE
http://w3id.org/zac/84229_lot_161,2,OGGETTI VARI | SCULTURE
http://w3id.org/zac/84229_lot_2,2,OGGETTI VARI | TAPPETI
http://w3id.org/zac/84229_lot_21,2,OGGETTI VARI | STAMPE E INCISIONI
http://w3id.org/zac/84229_lot_26,2,OGGETTI IN LEGNO | TAPPETI
http://w3id.org/zac/84231_lot_I,2,OGGETTI IN LEGNO | SEDIE
http://w3id.org/zac/84234_lot_16,2,GIOIELLI | OGGETTI IN LEGNO
http://w3id.org/zac/84234_lot_18,2,BRONZES; PENDULES | Bronzes; Pendules | bronzes; pendules | OGGETTI IN METALLO
http://w3id.org/zac/84235_lot_3,2,ARAZZI | OGGETTI VARI
http://w3id.org/zac/84237_lot_102,2,ARREDAMENTI | ARAZZI
http://w3id.org/zac/84238_lot_13,2,ACQUEFORTI | PORCELLANE
http://w3id.org/zac/84238_lot_194,2,ARAZZI | BIANCHERIA
http://w3id.org/zac/84238_lot_38,2,OGGETTI VARI | PORCELLANE
http://w3id.org/zac/84238_lot_48,2,OGGETTI VARI | VASI
http://w3id.org/zac/84238_lot_84,2,PENDULES; BRONZES | OGGETTI VARI
http://w3id.org/zac/84238_lot_94,2,CANDELABRI | PENDULES; BRONZES
http://w3id.org/zac/84240_lot_3,2,PANNELLI | VASI
http://w3id.org/zac/84240_lot_420,2,CANDELABRI | VASI
http://w3id.org/zac/84240_lot_5,2,OGGETTI VARI | PENDULES; BRONZES
http://w3id.org/zac/84240_lot_6,2,PENDULES; BRONZES | Porcelaines; faiences | Porcelaines; Faiences | PORCELAINES; FAIENCES
http://w3id.org/zac/84240_lot_68,2,VASI | SCULTURE
http://w3id.org/zac/84240_lot_98,2,ACQUEFORTI | PENDULES; BRONZES
http://w3id.org/zac/84241_lot_18,2,OGGETTI IN LEGNO | SCULTURE
http://w3id.org/zac/84241_lot_4,2,OGGETTI IN METALLO | SCULTURE
http://w3id.org/zac/84241_lot_41,2,OGGETTI IN LEGNO | OGGETTI IN METALLO
http://w3id.org/zac/84241_lot_47,2,BASSORILIEVI | OGGETTI IN METALLO
http://w3id.org/zac/84241_lot_5,2,OGGETTI IN LEGNO | SCULTURE
http://w3id.org/zac/84241_lot_500,2,OGGETTI IN METALLO | OGGETTI IN LEGNO
http://w3id.org/zac/84241_lot_501,2,OGGETTI IN METALLO | OGGETTI IN LEGNO
http://w3id.org/zac/84241_lot_503,2,PANNELLI | OGGETTI IN LEGNO
http://w3id.org/zac/84241_lot_504,2,PEINTURES; GRAVURES | OGGETTI IN LEGNO
http://w3id.org/zac/84241_lot_505,2,OGGETTI IN LEGNO | PEINTURES; GRAVURES
http://w3id.org/zac/84241_lot_506,2,PEINTURES; GRAVURES | OGGETTI IN LEGNO
http://w3id.org/zac/84241_lot_507,2,PEINTURES; GRAVURES | OGGETTI IN LEGNO
http://w3id.org/zac/84241_lot_508,2,PEINTURES; GRAVURES | OGGETTI IN LEGNO
http://w3id.org/zac/84241_lot_509,2,OGGETTI IN LEGNO | PEINTURES; GRAVURES
http://w3id.org/zac/84241_lot_510,2,OGGETTI IN LEGNO | PIATTI
http://w3id.org/zac/84241_lot_512,2,OGGETTI IN LEGNO | STAMPE E INCISIONI
http://w3id.org/zac/84241_lot_518,2,OGGETTI IN LEGNO | PEINTURES; GRAVURES
http://w3id.org/zac/84241_lot_519,2,OGGETTI IN LEGNO | PEINTURES; GRAVURES
http://w3id.org/zac/84241_lot_520,2,PEINTURES; GRAVURES | OGGETTI IN LEGNO
http://w3id.org/zac/84241_lot_524,2,PEINTURES; GRAVURES | STAMPE E INCISIONI
http://w3id.org/zac/84241_lot_526,2,MINIATURE | OGGETTI IN LEGNO
http://w3id.org/zac/84241_lot_527,2,OGGETTI IN LEGNO | OGGETTI VARI
http://w3id.org/zac/84241_lot_528,2,PEINTURES; GRAVURES | OGGETTI IN LEGNO
http://w3id.org/zac/84241_lot_529,2,OGGETTI IN LEGNO | PEINTURES; GRAVURES
http://w3id.org/zac/84241_lot_540,2,OGGETTI IN LEGNO | STAMPE E INCISIONI
http://w3id.org/zac/84241_lot_545,2,OGGETTI IN LEGNO | TAPISSERIES; BRODERIES
http://w3id.org/zac/84241_lot_546,2,PEINTURES; GRAVURES | TAPISSERIES; BRODERIES
http://w3id.org/zac/84241_lot_55,2,AVORI | OGGETTI IN LEGNO
http://w3id.org/zac/84241_lot_550,2,OGGETTI IN LEGNO | TAPISSERIES; BRODERIES
http://w3id.org/zac/84241_lot_552,2,PEINTURES; GRAVURES | TAPISSERIES; BRODERIES
http://w3id.org/zac/84241_lot_555,2,OGGETTI IN LEGNO | TAPISSERIES; BRODERIES
http://w3id.org/zac/84241_lot_563,2,OGGETTI IN METALLO | TAPISSERIES; BRODERIES
http://w3id.org/zac/84241_lot_564,2,OGGETTI IN METALLO | TAPISSERIES; BRODERIES
http://w3id.org/zac/84241_lot_565,2,OGGETTI IN METALLO | TAPISSERIES; BRODERIES
http://w3id.org/zac/84241_lot_569,2,OGGETTI IN METALLO | TAPISSERIES; BRODERIES
http://w3id.org/zac/84241_lot_579,2,OGGETTI IN METALLO | TAPISSERIES; BRODERIES
http://w3id.org/zac/84241_lot_582,2,OGGETTI IN METALLO | TAPISSERIES; BRODERIES
http://w3id.org/zac/84241_lot_585,2,OGGETTI IN METALLO | TAPISSERIES; BRODERIES
http://w3id.org/zac/84241_lot_594,2,OGGETTI IN METALLO | TAPISSERIES; BRODERIES
http://w3id.org/zac/84241_lot_596,2,OGGETTI IN METALLO | TAPISSERIES; BRODERIES
http://w3id.org/zac/84243_lot_161,2,BRONZI | PORCELLANE
http://w3id.org/zac/84245_lot_11,2,OGGETTI D'ARTE | PIATTI
http://w3id.org/zac/84245_lot_13,2,MINIATURE | OGGETTI D'ARTE
http://w3id.org/zac/84245_lot_2,2,OGGETTI VARI | PANNELLI
http://w3id.org/zac/84245_lot_6,2,OGGETTI D'ARTE | PIATTI
http://w3id.org/zac/84249_lot_10500,2,OGGETTI IN METALLO | OGGETTI IN LEGNO
http://w3id.org/zac/84249_lot_13,2,BRONZI | MAIOLICHE
http://w3id.org/zac/84249_lot_16,2,OGGETTI VARI | OGGETTI IN LEGNO
http://w3id.org/zac/84249_lot_18,2,OGGETTI IN LEGNO | SCULTURE
http://w3id.org/zac/84249_lot_19,2,MAIOLICHE | SCULTURE
http://w3id.org/zac/84249_lot_2,2,PIATTI | SCULTURE
http://w3id.org/zac/84249_lot_200,2,MAIOLICHE | SCULTURE
http://w3id.org/zac/84249_lot_25,2,MAIOLICHE | SPECCHI
http://w3id.org/zac/84249_lot_5,2,MAIOLICHE | SMALTI
http://w3id.org/zac/84249_lot_8,2,MAIOLICHE | GIOIELLI
http://w3id.org/zac/84250_lot_1,2,ARAZZI | OGGETTI IN LEGNO
http://w3id.org/zac/84250_lot_11,2,MAIOLICHE | OGGETTI LITURGICI
http://w3id.org/zac/84250_lot_13,2,SPECCHI | VASI
http://w3id.org/zac/84250_lot_17,2,GIOIELLI | VASI
http://w3id.org/zac/84250_lot_18,2,GIOIELLI | MAIOLICHE
http://w3id.org/zac/84250_lot_23,2,CERAMICHE | GIOIELLI
http://w3id.org/zac/84250_lot_25,2,CERAMICHE | GIOIELLI
http://w3id.org/zac/84250_lot_26,2,CERAMICHE | GIOIELLI
http://w3id.org/zac/84250_lot_33,2,OGGETTI IN LEGNO | OGGETTI VARI
http://w3id.org/zac/84250_lot_35,2,OGGETTI IN LEGNO | TERRECOTTE
http://w3id.org/zac/84250_lot_40,2,FERRO BATTUTO | TERRECOTTE
http://w3id.org/zac/84250_lot_41,2,FERRO BATTUTO | TERRECOTTE
http://w3id.org/zac/84250_lot_43,2,OGGETTI IN LEGNO | TERRECOTTE
http://w3id.org/zac/84250_lot_45,2,OGGETTI IN LEGNO | VETRI
http://w3id.org/zac/84250_lot_48,2,OGGETTI IN LEGNO | VETRI
http://w3id.org/zac/84250_lot_51,2,ARAZZI | VETRI
http://w3id.org/zac/84250_lot_53,2,ARAZZI | VETRI
http://w3id.org/zac/84250_lot_6,2,MAIOLICHE | SCATOLE
http://w3id.org/zac/84250_lot_7,2,MAIOLICHE | GIOIELLI
http://w3id.org/zac/84251_lot_21,2,OGGETTI IN LEGNO | PANNELLI
http://w3id.org/zac/84251_lot_31,2,ARREDAMENTI | MOBILI
http://w3id.org/zac/84253_lot_161,2,STAMPE E INCISIONI | VASI
http://w3id.org/zac/84253_lot_2,2,MINIATURE | OGGETTI IN LEGNO
http://w3id.org/zac/84253_lot_3,2,ARAZZI | SCULTURE
http://w3id.org/zac/84253_lot_I,2,MINIATURE | PORCELLANE
http://w3id.org/zac/84255_lot_16,2,VETRI | VASI
http://w3id.org/zac/84255_lot_171,2,VETRI | SCULTURE
http://w3id.org/zac/84255_lot_35,2,CERAMICHE | OGGETTI IN METALLO
http://w3id.org/zac/84255_lot_5,2,CERAMICHE | GIOIELLI
http://w3id.org/zac/84255_lot_6,2,CERAMICHE | GIOIELLI
http://w3id.org/zac/84255_lot_8,2,CERAMICHE | OGGETTI IN METALLO
http://w3id.org/zac/84255_lot_9,2,GIOIELLI | VASI
http://w3id.org/zac/84255_lot_I,2,BRONZES; CUIVRES | Bronzes; Cuivres | VETRI
http://w3id.org/zac/84256_lot_18,2,OGGETTI VARI | OGGETTI IN LEGNO
http://w3id.org/zac/84257_lot_2,2,BRONZI | MINIATURE
http://w3id.org/zac/84257_lot_23,2,CANDELABRI | TORCE
http://w3id.org/zac/84259_lot_13,2,MINIATURE | VASI
http://w3id.org/zac/84259_lot_150,2,OGGETTI D'ARTE ORIENTALE | VASI
http://w3id.org/zac/84259_lot_157,2,VENTAGLI | SCATOLE
http://w3id.org/zac/84259_lot_16,2,PANNELLI | PORCELLANE
http://w3id.org/zac/84259_lot_200,2,OGGETTI VARI | PORCELAINES; MONTRES
http://w3id.org/zac/84259_lot_230,2,OGGETTI D'ARTE ORIENTALE | SCATOLE
http://w3id.org/zac/84259_lot_250,2,OGGETTI D'ARTE ORIENTALE | VENTAGLI
http://w3id.org/zac/84259_lot_26,2,ARREDAMENTI | VENTAGLI
http://w3id.org/zac/84259_lot_300,2,OGGETTI D'ARTE ORIENTALE | PORCELAINES; MONTRES
http://w3id.org/zac/84259_lot_333,2,OGGETTI D'ARTE ORIENTALE | OROLOGI
http://w3id.org/zac/84259_lot_340,2,OGGETTI D'ARTE ORIENTALE | SEDIE
http://w3id.org/zac/84259_lot_350,2,OGGETTI D'ARTE ORIENTALE | PORCELLANE
http://w3id.org/zac/84259_lot_390,2,OGGETTI D'ARTE ORIENTALE | OGGETTI IN LEGNO
http://w3id.org/zac/84259_lot_410,2,ARAZZI | OGGETTI D'ARTE ORIENTALE
http://w3id.org/zac/84259_lot_460,2,OGGETTI D'ARTE ORIENTALE | PORCELLANE
http://w3id.org/zac/84259_lot_6180,2,OGGETTI D'ARTE ORIENTALE | SCATOLE
http://w3id.org/zac/84261_lot_13,2,OGGETTI VARI | SCULTURE
http://w3id.org/zac/84261_lot_134,2,BRONZI | LAMPADE
http://w3id.org/zac/84261_lot_137,2,Bronzes; Pendules | bronzes; pendules | BRONZES; PENDULES | LAMPADE
http://w3id.org/zac/84261_lot_145,2,CANDELABRI | BISCOTTI
http://w3id.org/zac/84261_lot_15,2,bronzes; pendules | Bronzes; Pendules | BRONZES; PENDULES | BISCOTTI
http://w3id.org/zac/84261_lot_156,2,bronzes; pendules | Bronzes; Pendules | BRONZES; PENDULES | TORCE
http://w3id.org/zac/84261_lot_195,2,OGGETTI VARI | VASI
http://w3id.org/zac/84262_lot_10,2,ARREDAMENTI | Faiences; porcelaines | FAIENCES; PORCELAINES | Faiences; Porcelaines
http://w3id.org/zac/84263_lot_13,2,FERRO BATTUTO | VASI
http://w3id.org/zac/84263_lot_16,2,CERAMICHE | OGGETTI IN LEGNO
http://w3id.org/zac/84263_lot_18,2,CERAMICHE | OGGETTI IN LEGNO
http://w3id.org/zac/84263_lot_2,2,BAULI | CERAMICHE
http://w3id.org/zac/84263_lot_23,2,CERAMICHE | MEUBLES; SIEGES
http://w3id.org/zac/84263_lot_26,2,PANNELLI | VETRI
http://w3id.org/zac/84263_lot_5,2,BRONZI | VASI
http://w3id.org/zac/84263_lot_6,2,CERAMICHE | LAMPADE
http://w3id.org/zac/84263_lot_8,2,CERAMICHE | BRONZI
http://w3id.org/zac/84265_lot_13,2,BRONZI | OGGETTI IN LEGNO
http://w3id.org/zac/84267_lot_11,2,ARREDAMENTI | SEDIE
http://w3id.org/zac/84267_lot_5,2,MINIATURE | SEDIE
http://w3id.org/zac/84269_lot_1,2,OGGETTI IN LEGNO | SCULTURE
http://w3id.org/zac/84269_lot_3,2,OGGETTI VARI | SCULTURE
http://w3id.org/zac/84269_lot_8,2,STAMPE E INCISIONI | SCULTURE
http://w3id.org/zac/84272_lot_84,2,MOBILI | OGGETTI IN LEGNO
http://w3id.org/zac/84273_lot_5,2,TORCE | SEDIE
http://w3id.org/zac/84274_lot_1,2,ARREDAMENTI | SEDIE
http://w3id.org/zac/84274_lot_11,2,ACQUEFORTI | MOBILI
http://w3id.org/zac/84275_lot_3,2,BASSORILIEVI | MAIOLICHE
http://w3id.org/zac/84278_lot_12,2,BRONZI | TERRECOTTE
http://w3id.org/zac/84278_lot_13,2,TERRECOTTE | SPECCHI
http://w3id.org/zac/84278_lot_16,2,VETRI | TERRECOTTE
http://w3id.org/zac/84278_lot_5,2,MAIOLICHE | TERRECOTTE
http://w3id.org/zac/84278_lot_6,2,BRONZI | TERRECOTTE
http://w3id.org/zac/84279_lot_3,2,BRONZI | STRUMENTI SCIENTIFICI
http://w3id.org/zac/84289_lot_2,2,ARAZZI | William Pitt
http://w3id.org/zac/84290_lot_1,2,SCATOLE | SMALTI
http://w3id.org/zac/84290_lot_15,2,VASI | PORCELLANE
http://w3id.org/zac/84290_lot_16,2,SMALTI | PIATTI
http://w3id.org/zac/84292_lot_I,2,ARREDAMENTI | OGGETTI IN LEGNO
http://w3id.org/zac/84295_lot_18,2,VASI | PORCELLANE
http://w3id.org/zac/84295_lot_20,2,BISCOTTI | PORCELLANE
http://w3id.org/zac/84295_lot_21,2,BISCOTTI | PORCELLANE
http://w3id.org/zac/84295_lot_25,2,BISCUITS; FAIENCES | OBJETS VARIES; SCULPTURES
http://w3id.org/zac/84295_lot_28,2,BISCUITS; FAIENCES | OGGETTI IN LEGNO
http://w3id.org/zac/84296_lot_95,2,OGGETTI D'ARTE ORIENTALE | TESSUTI
http://w3id.org/zac/84298_lot_1,2,BIANCHERIA | TAPPETI
http://w3id.org/zac/84304_lot_10,2,ANTICHITA' | MAIOLICHE
http://w3id.org/zac/84304_lot_8,2,ANTICHITA' | MAIOLICHE
http://w3id.org/zac/84304_lot_9,2,ANTICHITA' | MAIOLICHE
http://w3id.org/zac/84305_lot_1,2,LAMPADE | LUSTRI
http://w3id.org/zac/84305_lot_18,2,CANDELABRI | POLTRONE
http://w3id.org/zac/84305_lot_2,2,OGGETTI VARI | TORCE
http://w3id.org/zac/84305_lot_23,2,OGGETTI IN LEGNO | SCATOLE
http://w3id.org/zac/84306_lot_I,2,OGGETTI IN LEGNO | PIATTI
http://w3id.org/zac/84308_lot_12,2,SMALTI | VASI
http://w3id.org/zac/84308_lot_13,2,OGGETTI D'ARTE | SMALTI
http://w3id.org/zac/84308_lot_15,2,OGGETTI LITURGICI | PLACCHETTE
http://w3id.org/zac/84308_lot_23,2,CANDELABRI | OGGETTI LITURGICI
http://w3id.org/zac/84308_lot_31,2,OGGETTI LITURGICI | VETRI
http://w3id.org/zac/84308_lot_32,2,OGGETTI LITURGICI | OGGETTI VARI
http://w3id.org/zac/84308_lot_33,2,OGGETTI VARI | OGGETTI LITURGICI
http://w3id.org/zac/84308_lot_36,2,BASSORILIEVI | OGGETTI LITURGICI
http://w3id.org/zac/84308_lot_43,2,BIANCHERIA | OGGETTI LITURGICI
http://w3id.org/zac/84308_lot_5,2,OGGETTI LITURGICI | SMALTI
http://w3id.org/zac/84308_lot_6,2,OGGETTI LITURGICI | SMALTI
http://w3id.org/zac/84308_lot_8,2,MAIOLICHE | SMALTI
http://w3id.org/zac/84310_lot_1,2,ACQUEFORTI | OGGETTI IN LEGNO
http://w3id.org/zac/84312_lot_13,2,OGGETTI IN LEGNO | SEDIE
http://w3id.org/zac/84315_lot_8,2,VASI | SEDIE
http://w3id.org/zac/84316_lot_1,2,PANNELLI | SCATOLE
http://w3id.org/zac/84320_lot_13,2,OGGETTI IN LEGNO | VASI
http://w3id.org/zac/84320_lot_18,2,ARAZZI | OGGETTI IN LEGNO
http://w3id.org/zac/84323_lot_168,2,BAULI | TAPPETI
http://w3id.org/zac/84323_lot_169,2,BAULI | TAPPETI
http://w3id.org/zac/84326_lot_1,2,OGGETTI IN LEGNO | OGGETTI D'ARTE
http://w3id.org/zac/84326_lot_13,2,OGGETTI VARI | VASI
http://w3id.org/zac/84326_lot_16,2,OGGETTI D'ARTE | OGGETTI IN LEGNO
http://w3id.org/zac/84326_lot_18,2,BIANCHERIA | OGGETTI IN LEGNO
http://w3id.org/zac/84326_lot_20,2,BAULI | OGGETTI D'ARTE
http://w3id.org/zac/84326_lot_22,2,BISCOTTI | OGGETTI IN LEGNO
http://w3id.org/zac/84326_lot_72,2,OGGETTI D'ARTE | OGGETTI IN LEGNO
http://w3id.org/zac/84329_lot_1,2,ARAZZI | OGGETTI IN LEGNO
http://w3id.org/zac/84334_lot_16,2,OGGETTI VARI | OGGETTI IN LEGNO
http://w3id.org/zac/84334_lot_161,2,BAULI | Broderies; Etoffes | BRODERIES; ETOFFES
http://w3id.org/zac/84334_lot_23,2,MEUBLES EN MARQUETERIE; ACAJOU | PORCELLANE
http://w3id.org/zac/84334_lot_26,2,OGGETTI IN LEGNO | PIATTI
http://w3id.org/zac/84824_lot_884,2,OGGETTI IN LEGNO | SCULTURE
http://w3id.org/zac/87357_lot_100,2,OGGETTI VARI | SCULTURE
http://w3id.org/zac/87357_lot_110,2,OGGETTI VARI | Steingut; Thon
http://w3id.org/zac/87357_lot_139,2,BRONZI | OGGETTI IN LATTA
http://w3id.org/zac/87357_lot_14,2,BRONZI | OGGETTI VARI
http://w3id.org/zac/87357_lot_15,2,OGGETTI IN LATTA | OGGETTI IN FERRO
http://w3id.org/zac/87357_lot_166,2,LAMPADE | OGGETTI IN FERRO
http://w3id.org/zac/87357_lot_185,2,OTTONI | OGGETTI IN LATTA
http://w3id.org/zac/87357_lot_190,2,ARGENTI | SCULTURE
http://w3id.org/zac/87357_lot_201,2,ARGENTI | Steingut; Thon
http://w3id.org/zac/87357_lot_214,2,CERAMICHE | SMALTI
http://w3id.org/zac/87357_lot_215,2,CERAMICHE | SMALTI
http://w3id.org/zac/87357_lot_216,2,CERAMICHE | SMALTI
http://w3id.org/zac/87357_lot_217,2,CERAMICHE | SMALTI
http://w3id.org/zac/87357_lot_218,2,CERAMICHE | SMALTI
http://w3id.org/zac/87357_lot_219,2,CERAMICHE | SMALTI
http://w3id.org/zac/87357_lot_221,2,CERAMICHE | SMALTI
http://w3id.org/zac/87357_lot_222,2,CERAMICHE | SMALTI
http://w3id.org/zac/87357_lot_223,2,CERAMICHE | SMALTI
http://w3id.org/zac/87357_lot_224,2,CERAMICHE | SMALTI
http://w3id.org/zac/87357_lot_225,2,CERAMICHE | SMALTI
http://w3id.org/zac/87357_lot_227,2,CERAMICHE | SMALTI
http://w3id.org/zac/87357_lot_230,2,CERAMICHE | OGGETTI IN ORO
http://w3id.org/zac/87357_lot_232,2,CERAMICHE | SCATOLE
http://w3id.org/zac/87357_lot_235,2,CERAMICHE | SMALTI
http://w3id.org/zac/87357_lot_236,2,CERAMICHE | SMALTI
http://w3id.org/zac/87357_lot_237,2,CERAMICHE | SMALTI
http://w3id.org/zac/87357_lot_239,2,CERAMICHE | SCATOLE
http://w3id.org/zac/87357_lot_240,2,CERAMICHE | SMALTI
http://w3id.org/zac/87357_lot_241,2,CERAMICHE | SMALTI
http://w3id.org/zac/87357_lot_243,2,CERAMICHE | SMALTI
http://w3id.org/zac/87357_lot_244,2,CERAMICHE | MINIATURE
http://w3id.org/zac/87357_lot_245,2,CERAMICHE | MINIATURE
http://w3id.org/zac/87357_lot_246,2,CERAMICHE | MINIATURE
http://w3id.org/zac/87357_lot_247,2,CERAMICHE | MINIATURE
http://w3id.org/zac/87357_lot_248,2,CERAMICHE | SMALTI
http://w3id.org/zac/87357_lot_249,2,CERAMICHE | SMALTI
http://w3id.org/zac/87357_lot_25,2,CERAMICHE | SMALTI
http://w3id.org/zac/87357_lot_251,2,CERAMICHE | SMALTI
http://w3id.org/zac/87357_lot_255,2,CERAMICHE | OGGETTI IN METALLO
http://w3id.org/zac/87357_lot_256,2,CERAMICHE | SMALTI
http://w3id.org/zac/87357_lot_257,2,CERAMICHE | VASI
http://w3id.org/zac/87357_lot_258,2,CERAMICHE | SMALTI
http://w3id.org/zac/87357_lot_259,2,CERAMICHE | CORNICI
http://w3id.org/zac/87357_lot_26,2,CORNICI | OGGETTI IN LATTA
http://w3id.org/zac/87357_lot_29,2,SCULTURE | Porzellan; Biscuit
http://w3id.org/zac/87357_lot_295,2,BRONZI | OGGETTI VARI
http://w3id.org/zac/87357_lot_30,2,MOBILI | Ristzeug; Waffen
http://w3id.org/zac/87357_lot_31,2,BISCOTTI | BRONZI
http://w3id.org/zac/87357_lot_34,2,OGGETTI IN LEGNO | Steingut; Thon
http://w3id.org/zac/87357_lot_35,2,BISCOTTI | OGGETTI IN LATTA
http://w3id.org/zac/87357_lot_350,2,BRONZI | SCULTURE
http://w3id.org/zac/87357_lot_37,2,MOBILI | Porzellan; Biscuit
http://w3id.org/zac/87357_lot_40,2,FAYENCE; MAJOLIKA | Fayence; Majolika | PORCELLANE
http://w3id.org/zac/87357_lot_48,2,CERAMICHE | SMALTI
http://w3id.org/zac/87357_lot_511,2,OGGETTI VARI | PIATTI
http://w3id.org/zac/87357_lot_514,2,OGGETTI VARI | OGGETTI IN LATTA
http://w3id.org/zac/87357_lot_57,2,ARGENTI | VASI
http://w3id.org/zac/87357_lot_58,2,OGGETTI IN RAME | Porzellan; Biscuit
http://w3id.org/zac/87357_lot_61,2,OGGETTI IN FERRO | OGGETTI VARI
http://w3id.org/zac/87357_lot_70,2,CERAMICHE | SMALTI
http://w3id.org/zac/87357_lot_74214,2,CERAMICHE | SMALTI
http://w3id.org/zac/87357_lot_75,2,OGGETTI VARI | VASI
http://w3id.org/zac/87357_lot_85,2,OGGETTI VARI | Steingut; Thon
http://w3id.org/zac/87357_lot_91,2,OGGETTI VARI | Steingut; Thon
http://w3id.org/zac/87357_lot_92,2,BISCOTTI | Steingut; Thon
http://w3id.org/zac/87357_lot_93,2,Steingut; Thon | Ristzeug; Waffen
http://w3id.org/zac/87357_lot_99,2,OGGETTI VARI | Steingut; Thon
http://w3id.org/zac/87357_lot_I,2,ARAZZI | OGGETTI IN LATTA
http://w3id.org/zac/87358_lot_105,2,BANDIERE | VETRI
http://w3id.org/zac/87358_lot_116,2,VASI | VETRI
http://w3id.org/zac/87358_lot_12,2,ARMI | STAGNI
http://w3id.org/zac/87358_lot_130,2,OGGETTI VARI | VETRI
http://w3id.org/zac/87358_lot_131,2,VETRI | VASI
http://w3id.org/zac/87358_lot_132,2,OGGETTI IN ORO | VETRI
http://w3id.org/zac/87358_lot_136,2,OGGETTI VARI | VETRI
http://w3id.org/zac/87358_lot_15,2,ARMI | OGGETTI IN ORO
http://w3id.org/zac/87358_lot_17,2,ARGENTI | PORCELLANE
http://w3id.org/zac/87358_lot_18,2,ARGENTI | OGGETTI VARI
http://w3id.org/zac/87358_lot_20,2,ARGENTI | PORCELLANE
http://w3id.org/zac/87358_lot_21,2,ARGENTI | PORCELLANE
http://w3id.org/zac/87358_lot_231,2,ARGENTI | OGGETTI IN LEGNO
http://w3id.org/zac/87358_lot_546,2,ARMI | OROLOGI
http://w3id.org/zac/87361_lot_17,2,ARMI | DIPINTI
http://w3id.org/zac/87361_lot_18,2,ARMI | OGGETTI IN RAME
http://w3id.org/zac/87361_lot_19,2,ARMI | Porzellan; Emailen
http://w3id.org/zac/87361_lot_20,2,ARMI | CERAMICHE
http://w3id.org/zac/87361_lot_205,2,Mobel; Uhren; Spiegel; Luster | PIATTI
http://w3id.org/zac/87361_lot_21,2,CERAMICHE | ARMI
http://w3id.org/zac/87361_lot_214,2,CERAMICHE | SCATOLE
http://w3id.org/zac/87361_lot_216,2,CERAMICHE | PIATTI
http://w3id.org/zac/87361_lot_23,2,CERAMICHE | ARMI
http://w3id.org/zac/87361_lot_321,2,Mobel; Uhren; Spiegel; Luster | OGGETTI D'ARTE
http://w3id.org/zac/87361_lot_34,2,DIPINTI | ARMI
http://w3id.org/zac/87362_lot_12,2,OGGETTI IN RAME | PORCELLANE
http://w3id.org/zac/87362_lot_24,2,LAMPADE | MAIOLICHE
http://w3id.org/zac/87362_lot_241,2,OGGETTI IN ORO | PORCELLANE
http://w3id.org/zac/87362_lot_246,2,OGGETTI VARI | PORCELLANE
http://w3id.org/zac/87362_lot_785,2,CERAMICHE | VASI
http://w3id.org/zac/87362_lot_793,2,CERAMICHE | VASI
http://w3id.org/zac/87362_lot_808,2,CERAMICHE | SCATOLE
http://w3id.org/zac/87363_lot_100,2,OGGETTI IN FERRO | PORCELLANE
http://w3id.org/zac/87363_lot_102,2,OGGETTI IN FERRO | PORCELLANE
http://w3id.org/zac/87363_lot_103,2,OGGETTI IN FERRO | PORCELLANE
http://w3id.org/zac/87363_lot_105,2,CORNICI | PORCELLANE
http://w3id.org/zac/87363_lot_114,2,MOBILI | VETRI
http://w3id.org/zac/87363_lot_121,2,Leinenwaaren; Weissstickereien | OGGETTI IN LATTA
http://w3id.org/zac/87363_lot_133,2,OGGETTI IN FERRO | VASI
http://w3id.org/zac/87363_lot_143,2,OGGETTI VARI | OGGETTI IN LATTA
http://w3id.org/zac/87363_lot_157,2,OGGETTI IN LATTA | TESSUTI
http://w3id.org/zac/87363_lot_300,2,Bronce; Messingwaaren | OGGETTI IN FERRO
http://w3id.org/zac/87363_lot_37,2,Fayence; glasirte Thonwaaren | OGGETTI IN LATTA
http://w3id.org/zac/87363_lot_39,2,Fayence; glasirte Thonwaaren | OGGETTI IN LATTA
http://w3id.org/zac/87363_lot_435,2,Kriegs- und Jagd-Waffen; Jagdgerathschaften | TESSUTI
http://w3id.org/zac/87363_lot_46,2,VETRI | TESSUTI
http://w3id.org/zac/87363_lot_499,2,Kriegs- und Jagd-Waffen; Jagdgerathschaften | OGGETTI IN PELLE
http://w3id.org/zac/87363_lot_50,2,Kriegs- und Jagd-Waffen; Jagdgerathschaften | Rahmen; Spiegel; Schnitzereien
http://w3id.org/zac/87363_lot_552,2,Kriegs- und Jagd-Waffen; Jagdgerathschaften | OGGETTI IN LEGNO
http://w3id.org/zac/87363_lot_60,2,Kriegs- und Jagd-Waffen; Jagdgerathschaften | OGGETTI IN LEGNO
http://w3id.org/zac/87363_lot_62,2,Fayence; glasirte Thonwaaren | TESSUTI
http://w3id.org/zac/87363_lot_67,2,Fayence; glasirte Thonwaaren | OGGETTI IN LEGNO
http://w3id.org/zac/87363_lot_676,2,OGGETTI IN FERRO | VASI
http://w3id.org/zac/87363_lot_71,2,MAIOLICHE | TESSUTI
http://w3id.org/zac/87363_lot_73,2,MAIOLICHE | TESSUTI
http://w3id.org/zac/87363_lot_90,2,OGGETTI IN LEGNO | TESSUTI
http://w3id.org/zac/87363_lot_93,2,MAIOLICHE | VETRI
http://w3id.org/zac/87363_lot_98,2,MAIOLICHE | OGGETTI IN RAME
http://w3id.org/zac/87365_lot_2,2,Majoliken; Porzellan; Arbeiten in Thon; Glas | VASI DA FARMACIA
http://w3id.org/zac/87365_lot_4,2,Arbeiten in Schildpatt; Horn; Perlmutter | VASI
http://w3id.org/zac/87365_lot_632,2,CORNICI | OGGETTI IN RAME
http://w3id.org/zac/87366_lot_3,2,SCULTURE | Porzellane; Fayencen
http://w3id.org/zac/87366_lot_4,2,Wachs; Leder; Schildpatt | SCATOLE
http://w3id.org/zac/87366_lot_8,2,CERAMICHE | OGGETTI IN METALLO
http://w3id.org/zac/87369_lot_1,2,MEDAGLIE | OGGETTI IN FERRO
http://w3id.org/zac/87369_lot_10,2,OGGETTI IN FERRO | OGGETTI VARI
http://w3id.org/zac/87369_lot_100,2,OGGETTI IN LATTA | Streithämmer
http://w3id.org/zac/87369_lot_101,2,OGGETTI IN LATTA | OGGETTI IN FERRO
http://w3id.org/zac/87369_lot_102,2,OGGETTI IN LATTA | OGGETTI IN FERRO
http://w3id.org/zac/87369_lot_103,2,OGGETTI IN LATTA | Streithämmer
http://w3id.org/zac/87369_lot_106,2,MEDAGLIE | Streithämmer
http://w3id.org/zac/87369_lot_107,2,ARGENTI | MAIOLICHE
http://w3id.org/zac/87369_lot_109,2,MERLETTI | OGGETTI IN LATTA
http://w3id.org/zac/87369_lot_110,2,MERLETTI | OGGETTI IN LATTA
http://w3id.org/zac/87369_lot_111,2,OGGETTI VARI | OGGETTI IN FERRO
http://w3id.org/zac/87369_lot_112,2,OGGETTI IN FERRO | OGGETTI VARI
http://w3id.org/zac/87369_lot_113,2,OGGETTI IN ORO | OGGETTI IN LATTA
http://w3id.org/zac/87369_lot_114,2,OGGETTI VARI | OGGETTI IN FERRO
http://w3id.org/zac/87369_lot_116,2,MAIOLICHE | OGGETTI IN FERRO
http://w3id.org/zac/87369_lot_118,2,MEDAGLIE | OGGETTI IN FERRO
http://w3id.org/zac/87369_lot_12,2,MAIOLICHE | Rüstungen
http://w3id.org/zac/87369_lot_120,2,MAIOLICHE | OTTONI
http://w3id.org/zac/87369_lot_121,2,MAIOLICHE | Speere; Spieße
http://w3id.org/zac/87369_lot_123,2,OGGETTI VARI | OGGETTI IN FERRO
http://w3id.org/zac/87369_lot_125,2,OGGETTI IN FERRO | SCULTURE
http://w3id.org/zac/87369_lot_127,2,MAIOLICHE | OGGETTI IN FERRO
http://w3id.org/zac/87369_lot_128,2,MAIOLICHE | OGGETTI IN FERRO
http://w3id.org/zac/87369_lot_129,2,MERLETTI | SCATOLE
http://w3id.org/zac/87369_lot_13,2,MAIOLICHE | OGGETTI IN FERRO
http://w3id.org/zac/87369_lot_130,2,MAIOLICHE | Speere; Spieße
http://w3id.org/zac/87369_lot_132,2,MAIOLICHE | Speere; Spieße
http://w3id.org/zac/87369_lot_133,2,MAIOLICHE | OGGETTI D'ARTE POPOLARE
http://w3id.org/zac/87369_lot_134,2,MAIOLICHE | Sicheln; Sensen; Glafen; Morgensterne
http://w3id.org/zac/87369_lot_135,2,MAIOLICHE | OGGETTI IN FERRO
http://w3id.org/zac/87369_lot_137,2,MAIOLICHE | OGGETTI IN LEGNO
http://w3id.org/zac/87369_lot_138,2,MAIOLICHE | MERLETTI
http://w3id.org/zac/87369_lot_139,2,Morgensterne | MAIOLICHE
http://w3id.org/zac/87369_lot_14,2,Medaillen; Münzen | Rüstungen
http://w3id.org/zac/87369_lot_140,2,MERLETTI | SCULTURE
http://w3id.org/zac/87369_lot_142,2,MEDAGLIE | Sicheln; Sensen; Glafen; Morgensterne
http://w3id.org/zac/87369_lot_143,2,OGGETTI IN FERRO | SCULTURE
http://w3id.org/zac/87369_lot_144,2,ARMI | MAIOLICHE
http://w3id.org/zac/87369_lot_145,2,MERLETTI | MAIOLICHE
http://w3id.org/zac/87369_lot_147,2,ARMI | MAIOLICHE
http://w3id.org/zac/87369_lot_148,2,ARMI | SCULTURE
http://w3id.org/zac/87369_lot_149,2,ARMI | SCULTURE
http://w3id.org/zac/87369_lot_150,2,ARMI | MAIOLICHE
http://w3id.org/zac/87369_lot_154,2,OGGETTI IN LEGNO | PIATTI
http://w3id.org/zac/87369_lot_156,2,ARMI | PIATTI
http://w3id.org/zac/87369_lot_157,2,Partisanen | OGGETTI VARI
http://w3id.org/zac/87369_lot_158,2,OGGETTI VARI | OGGETTI IN FERRO
http://w3id.org/zac/87369_lot_159,2,MAIOLICHE | Partisanen
http://w3id.org/zac/87369_lot_16,2,MAIOLICHE | OGGETTI IN FERRO
http://w3id.org/zac/87369_lot_160,2,Partisanen | SCATOLE
http://w3id.org/zac/87369_lot_1607,2,Bücher | Medaillen; Münzen
http://w3id.org/zac/87369_lot_162,2,Partisanen | VASI
http://w3id.org/zac/87369_lot_164,2,OGGETTI IN FERRO | OGGETTI IN ORO
http://w3id.org/zac/87369_lot_165,2,OGGETTI IN LEGNO | PORCELLANE
http://w3id.org/zac/87369_lot_166,2,OGGETTI IN ORO | OGGETTI IN FERRO
http://w3id.org/zac/87369_lot_167,2,MEDAGLIE | PORCELLANE
http://w3id.org/zac/87369_lot_168,2,OGGETTI IN LEGNO | OGGETTI IN ORO
http://w3id.org/zac/87369_lot_169,2,OGGETTI IN LEGNO | PORCELLANE
http://w3id.org/zac/87369_lot_17,2,OGGETTI IN LATTA | OTTONI
http://w3id.org/zac/87369_lot_170,2,OGGETTI VARI | OGGETTI IN ORO
http://w3id.org/zac/87369_lot_172,2,OGGETTI VARI | OGGETTI IN ORO
http://w3id.org/zac/87369_lot_173,2,OGGETTI IN LEGNO | OGGETTI IN ORO
http://w3id.org/zac/87369_lot_174,2,OGGETTI IN FERRO | PIATTI
http://w3id.org/zac/87369_lot_175,2,OGGETTI IN LEGNO | PIATTI
http://w3id.org/zac/87369_lot_176,2,ARMI | OGGETTI IN ORO
http://w3id.org/zac/87369_lot_177,2,OGGETTI VARI | OGGETTI IN LEGNO
http://w3id.org/zac/87369_lot_178,2,MERLETTI | OGGETTI IN ORO
http://w3id.org/zac/87369_lot_18,2,MAIOLICHE | Rüstungen
http://w3id.org/zac/87369_lot_180,2,ARMI | OGGETTI IN ORO
http://w3id.org/zac/87369_lot_182,2,OGGETTI IN LEGNO | PORCELLANE
http://w3id.org/zac/87369_lot_183,2,OTTONI | SCULTURE
http://w3id.org/zac/87369_lot_184,2,ARMI | PORCELLANE
http://w3id.org/zac/87369_lot_185,2,OGGETTI IN ORO | PORCELLANE
http://w3id.org/zac/87369_lot_186,2,ARMI | OGGETTI IN ORO
http://w3id.org/zac/87369_lot_187,2,OGGETTI IN FERRO | OGGETTI IN ORO
http://w3id.org/zac/87369_lot_188,2,ARMI | OGGETTI IN ORO
http://w3id.org/zac/87369_lot_189,2,OGGETTI IN LEGNO | OGGETTI IN ORO
http://w3id.org/zac/87369_lot_19,2,MAIOLICHE | OTTONI
http://w3id.org/zac/87369_lot_191,2,ARMI | OGGETTI IN ORO
http://w3id.org/zac/87369_lot_192,2,ARMI | LAMPADE
http://w3id.org/zac/87369_lot_193,2,ARMI | Gefäße
http://w3id.org/zac/87369_lot_194,2,ARMI | Gefäße
http://w3id.org/zac/87369_lot_197,2,ARMI | OGGETTI VARI
http://w3id.org/zac/87369_lot_198,2,ARMI | Gefäße
http://w3id.org/zac/87369_lot_199,2,ARMI | OGGETTI VARI
http://w3id.org/zac/87369_lot_20,2,OGGETTI IN LATTA | OTTONI
http://w3id.org/zac/87369_lot_201,2,OTTONI | VASI
http://w3id.org/zac/87369_lot_202,2,Gefäße | OTTONI
http://w3id.org/zac/87369_lot_203,2,ARMI | Gefäße
http://w3id.org/zac/87369_lot_204,2,ARMI | Gefäße
http://w3id.org/zac/87369_lot_205,2,MINIATURE | OGGETTI IN LEGNO
http://w3id.org/zac/87369_lot_206,2,ARMI | OGGETTI IN ORO
http://w3id.org/zac/87369_lot_207,2,ARMI | OGGETTI IN ORO
http://w3id.org/zac/87369_lot_208,2,ARMI | VASI
http://w3id.org/zac/87369_lot_209,2,ARMI | Gefäße
http://w3id.org/zac/87369_lot_210,2,OGGETTI IN LEGNO | SCULTURE
http://w3id.org/zac/87369_lot_211,2,ARMI | SCULTURE
http://w3id.org/zac/87369_lot_213,2,ARMI | Gefäße
http://w3id.org/zac/87369_lot_215,2,ARMI | Gefäße
http://w3id.org/zac/87369_lot_216,2,ARMI | Gefäße
http://w3id.org/zac/87369_lot_217,2,ARMI | Gefäße
http://w3id.org/zac/87369_lot_22,2,OGGETTI IN LATTA | Rüstungen
http://w3id.org/zac/87369_lot_221,2,Gefäße | OGGETTI IN LEGNO
http://w3id.org/zac/87369_lot_222,2,ARMI | OGGETTI IN LEGNO
http://w3id.org/zac/87369_lot_223,2,ARMI | OGGETTI VARI
http://w3id.org/zac/87369_lot_224,2,ARMI | Gefäße
http://w3id.org/zac/87369_lot_226,2,ARMI | OGGETTI IN ORO
http://w3id.org/zac/87369_lot_227,2,ARMI | OGGETTI VARI
http://w3id.org/zac/87369_lot_23,2,OGGETTI IN LATTA | Rüstungen
http://w3id.org/zac/87369_lot_230,2,ARMI | OGGETTI IN ORO
http://w3id.org/zac/87369_lot_231,2,ARMI | Gefäße
http://w3id.org/zac/87369_lot_232,2,ARMI | OGGETTI IN ORO
http://w3id.org/zac/87369_lot_233,2,ARMI | OGGETTI VARI
http://w3id.org/zac/87369_lot_234,2,ARMI | OGGETTI VARI
http://w3id.org/zac/87369_lot_235,2,ARMI | Gefäße
http://w3id.org/zac/87369_lot_237,2,OTTONI | OGGETTI VARI
http://w3id.org/zac/87369_lot_238,2,ARMI | OGGETTI IN ORO
http://w3id.org/zac/87369_lot_239,2,ARMI | Gefäße
http://w3id.org/zac/87369_lot_24,2,MAIOLICHE | Rüstungen
http://w3id.org/zac/87369_lot_240,2,ARMI | Gefäße
http://w3id.org/zac/87369_lot_241,2,Gefäße | SCOMPARTI
http://w3id.org/zac/87369_lot_243,2,ARMI | Gefäße
http://w3id.org/zac/87369_lot_244,2,ARMI | Gefäße
http://w3id.org/zac/87369_lot_246,2,ARMI | Gefäße
http://w3id.org/zac/87369_lot_247,2,ARMI | Gefäße
http://w3id.org/zac/87369_lot_248,2,ARMI | Gefäße
http://w3id.org/zac/87369_lot_249,2,ARMI | Gefäße
http://w3id.org/zac/87369_lot_25,2,MAIOLICHE | Rüstungen
http://w3id.org/zac/87369_lot_250,2,Gefäße | OGGETTI IN LEGNO
http://w3id.org/zac/87369_lot_251,2,ARMI | Gefäße
http://w3id.org/zac/87369_lot_252,2,ARMI | OGGETTI VARI
http://w3id.org/zac/87369_lot_253,2,ARMI | Gefäße
http://w3id.org/zac/87369_lot_254,2,ARMI | Gefäße
http://w3id.org/zac/87369_lot_255,2,ARMI | OGGETTI VARI
http://w3id.org/zac/87369_lot_256,2,ARMI | Gefäße
http://w3id.org/zac/87369_lot_257,2,ARMI | Gefäße
http://w3id.org/zac/87369_lot_258,2,ARMI | Gefäße
http://w3id.org/zac/87369_lot_26,2,MAIOLICHE | Rüstungen
http://w3id.org/zac/87369_lot_260,2,MERLETTI | OGGETTI VARI
http://w3id.org/zac/87369_lot_261,2,ARMI | OGGETTI VARI
http://w3id.org/zac/87369_lot_262,2,Gefäße | OTTONI
http://w3id.org/zac/87369_lot_263,2,ARMI | PIATTI
http://w3id.org/zac/87369_lot_265,2,ARMI | PIATTI
http://w3id.org/zac/87369_lot_266,2,ARMI | PIATTI
http://w3id.org/zac/87369_lot_267,2,MERLETTI | PIATTI
http://w3id.org/zac/87369_lot_268,2,ARMI | PIATTI
http://w3id.org/zac/87369_lot_270,2,ARMI | PIATTI
http://w3id.org/zac/87369_lot_271,2,OGGETTI IN LEGNO | OGGETTI IN ORO
http://w3id.org/zac/87369_lot_272,2,OGGETTI IN LEGNO | PIATTI
http://w3id.org/zac/87369_lot_273,2,ARMI | PIATTI
http://w3id.org/zac/87369_lot_274,2,OGGETTI IN RAME | PIATTI
http://w3id.org/zac/87369_lot_275,2,ARMI | PIATTI
http://w3id.org/zac/87369_lot_276,2,ARMI | PIATTI
http://w3id.org/zac/87369_lot_277,2,ARMI | PIATTI
http://w3id.org/zac/87369_lot_278,2,ARMI | PIATTI
http://w3id.org/zac/87369_lot_279,2,ARMI | PIATTI
http://w3id.org/zac/87369_lot_28,2,Bücher | OGGETTI IN LATTA
http://w3id.org/zac/87369_lot_280,2,OGGETTI IN ORO | OGGETTI IN LEGNO
http://w3id.org/zac/87369_lot_281,2,OGGETTI VARI | PIATTI
http://w3id.org/zac/87369_lot_282,2,OGGETTI IN FERRO | PIATTI
http://w3id.org/zac/87369_lot_283,2,ARMI | OGGETTI IN ORO
http://w3id.org/zac/87369_lot_284,2,MERLETTI | PIATTI
http://w3id.org/zac/87369_lot_286,2,ARMI | OGGETTI VARI
http://w3id.org/zac/87369_lot_288,2,ARMI | OGGETTI VARI
http://w3id.org/zac/87369_lot_290,2,ARMI | Gefäße
http://w3id.org/zac/87369_lot_291,2,ARMI | OGGETTI IN ORO
http://w3id.org/zac/87369_lot_292,2,OGGETTI IN LEGNO | OGGETTI VARI
http://w3id.org/zac/87369_lot_293,2,ARMI | OGGETTI IN ORO
http://w3id.org/zac/87369_lot_294,2,ARMI | OGGETTI VARI
http://w3id.org/zac/87369_lot_295,2,ARMI | Gefäße
http://w3id.org/zac/87369_lot_296,2,ARMI | Gefäße
http://w3id.org/zac/87369_lot_297,2,ARMI | OGGETTI VARI
http://w3id.org/zac/87369_lot_298,2,ARMI | Gefäße
http://w3id.org/zac/87369_lot_300,2,Gefäße | OGGETTI IN LEGNO
http://w3id.org/zac/87369_lot_301,2,ARMI | Gefäße
http://w3id.org/zac/87369_lot_302,2,ARMI | Gefäße
http://w3id.org/zac/87369_lot_304,2,Gefäße | OGGETTI IN LEGNO
http://w3id.org/zac/87369_lot_305,2,ARMI | Gefäße
http://w3id.org/zac/87369_lot_306,2,OGGETTI VARI | OGGETTI IN LEGNO
http://w3id.org/zac/87369_lot_307,2,Gefäße | OGGETTI IN LEGNO
http://w3id.org/zac/87369_lot_308,2,ARMI | Gefäße
http://w3id.org/zac/87369_lot_309,2,ARMI | Gefäße
http://w3id.org/zac/87369_lot_310,2,Gefäße | OGGETTI IN LEGNO
http://w3id.org/zac/87369_lot_311,2,ARMI | Gefäße
http://w3id.org/zac/87369_lot_312,2,OGGETTI IN ORO | OGGETTI IN LEGNO
http://w3id.org/zac/87369_lot_313,2,ARMI | OGGETTI IN ORO
http://w3id.org/zac/87369_lot_314,2,ARMI | Gefäße
http://w3id.org/zac/87369_lot_315,2,ARMI | Gefäße
http://w3id.org/zac/87369_lot_317,2,ARMI | Gefäße
http://w3id.org/zac/87369_lot_318,2,ARMI | Gefäße
http://w3id.org/zac/87369_lot_319,2,ARMI | Gefäße
http://w3id.org/zac/87369_lot_320,2,ARMI | Gefäße
http://w3id.org/zac/87369_lot_321,2,ARMI | OGGETTI IN ORO
http://w3id.org/zac/87369_lot_322,2,ARMI | Gefäße
http://w3id.org/zac/87369_lot_323,2,ARMI | MERLETTI
http://w3id.org/zac/87369_lot_325,2,Gefäße | OGGETTI IN FERRO
http://w3id.org/zac/87369_lot_326,2,ARMI | Gefäße
http://w3id.org/zac/87369_lot_327,2,OGGETTI IN LEGNO | OGGETTI IN ORO
http://w3id.org/zac/87369_lot_328,2,ARMI | OTTONI
http://w3id.org/zac/87369_lot_329,2,ARMI | Gefäße
http://w3id.org/zac/87369_lot_330,2,OGGETTI IN LEGNO | OGGETTI IN ORO
http://w3id.org/zac/87369_lot_331,2,ARMI | OGGETTI IN ORO
http://w3id.org/zac/87369_lot_332,2,OGGETTI IN ORO | OGGETTI IN LEGNO
http://w3id.org/zac/87369_lot_333,2,ARMI | OGGETTI IN ORO
http://w3id.org/zac/87369_lot_334,2,Gefäße | OGGETTI IN LEGNO
http://w3id.org/zac/87369_lot_335,2,OGGETTI IN ORO | OGGETTI IN LEGNO
http://w3id.org/zac/87369_lot_336,2,ARMI | OGGETTI IN ORO
http://w3id.org/zac/87369_lot_337,2,OGGETTI IN LEGNO | OGGETTI IN ORO
http://w3id.org/zac/87369_lot_338,2,ARMI | OGGETTI IN ORO
http://w3id.org/zac/87369_lot_339,2,Gefäße | OGGETTI IN LEGNO
http://w3id.org/zac/87369_lot_34,2,OGGETTI IN LATTA | Rüstungen
http://w3id.org/zac/87369_lot_340,2,Gefäße | OGGETTI IN LEGNO
http://w3id.org/zac/87369_lot_341,2,ARMI | Gefäße
http://w3id.org/zac/87369_lot_342,2,OGGETTI IN LEGNO | OGGETTI IN ORO
http://w3id.org/zac/87369_lot_343,2,OGGETTI IN LEGNO | OGGETTI IN ORO
http://w3id.org/zac/87369_lot_344,2,ARMI | OGGETTI IN ORO
http://w3id.org/zac/87369_lot_345,2,ARMI | Gefäße
http://w3id.org/zac/87369_lot_347,2,ARMI | Gefäße
http://w3id.org/zac/87369_lot_348,2,ARMI | Gefäße
http://w3id.org/zac/87369_lot_349,2,Gefäße | OTTONI
http://w3id.org/zac/87369_lot_35,2,OGGETTI IN LATTA | SCULTURE
http://w3id.org/zac/87369_lot_350,2,ARMI | Gefäße
http://w3id.org/zac/87369_lot_352,2,ARMI | Gefäße
http://w3id.org/zac/87369_lot_353,2,ARMI | Gefäße
http://w3id.org/zac/87369_lot_354,2,ARMI | Gefäße
http://w3id.org/zac/87369_lot_355,2,Gefäße | OGGETTI IN LEGNO
http://w3id.org/zac/87369_lot_356,2,Gefäße | OGGETTI IN LEGNO
http://w3id.org/zac/87369_lot_357,2,ARMI | Gefäße
http://w3id.org/zac/87369_lot_359,2,Gefäße | OGGETTI IN LEGNO
http://w3id.org/zac/87369_lot_361,2,Gefäße | OGGETTI IN LEGNO
http://w3id.org/zac/87369_lot_362,2,MAIOLICHE | OGGETTI IN LEGNO
http://w3id.org/zac/87369_lot_363,2,ARMI | Gefäße
http://w3id.org/zac/87369_lot_364,2,Gefäße | OGGETTI IN LEGNO
http://w3id.org/zac/87369_lot_365,2,ARMI | Gefäße
http://w3id.org/zac/87369_lot_367,2,Gefäße | OGGETTI IN LEGNO
http://w3id.org/zac/87369_lot_368,2,ARMI | OGGETTI IN ORO
http://w3id.org/zac/87369_lot_369,2,ARMI | MEDAGLIE
http://w3id.org/zac/87369_lot_370,2,ARMI | Gefäße
http://w3id.org/zac/87369_lot_371,2,ARMI | OGGETTI IN LEGNO
http://w3id.org/zac/87369_lot_372,2,ARMI | Gefäße
http://w3id.org/zac/87369_lot_373,2,Gefäße | MERLETTI
http://w3id.org/zac/87369_lot_374,2,Gefäße | OGGETTI IN LEGNO
http://w3id.org/zac/87369_lot_375,2,ARMI | OGGETTI IN ORO
http://w3id.org/zac/87369_lot_376,2,OTTONI | OGGETTI IN ORO
http://w3id.org/zac/87369_lot_377,2,Gefäße | OGGETTI IN FERRO
http://w3id.org/zac/87369_lot_378,2,OGGETTI VARI | OGGETTI IN ORO
http://w3id.org/zac/87369_lot_379,2,Fahnen; Standarten | Gefäße
http://w3id.org/zac/87369_lot_38,2,Krüge | OGGETTI IN FERRO
http://w3id.org/zac/87369_lot_381,2,OGGETTI IN FERRO | OGGETTI VARI
http://w3id.org/zac/87369_lot_382,2,ARMI | OGGETTI IN FERRO
http://w3id.org/zac/87369_lot_384,2,ARGENTI | Gefäße
http://w3id.org/zac/87369_lot_386,2,Fahnen; Standarten | SCATOLE
http://w3id.org/zac/87369_lot_387,2,BANDIERE | Gefäße
http://w3id.org/zac/87369_lot_389,2,OGGETTI IN ORO | OGGETTI IN PELLE
http://w3id.org/zac/87369_lot_39,2,Krüge | OGGETTI IN RAME
http://w3id.org/zac/87369_lot_391,2,OGGETTI IN FERRO | OGGETTI VARI
http://w3id.org/zac/87369_lot_392,2,OGGETTI VARI | Schwerter; Säbel
http://w3id.org/zac/87369_lot_393,2,OGGETTI VARI | OGGETTI IN FERRO
http://w3id.org/zac/87369_lot_394,2,Gruppen; Figuren | Schwerter; Säbel
http://w3id.org/zac/87369_lot_395,2,Gruppen; Figuren | OGGETTI IN PELLE
http://w3id.org/zac/87369_lot_396,2,OGGETTI IN ORO | OGGETTI IN FERRO
http://w3id.org/zac/87369_lot_398,2,OGGETTI VARI | Schwerter; Säbel
http://w3id.org/zac/87369_lot_399,2,OGGETTI IN FERRO | OGGETTI VARI
http://w3id.org/zac/87369_lot_40,2,Krüge | OGGETTI IN ORO
http://w3id.org/zac/87369_lot_401,2,OGGETTI IN FERRO | OGGETTI VARI
http://w3id.org/zac/87369_lot_402,2,ARMI | Gruppen; Figuren
http://w3id.org/zac/87369_lot_403,2,OGGETTI IN FERRO | OGGETTI VARI
http://w3id.org/zac/87369_lot_404,2,OGGETTI IN FERRO | OGGETTI VARI
http://w3id.org/zac/87369_lot_406,2,OGGETTI IN FERRO | OGGETTI VARI
http://w3id.org/zac/87369_lot_407,2,OGGETTI IN FERRO | OGGETTI VARI
http://w3id.org/zac/87369_lot_408,2,OGGETTI IN FERRO | OGGETTI VARI
http://w3id.org/zac/87369_lot_409,2,Gruppen; Figuren | Schwerter; Säbel
http://w3id.org/zac/87369_lot_410,2,DISEGNI | Schwerter; Säbel
http://w3id.org/zac/87369_lot_412,2,Gruppen; Figuren | Schwerter; Säbel
http://w3id.org/zac/87369_lot_413,2,Gruppen; Figuren | Schwerter; Säbel
http://w3id.org/zac/87369_lot_414,2,Gruppen; Figuren | OGGETTI IN FERRO
http://w3id.org/zac/87369_lot_416,2,Gruppen; Figuren | OGGETTI IN FERRO
http://w3id.org/zac/87369_lot_417,2,Gruppen; Figuren | Schwerter; Säbel
http://w3id.org/zac/87369_lot_418,2,Gruppen; Figuren | OGGETTI IN FERRO
http://w3id.org/zac/87369_lot_419,2,Gruppen; Figuren | Schwerter; Säbel
http://w3id.org/zac/87369_lot_42,2,OGGETTI IN LATTA | Rüstungen
http://w3id.org/zac/87369_lot_420,2,ARMI | OGGETTI IN FERRO
http://w3id.org/zac/87369_lot_422,2,OGGETTI IN FERRO | SCULTURE
http://w3id.org/zac/87369_lot_423,2,Gruppen; Figuren | OGGETTI IN FERRO
http://w3id.org/zac/87369_lot_424,2,Gruppen; Figuren | OGGETTI IN FERRO
http://w3id.org/zac/87369_lot_426,2,ARMI | Gruppen; Figuren
http://w3id.org/zac/87369_lot_427,2,Gruppen; Figuren | Schwerter; Säbel
http://w3id.org/zac/87369_lot_428,2,Gruppen; Figuren | OGGETTI IN FERRO
http://w3id.org/zac/87369_lot_429,2,BRONZI | Gruppen; Figuren
http://w3id.org/zac/87369_lot_430,2,Gruppen; Figuren | OGGETTI IN FERRO
http://w3id.org/zac/87369_lot_431,2,Gruppen; Figuren | Schwerter; Säbel
http://w3id.org/zac/87369_lot_432,2,ARMI | Gruppen; Figuren
http://w3id.org/zac/87369_lot_433,2,ARMI | Gruppen; Figuren
http://w3id.org/zac/87369_lot_434,2,Gruppen; Figuren | Schwerter; Säbel
http://w3id.org/zac/87369_lot_435,2,ARMI | VASI
http://w3id.org/zac/87369_lot_436,2,ARMI | Gruppen; Figuren
http://w3id.org/zac/87369_lot_437,2,ARMI | MERLETTI
http://w3id.org/zac/87369_lot_438,2,ARMI | Gruppen; Figuren
http://w3id.org/zac/87369_lot_439,2,ARMI | Gruppen; Figuren
http://w3id.org/zac/87369_lot_440,2,OGGETTI IN LEGNO | OGGETTI IN FERRO
http://w3id.org/zac/87369_lot_441,2,ARMI | VASI
http://w3id.org/zac/87369_lot_443,2,Gruppen; Figuren | Schwerter; Säbel
http://w3id.org/zac/87369_lot_444,2,ARMI | Gruppen; Figuren
http://w3id.org/zac/87369_lot_445,2,Gruppen; Figuren | OGGETTI IN FERRO
http://w3id.org/zac/87369_lot_446,2,ARMI | Gruppen; Figuren
http://w3id.org/zac/87369_lot_447,2,ARMI | Gruppen; Figuren
http://w3id.org/zac/87369_lot_448,2,Gruppen; Figuren | OGGETTI IN FERRO
http://w3id.org/zac/87369_lot_449,2,Gruppen; Figuren | OGGETTI IN FERRO
http://w3id.org/zac/87369_lot_45,2,Krüge | OGGETTI IN FERRO
http://w3id.org/zac/87369_lot_450,2,OGGETTI IN FERRO | SCULTURE
http://w3id.org/zac/87369_lot_451,2,MERLETTI | OGGETTI IN FERRO
http://w3id.org/zac/87369_lot_452,2,Gruppen; Figuren | OGGETTI IN FERRO
http://w3id.org/zac/87369_lot_453,2,ARMI | Gruppen; Figuren
http://w3id.org/zac/87369_lot_455,2,ARMI | Gruppen; Figuren
http://w3id.org/zac/87369_lot_456,2,Gruppen; Figuren | Schwerter; Säbel
http://w3id.org/zac/87369_lot_457,2,Schwerter; Säbel | VASI
http://w3id.org/zac/87369_lot_458,2,Gruppen; Figuren | Schwerter; Säbel
http://w3id.org/zac/87369_lot_459,2,Gruppen; Figuren | Schwerter; Säbel
http://w3id.org/zac/87369_lot_46,2,VASI | Rüstungen
http://w3id.org/zac/87369_lot_460,2,Gruppen; Figuren | Schwerter; Säbel
http://w3id.org/zac/87369_lot_461,2,ARMI | Gruppen; Figuren
http://w3id.org/zac/87369_lot_462,2,ARGENTI | Gruppen; Figuren
http://w3id.org/zac/87369_lot_463,2,AVORI | Gruppen; Figuren
http://w3id.org/zac/87369_lot_464,2,LAMPADE | OGGETTI IN LEGNO
http://w3id.org/zac/87369_lot_465,2,SCULTURE | Schwerter; Säbel
http://w3id.org/zac/87369_lot_466,2,Gruppen; Figuren | OGGETTI IN FERRO
http://w3id.org/zac/87369_lot_467,2,ARGENTI | Gruppen; Figuren
http://w3id.org/zac/87369_lot_468,2,ARGENTI | Gruppen; Figuren
http://w3id.org/zac/87369_lot_469,2,ARGENTI | Gruppen; Figuren
http://w3id.org/zac/87369_lot_47,2,Rüstungen | VASI
http://w3id.org/zac/87369_lot_471,2,Gruppen; Figuren | OGGETTI IN FERRO
http://w3id.org/zac/87369_lot_472,2,Gruppen; Figuren | OGGETTI IN LEGNO
http://w3id.org/zac/87369_lot_473,2,Gruppen; Figuren | OGGETTI IN LEGNO
http://w3id.org/zac/87369_lot_474,2,Gruppen; Figuren | OGGETTI IN LEGNO
http://w3id.org/zac/87369_lot_475,2,BRONZI | Gruppen; Figuren
http://w3id.org/zac/87369_lot_476,2,MEDAGLIE | SCULTURE
http://w3id.org/zac/87369_lot_477,2,Gruppen; Figuren | OGGETTI IN FERRO
http://w3id.org/zac/87369_lot_478,2,Gruppen; Figuren | OGGETTI IN FERRO
http://w3id.org/zac/87369_lot_479,2,ARMI | Gruppen; Figuren
http://w3id.org/zac/87369_lot_48,2,OGGETTI IN FERRO | VASI
http://w3id.org/zac/87369_lot_480,2,Gruppen; Figuren | OGGETTI IN FERRO
http://w3id.org/zac/87369_lot_481,2,BISCOTTI | OGGETTI IN FERRO
http://w3id.org/zac/87369_lot_482,2,BISCOTTI | BRONZI
http://w3id.org/zac/87369_lot_483,2,BISCOTTI | SCULTURE
http://w3id.org/zac/87369_lot_484,2,Gruppen; Figuren | OGGETTI IN METALLO
http://w3id.org/zac/87369_lot_485,2,Gruppen; Figuren | OGGETTI IN METALLO
http://w3id.org/zac/87369_lot_487,2,OGGETTI IN ORO | OGGETTI IN FERRO
http://w3id.org/zac/87369_lot_488,2,Emaillirte Gläser | OGGETTI IN FERRO
http://w3id.org/zac/87369_lot_489,2,OGGETTI IN ORO | OGGETTI IN FERRO
http://w3id.org/zac/87369_lot_49,2,OGGETTI IN PELLE | VASI
http://w3id.org/zac/87369_lot_490,2,OGGETTI IN FERRO | VETRI
http://w3id.org/zac/87369_lot_491,2,DIPINTI | VETRI
http://w3id.org/zac/87369_lot_492,2,OGGETTI IN FERRO | VETRI
http://w3id.org/zac/87369_lot_495,2,OGGETTI IN RAME | VASI
http://w3id.org/zac/87369_lot_496,2,OGGETTI IN FERRO | SCULTURE
http://w3id.org/zac/87369_lot_497,2,Emaillirte Gläser | OGGETTI IN FERRO
http://w3id.org/zac/87369_lot_498,2,Dolche; Dolchmesser; Stilets | VASI
http://w3id.org/zac/87369_lot_499,2,MEDAGLIE | VASI
http://w3id.org/zac/87369_lot_50,2,ARGENTI | VASI
http://w3id.org/zac/87369_lot_500,2,OGGETTI IN FERRO | VASI
http://w3id.org/zac/87369_lot_502,2,BOTTIGLIE | AVORI
http://w3id.org/zac/87369_lot_503,2,Geschliffene Gläser | OGGETTI IN FERRO
http://w3id.org/zac/87369_lot_504,2,OGGETTI IN LEGNO | VETRI
http://w3id.org/zac/87369_lot_505,2,OGGETTI IN FERRO | OGGETTI IN ORO
http://w3id.org/zac/87369_lot_506,2,OGGETTI IN ORO | OTTONI
http://w3id.org/zac/87369_lot_507,2,OGGETTI IN FERRO | OGGETTI IN ORO
http://w3id.org/zac/87369_lot_508,2,COPPE | OGGETTI IN ORO
http://w3id.org/zac/87369_lot_509,2,Geschliffene Gläser | OGGETTI IN ORO
http://w3id.org/zac/87369_lot_51,2,MAIOLICHE | OGGETTI IN FERRO
http://w3id.org/zac/87369_lot_510,2,Dolche; Dolchmesser; Stilets | Geschliffene Gläser
http://w3id.org/zac/87369_lot_511,2,OGGETTI IN FERRO | VETRI
http://w3id.org/zac/87369_lot_512,2,Geschliffene Gläser | OGGETTI IN FERRO
http://w3id.org/zac/87369_lot_513,2,OGGETTI IN FERRO | VETRI
http://w3id.org/zac/87369_lot_514,2,OGGETTI IN FERRO | VETRI
http://w3id.org/zac/87369_lot_515,2,Armbrüste | VETRI
http://w3id.org/zac/87369_lot_516,2,Geschliffene Gläser | OGGETTI IN LEGNO
http://w3id.org/zac/87369_lot_517,2,Geschliffene Gläser | OGGETTI IN FERRO
http://w3id.org/zac/87369_lot_518,2,OGGETTI IN LEGNO | VETRI
http://w3id.org/zac/87369_lot_519,2,MEDAGLIE | VETRI
http://w3id.org/zac/87369_lot_532,2,Geschliffene Gläser | OGGETTI IN FERRO
http://w3id.org/zac/87369_lot_533,2,Geschliffene Gläser | OGGETTI IN LEGNO
http://w3id.org/zac/87369_lot_534,2,BRONZI | Geschliffene Gläser
http://w3id.org/zac/87369_lot_535,2,Geschliffene Gläser | OGGETTI IN LEGNO
http://w3id.org/zac/87369_lot_536,2,AVORI | VETRI
http://w3id.org/zac/87369_lot_537,2,OGGETTI IN LEGNO | VETRI
http://w3id.org/zac/87369_lot_538,2,AVORI | ARGENTI
http://w3id.org/zac/87369_lot_539,2,Geschliffene Gläser | OGGETTI IN LEGNO
http://w3id.org/zac/87369_lot_54,2,OGGETTI IN FERRO | VASI
http://w3id.org/zac/87369_lot_540,2,OGGETTI IN FERRO | SCATOLE
http://w3id.org/zac/87369_lot_541,2,Geschliffene Gläser | OGGETTI IN ORO
http://w3id.org/zac/87369_lot_542,2,OGGETTI IN ORO | VETRI
http://w3id.org/zac/87369_lot_543,2,AVORI | VETRI
http://w3id.org/zac/87369_lot_544,2,Geschliffene Gläser | OGGETTI IN ORO
http://w3id.org/zac/87369_lot_545,2,Armbrüste | Geschliffene Gläser
http://w3id.org/zac/87369_lot_546,2,Armbrüste | MERLETTI
http://w3id.org/zac/87369_lot_547,2,Armbrüste | Geschliffene Gläser
http://w3id.org/zac/87369_lot_548,2,Armbrüste | VETRI
http://w3id.org/zac/87369_lot_549,2,Geschliffene Gläser | OGGETTI IN LEGNO
http://w3id.org/zac/87369_lot_550,2,Armbrüste | VASI
http://w3id.org/zac/87369_lot_551,2,OGGETTI VARI | OGGETTI IN LEGNO
http://w3id.org/zac/87369_lot_552,2,ARREDAMENTI | Geschliffene Gläser
http://w3id.org/zac/87369_lot_554,2,Geschliffene Gläser | OTTONI
http://w3id.org/zac/87369_lot_555,2,LAMPADE | OTTONI
http://w3id.org/zac/87369_lot_556,2,Geschliffene Gläser | OTTONI
http://w3id.org/zac/87369_lot_557,2,ARGENTI | VETRI
http://w3id.org/zac/87369_lot_558,2,OGGETTI IN LEGNO | OGGETTI IN ORO
http://w3id.org/zac/87369_lot_559,2,ARMI | OGGETTI IN ORO
http://w3id.org/zac/87369_lot_56,2,MEDAGLIE | Rüstungen
http://w3id.org/zac/87369_lot_560,2,ARMI | OGGETTI IN ORO
http://w3id.org/zac/87369_lot_562,2,OGGETTI IN FERRO | OGGETTI VARI
http://w3id.org/zac/87369_lot_564,2,ARMI | VETRI
http://w3id.org/zac/87369_lot_565,2,SCULTURE | VETRI
http://w3id.org/zac/87369_lot_566,2,VETRI | SCULTURE
http://w3id.org/zac/87369_lot_568,2,ARMI | VETRI
http://w3id.org/zac/87369_lot_569,2,ARMI | OGGETTI VARI
http://w3id.org/zac/87369_lot_57,2,OGGETTI IN FERRO | OGGETTI IN ORO
http://w3id.org/zac/87369_lot_570,2,OTTONI | VETRI
http://w3id.org/zac/87369_lot_571,2,ARMI | VETRI
http://w3id.org/zac/87369_lot_573,2,ARMI | VETRI
http://w3id.org/zac/87369_lot_574,2,ARMI | VETRI
http://w3id.org/zac/87369_lot_575,2,OTTONI | VETRI
http://w3id.org/zac/87369_lot_576,2,ARMI | VETRI
http://w3id.org/zac/87369_lot_577,2,ARMI | VETRI
http://w3id.org/zac/87369_lot_578,2,OGGETTI IN FERRO | VETRI
http://w3id.org/zac/87369_lot_579,2,ARMI | VETRI
http://w3id.org/zac/87369_lot_58,2,OGGETTI IN FERRO | VASI
http://w3id.org/zac/87369_lot_580,2,OGGETTI IN FERRO | VETRI
http://w3id.org/zac/87369_lot_581,2,OGGETTI IN FERRO | VETRI
http://w3id.org/zac/87369_lot_582,2,MEDAGLIE | OGGETTI IN FERRO
http://w3id.org/zac/87369_lot_583,2,ARMI | VETRI
http://w3id.org/zac/87369_lot_584,2,OGGETTI IN FERRO | VETRI
http://w3id.org/zac/87369_lot_586,2,OTTONI | VETRI
http://w3id.org/zac/87369_lot_587,2,ARMI | OGGETTI IN LEGNO
http://w3id.org/zac/87369_lot_59,2,OGGETTI IN FERRO | VASI
http://w3id.org/zac/87369_lot_590,2,OGGETTI IN LEGNO | OGGETTI IN PELLE
http://w3id.org/zac/87369_lot_593,2,OGGETTI IN FERRO | OGGETTI VARI
http://w3id.org/zac/87369_lot_595,2,Bücher | GIOIELLI
http://w3id.org/zac/87369_lot_597,2,AVORI | OGGETTI IN FERRO
http://w3id.org/zac/87369_lot_598,2,AVORI | OGGETTI IN LEGNO
http://w3id.org/zac/87369_lot_599,2,OGGETTI VARI | OGGETTI IN LEGNO
http://w3id.org/zac/87369_lot_60,2,OGGETTI IN FERRO | VASI
http://w3id.org/zac/87369_lot_603,2,OTTONI | OGGETTI VARI
http://w3id.org/zac/87369_lot_604,2,AVORI | Pulverhörner
http://w3id.org/zac/87369_lot_605,2,ARGENTI | Pulverhörner
http://w3id.org/zac/87369_lot_606,2,ARGENTI | Pulverhörner
http://w3id.org/zac/87369_lot_607,2,AVORI | OGGETTI IN LEGNO
http://w3id.org/zac/87369_lot_61,2,OGGETTI IN FERRO | VASI
http://w3id.org/zac/87369_lot_610,2,ARGENTI | SCULTURE
http://w3id.org/zac/87369_lot_612,2,OGGETTI IN LEGNO | OGGETTI IN ORO
http://w3id.org/zac/87369_lot_613,2,AVORI | Pulverhörner
http://w3id.org/zac/87369_lot_614,2,AVORI | OGGETTI IN FERRO
http://w3id.org/zac/87369_lot_616,2,OGGETTI VARI | OGGETTI IN ORO
http://w3id.org/zac/87369_lot_617,2,OGGETTI VARI | SCOMPARTI
http://w3id.org/zac/87369_lot_618,2,AVORI | OGGETTI IN FERRO
http://w3id.org/zac/87369_lot_619,2,AVORI | Jagd-Gerätschaften
http://w3id.org/zac/87369_lot_621,2,AVORI | OGGETTI IN FERRO
http://w3id.org/zac/87369_lot_622,2,AVORI | BRONZI
http://w3id.org/zac/87369_lot_623,2,OGGETTI IN FERRO | OTTONI
http://w3id.org/zac/87369_lot_624,2,BRONZI | AVORI
http://w3id.org/zac/87369_lot_625,2,BRONZI | SMALTI
http://w3id.org/zac/87369_lot_626,2,BRONZI | SCATOLE
http://w3id.org/zac/87369_lot_627,2,BRONZI | SCATOLE
http://w3id.org/zac/87369_lot_628,2,BRONZI | SCATOLE
http://w3id.org/zac/87369_lot_629,2,AVORI | OGGETTI IN ORO
http://w3id.org/zac/87369_lot_63,2,OGGETTI IN RAME | VASI
http://w3id.org/zac/87369_lot_630,2,BRONZI | SMALTI
http://w3id.org/zac/87369_lot_632,2,AVORI | SCATOLE
http://w3id.org/zac/87369_lot_633,2,OGGETTI IN FERRO | SMALTI
http://w3id.org/zac/87369_lot_634,2,OGGETTI IN FERRO | SCATOLE
http://w3id.org/zac/87369_lot_635,2,Jagd-Gerätschaften | SCATOLE
http://w3id.org/zac/87369_lot_636,2,Jagd-Gerätschaften | SCATOLE
http://w3id.org/zac/87369_lot_637,2,Jagd-Gerätschaften | SCATOLE
http://w3id.org/zac/87369_lot_638,2,OGGETTI IN FERRO | SCATOLE
http://w3id.org/zac/87369_lot_639,2,OGGETTI IN ORO | SCATOLE
http://w3id.org/zac/87369_lot_64,2,ARGENTI | VASI
http://w3id.org/zac/87369_lot_640,2,OGGETTI IN PELLE | SCATOLE
http://w3id.org/zac/87369_lot_641,2,MEDAGLIE | MERLETTI
http://w3id.org/zac/87369_lot_642,2,Jagd-Gerätschaften | SMALTI
http://w3id.org/zac/87369_lot_644,2,MEDAGLIE | OGGETTI IN LEGNO
http://w3id.org/zac/87369_lot_645,2,OGGETTI IN LEGNO | OGGETTI IN ORO
http://w3id.org/zac/87369_lot_647,2,GIOIELLI | SMALTI
http://w3id.org/zac/87369_lot_648,2,GIOIELLI | OGGETTI VARI
http://w3id.org/zac/87369_lot_649,2,AVORI | GIOIELLI
http://w3id.org/zac/87369_lot_65,2,OTTONI | VASI
http://w3id.org/zac/87369_lot_650,2,GIOIELLI | SMALTI
http://w3id.org/zac/87369_lot_651,2,GIOIELLI | SMALTI
http://w3id.org/zac/87369_lot_652,2,ARGENTI | SMALTI
http://w3id.org/zac/87369_lot_653,2,DISEGNI | SMALTI
http://w3id.org/zac/87369_lot_654,2,OGGETTI IN FERRO | SMALTI
http://w3id.org/zac/87369_lot_655,2,BRONZI | SCULTURE
http://w3id.org/zac/87369_lot_656,2,OGGETTI IN FERRO | OGGETTI IN ORO
http://w3id.org/zac/87369_lot_657,2,ARMI | OGGETTI IN ORO
http://w3id.org/zac/87369_lot_658,2,ARMI | OGGETTI IN ORO
http://w3id.org/zac/87369_lot_659,2,ARMI | OGGETTI IN ORO
http://w3id.org/zac/87369_lot_66,2,ARGENTI | VASI
http://w3id.org/zac/87369_lot_661,2,OGGETTI IN ORO | OTTONI
http://w3id.org/zac/87369_lot_662,2,OGGETTI IN FERRO | OGGETTI IN ORO
http://w3id.org/zac/87369_lot_663,2,ARMI | OGGETTI IN ORO
http://w3id.org/zac/87369_lot_664,2,OGGETTI IN FERRO | OGGETTI IN ORO
http://w3id.org/zac/87369_lot_665,2,ARMI | OGGETTI IN ORO
http://w3id.org/zac/87369_lot_666,2,OGGETTI IN FERRO | SMALTI
http://w3id.org/zac/87369_lot_667,2,OGGETTI IN FERRO | SMALTI
http://w3id.org/zac/87369_lot_668,2,OGGETTI IN ORO | OGGETTI IN FERRO
http://w3id.org/zac/87369_lot_669,2,OGGETTI IN FERRO | OGGETTI IN ORO
http://w3id.org/zac/87369_lot_670,2,ARMI | OGGETTI IN ORO
http://w3id.org/zac/87369_lot_671,2,OGGETTI IN FERRO | SMALTI
http://w3id.org/zac/87369_lot_672,2,OGGETTI IN FERRO | OGGETTI IN ORO
http://w3id.org/zac/87369_lot_673,2,OGGETTI IN FERRO | SMALTI
http://w3id.org/zac/87369_lot_674,2,ARMI | OGGETTI IN ORO
http://w3id.org/zac/87369_lot_675,2,ARMI | OGGETTI IN ORO
http://w3id.org/zac/87369_lot_676,2,OGGETTI IN FERRO | OGGETTI IN ORO
http://w3id.org/zac/87369_lot_677,2,ARMI | OGGETTI IN ORO
http://w3id.org/zac/87369_lot_678,2,OGGETTI IN FERRO | OGGETTI IN ORO
http://w3id.org/zac/87369_lot_679,2,OGGETTI IN FERRO | OGGETTI IN ORO
http://w3id.org/zac/87369_lot_68,2,OGGETTI IN FERRO | VASI
http://w3id.org/zac/87369_lot_680,2,OGGETTI IN FERRO | OGGETTI IN ORO
http://w3id.org/zac/87369_lot_681,2,OGGETTI VARI | OGGETTI IN FERRO
http://w3id.org/zac/87369_lot_682,2,ARMI | OGGETTI IN ORO
http://w3id.org/zac/87369_lot_683,2,OGGETTI IN ORO | OGGETTI IN RAME
http://w3id.org/zac/87369_lot_684,2,ARMI | SCATOLE
http://w3id.org/zac/87369_lot_686,2,OGGETTI IN ORO | OGGETTI IN METALLO
http://w3id.org/zac/87369_lot_687,2,OGGETTI IN ORO | OTTONI
http://w3id.org/zac/87369_lot_688,2,ARGENTI | OGGETTI IN ORO
http://w3id.org/zac/87369_lot_689,2,BRONZI | OGGETTI IN ORO
http://w3id.org/zac/87369_lot_691,2,Bestecke; Essgeräthe | OGGETTI IN LEGNO
http://w3id.org/zac/87369_lot_692,2,ARGENTI | SCULTURE
http://w3id.org/zac/87369_lot_695,2,ARGENTI | OGGETTI VARI
http://w3id.org/zac/87369_lot_696,2,ARGENTI | OGGETTI VARI
http://w3id.org/zac/87369_lot_697,2,AVORI | OGGETTI IN ORO
http://w3id.org/zac/87369_lot_698,2,OGGETTI IN FERRO | VASI
http://w3id.org/zac/87369_lot_699,2,ARGENTI | AVORI
http://w3id.org/zac/87369_lot_70,2,OGGETTI IN FERRO | VASI
http://w3id.org/zac/87369_lot_701,2,ARGENTI | VASI
http://w3id.org/zac/87369_lot_702,2,Bestecke; Essgeräthe | VASI
http://w3id.org/zac/87369_lot_703,2,AVORI | STAMPE E INCISIONI
http://w3id.org/zac/87369_lot_704,2,OGGETTI IN FERRO | VASI
http://w3id.org/zac/87369_lot_705,2,OGGETTI VARI | VASI
http://w3id.org/zac/87369_lot_707,2,OGGETTI VARI | VASI
http://w3id.org/zac/87369_lot_708,2,ARGENTI | VASI
http://w3id.org/zac/87369_lot_709,2,ARGENTI | VASI
http://w3id.org/zac/87369_lot_71,2,OTTONI | VASI
http://w3id.org/zac/87369_lot_710,2,ARGENTI | VASI
http://w3id.org/zac/87369_lot_711,2,ARGENTI | Bestecke; Essgeräthe
http://w3id.org/zac/87369_lot_712,2,ARGENTI | BRONZI
http://w3id.org/zac/87369_lot_713,2,OTTONI | VASI
http://w3id.org/zac/87369_lot_714,2,ARGENTI | VASI
http://w3id.org/zac/87369_lot_715,2,Bestecke; Essgeräthe | VASI
http://w3id.org/zac/87369_lot_716,2,Bestecke; Essgeräthe | VASI
http://w3id.org/zac/87369_lot_717,2,ARGENTI | VASI
http://w3id.org/zac/87369_lot_718,2,ARGENTI | VASI
http://w3id.org/zac/87369_lot_719,2,Bestecke; Essgeräthe | VASI
http://w3id.org/zac/87369_lot_72,2,MEDAGLIE | Rüstungen
http://w3id.org/zac/87369_lot_724,2,ARGENTI | ARMI
http://w3id.org/zac/87369_lot_725,2,ARGENTI | SCULTURE
http://w3id.org/zac/87369_lot_726,2,ARGENTI | Bestecke; Essgeräthe
http://w3id.org/zac/87369_lot_727,2,ARGENTI | Bestecke; Essgeräthe
http://w3id.org/zac/87369_lot_735,2,Bestecke; Essgeräthe | ARGENTI
http://w3id.org/zac/87369_lot_736,2,ARGENTI | SCULTURE
http://w3id.org/zac/87369_lot_737,2,ARGENTI | OGGETTI IN LATTA
http://w3id.org/zac/87369_lot_738,2,ARGENTI | Bestecke; Essgeräthe
http://w3id.org/zac/87369_lot_739,2,ARGENTI | SMALTI
http://w3id.org/zac/87369_lot_74,2,OGGETTI IN FERRO | SCULTURE
http://w3id.org/zac/87369_lot_740,2,ARGENTI | OGGETTI IN FERRO
http://w3id.org/zac/87369_lot_741,2,OGGETTI IN FERRO | OGGETTI IN LEGNO
http://w3id.org/zac/87369_lot_742,2,OGGETTI VARI | VETRI
http://w3id.org/zac/87369_lot_743,2,OGGETTI IN FERRO | VETRI
http://w3id.org/zac/87369_lot_744,2,ARGENTI | OGGETTI IN FERRO
http://w3id.org/zac/87369_lot_745,2,AVORI | OTTONI
http://w3id.org/zac/87369_lot_746,2,ARGENTI | OGGETTI VARI
http://w3id.org/zac/87369_lot_748,2,OGGETTI IN PELLE | OGGETTI VARI
http://w3id.org/zac/87369_lot_749,2,OGGETTI IN PELLE | OGGETTI VARI
http://w3id.org/zac/87369_lot_76,2,OGGETTI IN LATTA | OGGETTI IN FERRO
http://w3id.org/zac/87369_lot_77,2,BRONZI | OGGETTI IN LATTA
http://w3id.org/zac/87369_lot_78,2,OGGETTI IN PELLE | OGGETTI IN LATTA
http://w3id.org/zac/87369_lot_79,2,OGGETTI IN LATTA | Rüstungen
http://w3id.org/zac/87369_lot_80,2,OGGETTI VARI | Rüstungen
http://w3id.org/zac/87369_lot_81,2,OGGETTI IN LATTA | OGGETTI IN FERRO
http://w3id.org/zac/87369_lot_82,2,ARMI | OGGETTI IN LATTA
http://w3id.org/zac/87369_lot_83,2,MAIOLICHE | OGGETTI IN FERRO
http://w3id.org/zac/87369_lot_84,2,OGGETTI IN LATTA | Streitkolben; Schlachtbeile; Streitäxte
http://w3id.org/zac/87369_lot_85,2,OGGETTI IN LATTA | OGGETTI IN LEGNO
http://w3id.org/zac/87369_lot_86,2,OGGETTI IN LATTA | OGGETTI IN FERRO
http://w3id.org/zac/87369_lot_89,2,MAIOLICHE | OGGETTI IN LEGNO
http://w3id.org/zac/87369_lot_90,2,OGGETTI IN LATTA | Streitkolben; Schlachtbeile; Streitäxte
http://w3id.org/zac/87369_lot_93,2,OGGETTI IN ORO | OGGETTI IN LATTA
http://w3id.org/zac/87369_lot_97,2,OGGETTI IN LATTA | OGGETTI IN LEGNO
http://w3id.org/zac/87369_lot_99,2,OGGETTI IN FERRO | OGGETTI IN LATTA
http://w3id.org/zac/87371_lot_14,2,ARMI | Ristzeug; Kriegswaffen; Prunkwaffen; Jagdwaffen
http://w3id.org/zac/87374_lot_100,2,LIBRI | OGGETTI IN LEGNO
http://w3id.org/zac/87374_lot_135,2,LIBRI | OGGETTI IN LEGNO
http://w3id.org/zac/87374_lot_140,2,Adels-Diplome; Wappen-Diplome; Privilegien-Briefe; Stammbaume | OGGETTI IN LEGNO
http://w3id.org/zac/87374_lot_155,2,Adels-Diplome; Wappen-Diplome; Privilegien-Briefe; Stammbaume | Arbeiten in Leder; Textil-Arbeiten
http://w3id.org/zac/87374_lot_16,2,Adels-Diplome; Wappen-Diplome; Privilegien-Briefe; Stammbaume | OGGETTI VARI
http://w3id.org/zac/87374_lot_165,2,Munzen; Medaillen | MUNZEN; MEDAILLEN | LIBRI
http://w3id.org/zac/87374_lot_18,2,Adels-Diplome; Wappen-Diplome; Privilegien-Briefe; Stammbaume | OGGETTI IN ORO
http://w3id.org/zac/87374_lot_20,2,OGGETTI IN ORO | OGGETTI IN LEGNO
http://w3id.org/zac/87374_lot_21,2,Adels-Diplome; Wappen-Diplome; Privilegien-Briefe; Stammbaume | LIBRI
http://w3id.org/zac/87374_lot_22,2,Adels-Diplome; Wappen-Diplome; Privilegien-Briefe; Stammbaume | MINIATURE
http://w3id.org/zac/87374_lot_23,2,Adels-Diplome; Wappen-Diplome; Privilegien-Briefe; Stammbaume | MINIATURE
http://w3id.org/zac/87374_lot_280,2,Adels-Diplome; Wappen-Diplome; Privilegien-Briefe; Stammbaume | LIBRI
http://w3id.org/zac/87374_lot_32,2,Adels-Diplome; Wappen-Diplome; Privilegien-Briefe; Stammbaume | Krige; Majoliken; glasirte Topfereien; Arbeiten in Thon
http://w3id.org/zac/87374_lot_39,2,Adels-Diplome; Wappen-Diplome; Privilegien-Briefe; Stammbaume | OGGETTI VARI
http://w3id.org/zac/87374_lot_4,2,Adels-Diplome; Wappen-Diplome; Privilegien-Briefe; Stammbaume | MINIATURE
http://w3id.org/zac/87374_lot_400,2,Munzen; Medaillen | MUNZEN; MEDAILLEN | SCATOLE
http://w3id.org/zac/87374_lot_415,2,Adels-Diplome; Wappen-Diplome; Privilegien-Briefe; Stammbaume | Munzen; Medaillen | MUNZEN; MEDAILLEN
http://w3id.org/zac/87374_lot_5,2,Adels-Diplome; Wappen-Diplome; Privilegien-Briefe; Stammbaume | MUNZEN; MEDAILLEN | Munzen; Medaillen
http://w3id.org/zac/87374_lot_50,2,Adels-Diplome; Wappen-Diplome; Privilegien-Briefe; Stammbaume | OGGETTI IN FERRO
http://w3id.org/zac/87374_lot_54,2,MINIATURE | MUNZEN; MEDAILLEN | Munzen; Medaillen
http://w3id.org/zac/87374_lot_587,2,MINIATURE | Porzellan; Fayencen
http://w3id.org/zac/87374_lot_72,2,LETTERE | PORCELLANE
http://w3id.org/zac/87374_lot_75,2,Adels-Diplome; Wappen-Diplome; Privilegien-Briefe; Stammbaume | OGGETTI IN ORO
http://w3id.org/zac/87374_lot_817,2,Bronze; Kupfer | BRONZE; KUPFER | Mobel; Gerathe
http://w3id.org/zac/87374_lot_85,2,MINIATURE | OGGETTI VARI
http://w3id.org/zac/87374_lot_86,2,Adels-Diplome; Wappen-Diplome; Privilegien-Briefe; Stammbaume | Arbeiten in Leder; Textil-Arbeiten
http://w3id.org/zac/87374_lot_9,2,Adels-Diplome; Wappen-Diplome; Privilegien-Briefe; Stammbaume | Munzen; Medaillen | MUNZEN; MEDAILLEN
http://w3id.org/zac/87374_lot_92,2,Adels-Diplome; Wappen-Diplome; Privilegien-Briefe; Stammbaume | OGGETTI IN METALLO
http://w3id.org/zac/87374_lot_99,2,Adels-Diplome; Wappen-Diplome; Privilegien-Briefe; Stammbaume | Eisen; Zinn
http://w3id.org/zac/87375_lot_1,2,OGGETTI VARI | VETRI
http://w3id.org/zac/87375_lot_12,2,OGGETTI VARI | VETRI
http://w3id.org/zac/87375_lot_4,2,SCATOLE | VETRI
http://w3id.org/zac/87378_lot_1,2,PORCELLANE | VASI
http://w3id.org/zac/87378_lot_11,2,PORCELLANE | SCULTURE
http://w3id.org/zac/87378_lot_16,2,SCULTURE | PORCELAINES; FAIENCES | Porcelaines; Faiences | Porcelaines; faiences
http://w3id.org/zac/87378_lot_18,2,SCULTURE | VASI
http://w3id.org/zac/87378_lot_26,2,OGGETTI IN PELTRO | VASI
http://w3id.org/zac/87378_lot_28,2,CANDELABRI | OGGETTI IN LEGNO
http://w3id.org/zac/87378_lot_5,2,VASI | SCULTURE
http://w3id.org/zac/87378_lot_6,2,BIANCHERIA | SCULTURE
http://w3id.org/zac/87378_lot_7,2,OGGETTI D'ARTE ORIENTALE | SCULTURE
http://w3id.org/zac/87378_lot_8,2,ARREDAMENTI | SCULTURE
http://w3id.org/zac/87378_lot_9,2,OGGETTI VARI | VASI
http://w3id.org/zac/87378_lot_I,2,PIATTI | VASI
http://w3id.org/zac/87380_lot_11,2,ARMI | OGGETTI VARI
http://w3id.org/zac/87380_lot_588,2,ARMI | OGGETTI IN FERRO
http://w3id.org/zac/87381_lot_12,2,OGGETTI IN RAME | VASI
http://w3id.org/zac/87381_lot_20,2,OGGETTI IN LEGNO | SCATOLE
http://w3id.org/zac/87381_lot_26,2,OGGETTI IN LEGNO | SCATOLE
http://w3id.org/zac/87381_lot_288,2,OGGETTI VARI | PIATTI
http://w3id.org/zac/87381_lot_33,2,OGGETTI IN ORO | SCATOLE
http://w3id.org/zac/87381_lot_365,2,COPPE | OGGETTI IN PIOMBO
http://w3id.org/zac/87381_lot_4,2,OGGETTI VARI | STAMPE E INCISIONI
http://w3id.org/zac/87381_lot_400,2,CORNICI | OGGETTI VARI
http://w3id.org/zac/87381_lot_9,2,OGGETTI IN RAME | OGGETTI IN LEGNO
http://w3id.org/zac/87381_lot_90,2,LAMPADE | SCATOLE
http://w3id.org/zac/87382_lot_13,2,ARGENTI | OGGETTI IN FERRO
http://w3id.org/zac/87382_lot_16,2,ALTERTÜMER | OGGETTI IN FERRO
http://w3id.org/zac/87382_lot_243,2,BRONZI | OGGETTI VARI
http://w3id.org/zac/87382_lot_9,2,OGGETTI IN FERRO | Riechbüchschen; Flacons
http://w3id.org/zac/87384_lot_I,2,ACQUERELLI | TERRECOTTE
http://w3id.org/zac/87385_lot_69,2,MINIATURE | PIATTI
http://w3id.org/zac/87386_lot_2,2,MINIATURE | OGGETTI IN LEGNO
http://w3id.org/zac/87388_lot_10,2,OGGETTI VARI | OGGETTI IN FERRO
http://w3id.org/zac/87388_lot_1011,2,BUCHER; URKUNDEN; KUPFERSTICHE; SPIELKARTEN | OGGETTI IN FERRO
http://w3id.org/zac/87388_lot_1580,2,BUCHER; URKUNDEN; KUPFERSTICHE; SPIELKARTEN | MINIATURE
http://w3id.org/zac/87389_lot_1,2,MARMI | OGGETTI VARI
http://w3id.org/zac/87389_lot_104,2,MARMI | OGGETTI VARI
http://w3id.org/zac/87389_lot_24,2,Glas; Email-Nippsachen; Bronze; Uhren; Schmuck; Miniaturen | Porzellan-Figuren; Gefasse; Tassen; Teller
http://w3id.org/zac/87389_lot_28,2,OROLOGI | VASI
http://w3id.org/zac/87389_lot_29,2,Orden; silberne Pokale; Prachtdegen; Reitpeitschen | Porzellan-Figuren; Gefasse; Tassen; Teller
http://w3id.org/zac/87389_lot_30,2,VASI | Porzellan-Figuren; Gefasse; Tassen; Teller
http://w3id.org/zac/87389_lot_72,2,MARMI | OGGETTI VARI
http://w3id.org/zac/87390_lot_92,2,MINIATURE | OGGETTI VARI
http://w3id.org/zac/87395_lot_10,2,ARGENTI | DIPINTI
http://w3id.org/zac/87395_lot_16,2,Bronce; Elfenbein; Glas; Schildpatt | DIPINTI
http://w3id.org/zac/87395_lot_2,2,DIPINTI | BRONZI
http://w3id.org/zac/87395_lot_23,2,Mondlandschaft | PORCELLANE
http://w3id.org/zac/87395_lot_26,2,DIPINTI | GOLD; SILBER | Gold; Silber
http://w3id.org/zac/87395_lot_34,2,Huigellandschaft | VETRI
http://w3id.org/zac/87395_lot_35,2,DIPINTI | ARGENTI
http://w3id.org/zac/87395_lot_5,2,DIPINTI | BRONZI
http://w3id.org/zac/87395_lot_7,2,Jagdstick | SCATOLE
http://w3id.org/zac/87395_lot_81,2,DIPINTI | Marine
http://w3id.org/zac/87395_lot_9,2,DIPINTI | GOLD; SILBER | Gold; Silber
http://w3id.org/zac/87396_lot_111,2,CERAMICHE | Topfereien; Fayencen; Thon; Porzellan
http://w3id.org/zac/87396_lot_1128,2,OGGETTI IN ORO | SCATOLE
http://w3id.org/zac/87396_lot_12,2,Mobel; Gerathe | Topfereien; Fayencen; Thon; Porzellan
http://w3id.org/zac/87396_lot_13,2,OGGETTI IN LEGNO | OGGETTI VARI
http://w3id.org/zac/87396_lot_16,2,Kupfer; Bronze | Topfereien; Fayencen; Thon; Porzellan
http://w3id.org/zac/87396_lot_1607,2,Munzen; Medaillen | MUNZEN; MEDAILLEN | OGGETTI IN LEGNO
http://w3id.org/zac/87396_lot_18,2,Kupfer; Bronze | Topfereien; Fayencen; Thon; Porzellan
http://w3id.org/zac/87396_lot_1800,2,OGGETTI IN LEGNO | TERRECOTTE
http://w3id.org/zac/87396_lot_19,2,OGGETTI IN LEGNO | Topfereien; Fayencen; Thon; Porzellan
http://w3id.org/zac/87396_lot_2,2,OGGETTI VARI | Topfereien; Fayencen; Thon; Porzellan
http://w3id.org/zac/87396_lot_20,2,OGGETTI IN FERRO | Topfereien; Fayencen; Thon; Porzellan
http://w3id.org/zac/87396_lot_2091,2,AVORI | Mobel; Gerathe
http://w3id.org/zac/87396_lot_21,2,Topfereien; Fayencen; Thon; Porzellan | Siegelstampfen; Stempel
http://w3id.org/zac/87396_lot_236,2,ARMI | AVORI
http://w3id.org/zac/87396_lot_24,2,ARMI | Topfereien; Fayencen; Thon; Porzellan
http://w3id.org/zac/87396_lot_2497,2,OGGETTI IN PIOMBO | Zeichnungen; Kupferstiche; Lithographieen
http://w3id.org/zac/87396_lot_26,2,OGGETTI IN LEGNO | Topfereien; Fayencen; Thon; Porzellan
http://w3id.org/zac/87396_lot_27,2,Mobel; Gerathe | Topfereien; Fayencen; Thon; Porzellan
http://w3id.org/zac/87396_lot_3,2,OGGETTI IN LEGNO | VASI
http://w3id.org/zac/87396_lot_34,2,Mobel; Gerathe | SCATOLE
http://w3id.org/zac/87396_lot_35,2,ARMI | Topfereien; Fayencen; Thon; Porzellan
http://w3id.org/zac/87396_lot_39,2,ANTICHITA' | VASI
http://w3id.org/zac/87396_lot_4,2,ANTICHITA' | OGGETTI IN LATTA
http://w3id.org/zac/87396_lot_40,2,OGGETTI IN LEGNO | Topfereien; Fayencen; Thon; Porzellan
http://w3id.org/zac/87396_lot_43,2,OGGETTI IN LATTA | OGGETTI IN LEGNO
http://w3id.org/zac/87396_lot_48,2,ARMI | Topfereien; Fayencen; Thon; Porzellan
http://w3id.org/zac/87396_lot_51,2,Topfereien; Fayencen; Thon; Porzellan | SMALTI
http://w3id.org/zac/87396_lot_55,2,Mobel; Gerathe | Topfereien; Fayencen; Thon; Porzellan
http://w3id.org/zac/87396_lot_76,2,OGGETTI IN LEGNO | Topfereien; Fayencen; Thon; Porzellan
http://w3id.org/zac/87396_lot_I,2,BRONZI | Stein; Horn; Perlmutter; Lack
http://w3id.org/zac/87400_lot_I,2,OGGETTI VARI | SPECCHI
http://w3id.org/zac/87403_lot_2,2,ARGENTI | MAIOLICHE
http://w3id.org/zac/87403_lot_247,2,ARGENTI | MAIOLICHE
http://w3id.org/zac/87403_lot_477,2,ARGENTI | OGGETTI VARI
http://w3id.org/zac/87403_lot_I,2,ARGENTI | OGGETTI VARI
http://w3id.org/zac/87404_lot_I,2,CAMINI | OGGETTI VARI
http://w3id.org/zac/87406_lot_105,2,DIPINTI | OGGETTI IN LEGNO
http://w3id.org/zac/87406_lot_2,2,OGGETTI IN FERRO | OGGETTI IN LEGNO
http://w3id.org/zac/87406_lot_209,2,MINIATURE | SMALTI
http://w3id.org/zac/87406_lot_219,2,OGGETTI IN LEGNO | SMALTI
http://w3id.org/zac/87406_lot_94,2,DIPINTI | SMALTI
http://w3id.org/zac/87407_lot_1,2,CERAMICHE | Holz; Mobel
http://w3id.org/zac/87407_lot_105,2,OGGETTI VARI | OGGETTI IN RAME
http://w3id.org/zac/87407_lot_11,2,ARMI | Thon; Porzellan; Glas
http://w3id.org/zac/87407_lot_110,2,OGGETTI IN FERRO | Zinn; Blei; Stein; Wachs
http://w3id.org/zac/87407_lot_12,2,BRONZI | Thon; Porzellan; Glas
http://w3id.org/zac/87407_lot_13,2,ARMI | VETRI
http://w3id.org/zac/87407_lot_165,2,OGGETTI IN FERRO | TESSUTI
http://w3id.org/zac/87407_lot_17,2,Emaille; Elfenbein | OGGETTI IN FERRO
http://w3id.org/zac/87407_lot_3,2,OGGETTI IN RAME | Thon; Porzellan; Glas
http://w3id.org/zac/87407_lot_38,2,Holz; Mobel | OGGETTI IN LEGNO
http://w3id.org/zac/87407_lot_6,2,ARMI | Thon; Porzellan; Glas
http://w3id.org/zac/87407_lot_66,2,MINIATURE | OGGETTI IN RAME
http://w3id.org/zac/87410_lot_I,2,OGGETTI VARI | OGGETTI IN LEGNO
http://w3id.org/zac/87411_lot_1,2,OGGETTI IN ORO | OROLOGI
http://w3id.org/zac/87411_lot_I,2,BIANCHERIA | OGGETTI VARI
http://w3id.org/zac/87412_lot_10,2,DIPINTI | Porzellan; Glaser; Kruge; Majoliken
http://w3id.org/zac/87412_lot_11,2,DIPINTI | Porzellan; Glaser; Kruge; Majoliken
http://w3id.org/zac/87412_lot_13,2,OGGETTI IN LEGNO | Porzellan; Glaser; Kruge; Majoliken
http://w3id.org/zac/87412_lot_16,2,DIPINTI | Porzellan; Glaser; Kruge; Majoliken
http://w3id.org/zac/87412_lot_18,2,DIPINTI | Porzellan; Glaser; Kruge; Majoliken
http://w3id.org/zac/87412_lot_19,2,OGGETTI IN LEGNO | Porzellan; Glaser; Kruge; Majoliken
http://w3id.org/zac/87412_lot_20,2,ARREDAMENTI | Porzellan; Glaser; Kruge; Majoliken
http://w3id.org/zac/87412_lot_21,2,MOBILI | Porzellan; Glaser; Kruge; Majoliken
http://w3id.org/zac/87412_lot_22,2,OGGETTI IN RAME | Porzellan; Glaser; Kruge; Majoliken
http://w3id.org/zac/87412_lot_23,2,OGGETTI VARI | Porzellan; Glaser; Kruge; Majoliken
http://w3id.org/zac/87412_lot_29,2,OGGETTI VARI | Porzellan; Glaser; Kruge; Majoliken
http://w3id.org/zac/87412_lot_4,2,MOBILI | Porzellan; Glaser; Kruge; Majoliken
http://w3id.org/zac/87412_lot_8,2,DIPINTI | Porzellan; Glaser; Kruge; Majoliken
http://w3id.org/zac/87415_lot_16,2,Arbeiten in Thon; Majoliken; Krige | SPARTITI MUSICALI
http://w3id.org/zac/87415_lot_6,2,Arbeiten in Thon; Majoliken; Krige | GIOIELLI
http://w3id.org/zac/87417_lot_I,2,BRONZI | ARAZZI
http://w3id.org/zac/87419_lot_3,2,CORNICI | OGGETTI D'ARTE
http://w3id.org/zac/87419_lot_4,2,OGGETTI IN LEGNO | OGGETTI D'ARTE
http://w3id.org/zac/87420_lot_25,2,LIBRI | OGGETTI IN LATTA
http://w3id.org/zac/87420_lot_27,2,VASI | VETRI
http://w3id.org/zac/87420_lot_33,2,CERAMICHE | LIBRI
http://w3id.org/zac/87420_lot_35,2,CERAMICHE | VETRI
http://w3id.org/zac/87420_lot_36,2,VETRI | VASI DA FARMACIA
http://w3id.org/zac/87420_lot_41,2,CERAMICHE | VETRI
http://w3id.org/zac/87420_lot_42,2,CERAMICHE | VETRI
http://w3id.org/zac/87420_lot_44,2,CERAMICHE | VETRI
http://w3id.org/zac/87420_lot_48,2,OGGETTI IN LATTA | VETRI
http://w3id.org/zac/87420_lot_7,2,CERAMICHE | Mobel; Spiegel
http://w3id.org/zac/87421_lot_1,2,MEDAGLIE | SPECCHI
http://w3id.org/zac/87421_lot_13,2,CAMEI | CERAMICHE
http://w3id.org/zac/87421_lot_16,2,MEDAGLIE | SPECCHI
http://w3id.org/zac/87421_lot_17,2,CAMEI | OGGETTI IN LEGNO
http://w3id.org/zac/87421_lot_18,2,MOBILI | OROLOGI
http://w3id.org/zac/87421_lot_23,2,CAMEI | MOBILI
http://w3id.org/zac/87421_lot_8,2,MOBILI | PORCELLANE
http://w3id.org/zac/87421_lot_I,2,MEDAGLIE | PORCELLANE
http://w3id.org/zac/87424_lot_101,2,ARGENTI | MONETE
http://w3id.org/zac/87424_lot_102,2,ARGENTI | MONETE
http://w3id.org/zac/87424_lot_104,2,ARGENTI | MONETE
http://w3id.org/zac/87424_lot_106,2,ARGENTI | MONETE
http://w3id.org/zac/87424_lot_109,2,ARGENTI | MONETE
http://w3id.org/zac/87424_lot_113,2,ARGENTI | MONETE
http://w3id.org/zac/87424_lot_115,2,ARGENTI | MONETE
http://w3id.org/zac/87424_lot_117,2,ARGENTI | MONETE
http://w3id.org/zac/87424_lot_122,2,ARGENTI | MONETE
http://w3id.org/zac/87424_lot_123,2,ARGENTI | MONETE
http://w3id.org/zac/87424_lot_133,2,ARGENTI | MONETE
http://w3id.org/zac/87424_lot_134,2,MONETE | SCATOLE
http://w3id.org/zac/87424_lot_135,2,ARGENTI | MONETE
http://w3id.org/zac/87424_lot_142,2,BRONZI | MONETE
http://w3id.org/zac/87424_lot_146,2,BRONZI | MONETE
http://w3id.org/zac/87424_lot_152,2,BRONZI | MONETE
http://w3id.org/zac/87424_lot_155,2,BRONZI | MONETE
http://w3id.org/zac/87424_lot_158,2,MONETE | LAMPADE
http://w3id.org/zac/87424_lot_159,2,Bronce; Kupfer; Messing | MONETE
http://w3id.org/zac/87424_lot_165,2,ARGENTI | OGGETTI IN RAME
http://w3id.org/zac/87424_lot_166,2,BRONZI | MONETE
http://w3id.org/zac/87424_lot_169,2,BRONZI | MONETE
http://w3id.org/zac/87424_lot_171,2,Bronce; Kupfer; Messing | MONETE
http://w3id.org/zac/87424_lot_172,2,Bronce; Kupfer; Messing | MONETE
http://w3id.org/zac/87424_lot_175,2,ARGENTI | OGGETTI IN RAME
http://w3id.org/zac/87424_lot_178,2,MONETE | OGGETTI IN RAME
http://w3id.org/zac/87424_lot_179,2,MONETE | OGGETTI IN RAME
http://w3id.org/zac/87424_lot_183,2,Bronce; Kupfer; Messing | MONETE
http://w3id.org/zac/87424_lot_188,2,Bronce; Kupfer; Messing | MONETE
http://w3id.org/zac/87424_lot_189,2,Bronce; Kupfer; Messing | MONETE
http://w3id.org/zac/87424_lot_191,2,MONETE | OTTONI
http://w3id.org/zac/87424_lot_196,2,MONETE | OTTONI
http://w3id.org/zac/87424_lot_198,2,Bronce; Kupfer; Messing | MONETE
http://w3id.org/zac/87424_lot_199,2,MONETE | OGGETTI IN RAME
http://w3id.org/zac/87424_lot_201,2,Bronce; Kupfer; Messing | ARGENTI
http://w3id.org/zac/87424_lot_205,2,ARGENTI | OTTONI
http://w3id.org/zac/87424_lot_206,2,BRONZI | STAMPE E INCISIONI
http://w3id.org/zac/87424_lot_209,2,MONETE | OGGETTI IN METALLO
http://w3id.org/zac/87424_lot_212,2,MONETE | OTTONI
http://w3id.org/zac/87424_lot_213,2,MONETE | OGGETTI IN ORO
http://w3id.org/zac/87424_lot_214,2,Bronce; Kupfer; Messing | MONETE
http://w3id.org/zac/87424_lot_216,2,Bronce; Kupfer; Messing | MONETE
http://w3id.org/zac/87424_lot_217,2,BRONZI | MONETE
http://w3id.org/zac/87424_lot_218,2,MONETE | OGGETTI IN LATTA
http://w3id.org/zac/87424_lot_224,2,MONETE | Zinn; Stahl; Eisen; Blei
http://w3id.org/zac/87424_lot_227,2,MONETE | Zinn; Stahl; Eisen; Blei
http://w3id.org/zac/87424_lot_228,2,ARGENTI | OGGETTI IN LATTA
http://w3id.org/zac/87424_lot_229,2,MONETE | Zinn; Stahl; Eisen; Blei
http://w3id.org/zac/87424_lot_231,2,MONETE | Zinn; Stahl; Eisen; Blei
http://w3id.org/zac/87424_lot_234,2,MONETE | OGGETTI IN METALLO
http://w3id.org/zac/87424_lot_235,2,MONETE | OGGETTI IN METALLO
http://w3id.org/zac/87424_lot_236,2,MONETE | OGGETTI IN METALLO
http://w3id.org/zac/87424_lot_237,2,MONETE | OGGETTI IN RAME
http://w3id.org/zac/87424_lot_240,2,ARGENTI | OGGETTI IN FERRO
http://w3id.org/zac/87424_lot_243,2,MONETE | OGGETTI IN FERRO
http://w3id.org/zac/87424_lot_244,2,OGGETTI IN FERRO | OGGETTI IN ORO
http://w3id.org/zac/87424_lot_245,2,OGGETTI IN FERRO | OGGETTI IN RAME
http://w3id.org/zac/87424_lot_246,2,MONETE | OGGETTI IN FERRO
http://w3id.org/zac/87424_lot_247,2,MONETE | Zinn; Stahl; Eisen; Blei
http://w3id.org/zac/87424_lot_248,2,MONETE | OGGETTI IN FERRO
http://w3id.org/zac/87424_lot_249,2,ARGENTI | OGGETTI IN FERRO
http://w3id.org/zac/87424_lot_251,2,MONETE | OGGETTI IN FERRO
http://w3id.org/zac/87424_lot_252,2,MONETE | OGGETTI IN FERRO
http://w3id.org/zac/87424_lot_253,2,MONETE | Zinn; Stahl; Eisen; Blei
http://w3id.org/zac/87424_lot_254,2,MONETE | OGGETTI IN FERRO
http://w3id.org/zac/87424_lot_255,2,MONETE | OGGETTI IN FERRO
http://w3id.org/zac/87424_lot_256,2,MONETE | OGGETTI IN PIOMBO
http://w3id.org/zac/87424_lot_257,2,MONETE | OGGETTI IN FERRO
http://w3id.org/zac/87424_lot_258,2,MONETE | OGGETTI IN FERRO
http://w3id.org/zac/87424_lot_259,2,MONETE | Zinn; Stahl; Eisen; Blei
http://w3id.org/zac/87424_lot_261,2,MONETE | OGGETTI IN FERRO
http://w3id.org/zac/87424_lot_262,2,ARGENTI | OGGETTI IN PIOMBO
http://w3id.org/zac/87424_lot_266,2,DECORAZIONI DA PARETE | Siegelstampfen; Petschaften; Gemmen
http://w3id.org/zac/87424_lot_269,2,BRONZI | Siegelstampfen; Petschaften; Gemmen
http://w3id.org/zac/87424_lot_271,2,ARGENTI | Siegelstampfen; Petschaften; Gemmen
http://w3id.org/zac/87424_lot_272,2,MONETE | Siegelstampfen; Petschaften; Gemmen
http://w3id.org/zac/87424_lot_277,2,MONETE | OGGETTI VARI
http://w3id.org/zac/87424_lot_281,2,MONETE | OGGETTI IN FERRO
http://w3id.org/zac/87424_lot_282,2,OGGETTI VARI | OGGETTI IN RAME
http://w3id.org/zac/87424_lot_283,2,ARGENTI | Siegelstampfen; Petschaften; Gemmen
http://w3id.org/zac/87424_lot_287,2,ARGENTI | Siegelstampfen; Petschaften; Gemmen
http://w3id.org/zac/87424_lot_289,2,MONETE | Siegelstampfen; Petschaften; Gemmen
http://w3id.org/zac/87424_lot_291,2,ARGENTI | OGGETTI VARI
http://w3id.org/zac/87424_lot_292,2,OGGETTI IN RAME | OGGETTI VARI
http://w3id.org/zac/87424_lot_298,2,ARGENTI | Siegelstampfen; Petschaften; Gemmen
http://w3id.org/zac/87424_lot_299,2,MONETE | Siegelstampfen; Petschaften; Gemmen
http://w3id.org/zac/87424_lot_302,2,CAMEI | ARGENTI
http://w3id.org/zac/87424_lot_303,2,MONETE | Siegelstampfen; Petschaften; Gemmen
http://w3id.org/zac/87424_lot_304,2,CORNA DI CERVO | Siegelstampfen; Petschaften; Gemmen
http://w3id.org/zac/87424_lot_308,2,ANTICHITA' | Siegelstampfen; Petschaften; Gemmen
http://w3id.org/zac/87424_lot_311,2,ANTICHITA' | Siegelstampfen; Petschaften; Gemmen
http://w3id.org/zac/87424_lot_312,2,OGGETTI IN RAME | Siegelstampfen; Petschaften; Gemmen
http://w3id.org/zac/87424_lot_313,2,BRONZI | Siegelstampfen; Petschaften; Gemmen
http://w3id.org/zac/87424_lot_314,2,OGGETTI IN LATTA | Siegelstampfen; Petschaften; Gemmen
http://w3id.org/zac/87424_lot_317,2,OGGETTI IN LATTA | Siegelstampfen; Petschaften; Gemmen
http://w3id.org/zac/87424_lot_318,2,ANTICHITA' | SCATOLE
http://w3id.org/zac/87424_lot_319,2,ANTICHITA' | CAMEI
http://w3id.org/zac/87424_lot_321,2,OGGETTI IN RAME | Siegelstampfen; Petschaften; Gemmen
http://w3id.org/zac/87424_lot_322,2,ANTICHITA' | Siegelstampfen; Petschaften; Gemmen
http://w3id.org/zac/87424_lot_323,2,BRONZI | Siegelstampfen; Petschaften; Gemmen
http://w3id.org/zac/87424_lot_324,2,ARGENTI | Siegelstampfen; Petschaften; Gemmen
http://w3id.org/zac/87424_lot_325,2,ANTICHITA' | Siegelstampfen; Petschaften; Gemmen
http://w3id.org/zac/87424_lot_326,2,ANTICHITA' | Siegelstampfen; Petschaften; Gemmen
http://w3id.org/zac/87424_lot_327,2,ANTICHITA' | Siegelstampfen; Petschaften; Gemmen
http://w3id.org/zac/87424_lot_328,2,OGGETTI IN LATTA | Siegelstampfen; Petschaften; Gemmen
http://w3id.org/zac/87424_lot_332,2,OTTONI | Siegelstampfen; Petschaften; Gemmen
http://w3id.org/zac/87424_lot_333,2,CAMEI | OGGETTI IN ORO
http://w3id.org/zac/87424_lot_334,2,OGGETTI IN LATTA | Siegelstampfen; Petschaften; Gemmen
http://w3id.org/zac/87424_lot_335,2,AVORI | Siegelstampfen; Petschaften; Gemmen
http://w3id.org/zac/87424_lot_336,2,OGGETTI IN FERRO | Siegelstampfen; Petschaften; Gemmen
http://w3id.org/zac/87424_lot_339,2,OGGETTI IN LEGNO | Siegelstampfen; Petschaften; Gemmen
http://w3id.org/zac/87424_lot_34,2,ANTICHITA' | OGGETTI IN ORO
http://w3id.org/zac/87424_lot_341,2,ANTICHITA' | OGGETTI IN ORO
http://w3id.org/zac/87424_lot_346,2,Glasgemalde; Miniaturen | Textilsachen; Spitzen
http://w3id.org/zac/87424_lot_348,2,Glasgemalde; Miniaturen | SCATOLE
http://w3id.org/zac/87424_lot_349,2,Glasgemalde; Miniaturen | SCATOLE
http://w3id.org/zac/87424_lot_355,2,Glasgemalde; Miniaturen | SCATOLE
http://w3id.org/zac/87424_lot_356,2,OGGETTI IN RAME | SCATOLE
http://w3id.org/zac/87424_lot_359,2,ARGENTI | Glasgemalde; Miniaturen
http://w3id.org/zac/87424_lot_362,2,ARGENTI | MINIATURE
http://w3id.org/zac/87424_lot_367,2,ARGENTI | Gemalde; Stiche
http://w3id.org/zac/87424_lot_368,2,ARGENTI | Gemalde; Stiche
http://w3id.org/zac/87424_lot_369,2,CORNICI | Gemalde; Stiche
http://w3id.org/zac/87424_lot_372,2,FOTOGRAFIE | Gemalde; Stiche
http://w3id.org/zac/87424_lot_375,2,Gemalde; Stiche | Textilsachen; Spitzen
http://w3id.org/zac/87424_lot_376,2,Gemalde; Stiche | OGGETTI IN ORO
http://w3id.org/zac/87424_lot_378,2,OGGETTI IN LEGNO | Textilsachen; Spitzen
http://w3id.org/zac/87424_lot_379,2,Gemalde; Stiche | Textilsachen; Spitzen
http://w3id.org/zac/87424_lot_386,2,Gemalde; Stiche | Textilsachen; Spitzen
http://w3id.org/zac/87424_lot_387,2,Gemalde; Stiche | Textilsachen; Spitzen
http://w3id.org/zac/87424_lot_389,2,OGGETTI IN LEGNO | Textilsachen; Spitzen
http://w3id.org/zac/87424_lot_391,2,OGGETTI IN LEGNO | Textilsachen; Spitzen
http://w3id.org/zac/87424_lot_393,2,DIPINTI | Textilsachen; Spitzen
http://w3id.org/zac/87424_lot_396,2,Gemalde; Stiche | Textilsachen; Spitzen
http://w3id.org/zac/87424_lot_397,2,DIPINTI | Holz; Meubles
http://w3id.org/zac/87424_lot_398,2,Gemalde; Stiche | Holz; Meubles
http://w3id.org/zac/87424_lot_401,2,Gemalde; Stiche | OGGETTI IN LEGNO
http://w3id.org/zac/87424_lot_403,2,Gemalde; Stiche | OGGETTI IN LEGNO
http://w3id.org/zac/87424_lot_404,2,Holz; Meubles | STAMPE E INCISIONI
http://w3id.org/zac/87424_lot_408,2,BRONZI | STAMPE E INCISIONI
http://w3id.org/zac/87424_lot_409,2,Gemalde; Stiche | OGGETTI IN LEGNO
http://w3id.org/zac/87424_lot_412,2,OGGETTI IN LEGNO | STAMPE E INCISIONI
http://w3id.org/zac/87424_lot_413,2,Gemalde; Stiche | OGGETTI IN LEGNO
http://w3id.org/zac/87424_lot_416,2,Gemalde; Stiche | OGGETTI IN LEGNO
http://w3id.org/zac/87424_lot_417,2,Gemalde; Stiche | Holz; Meubles
http://w3id.org/zac/87424_lot_418,2,Gemalde; Stiche | OGGETTI IN LEGNO
http://w3id.org/zac/87424_lot_419,2,Holz; Meubles | Gemalde; Stiche
http://w3id.org/zac/87424_lot_42,2,MONETE | PORCELLANE
http://w3id.org/zac/87424_lot_421,2,Holz; Meubles | Gemalde; Stiche
http://w3id.org/zac/87424_lot_422,2,Gemalde; Stiche | OGGETTI IN LEGNO
http://w3id.org/zac/87424_lot_423,2,Gemalde; Stiche | OGGETTI VARI
http://w3id.org/zac/87424_lot_425,2,Holz; Meubles | OGGETTI IN RAME
http://w3id.org/zac/87424_lot_426,2,OGGETTI IN LEGNO | STAMPE E INCISIONI
http://w3id.org/zac/87424_lot_428,2,Gemalde; Stiche | Holz; Meubles
http://w3id.org/zac/87424_lot_429,2,FOTOGRAFIE | OGGETTI IN LEGNO
http://w3id.org/zac/87424_lot_441,2,Holz; Meubles | STAMPE E INCISIONI
http://w3id.org/zac/87424_lot_442,2,OGGETTI IN LEGNO | STAMPE E INCISIONI
http://w3id.org/zac/87424_lot_443,2,OGGETTI IN LEGNO | SCATOLE
http://w3id.org/zac/87424_lot_446,2,OGGETTI IN LEGNO | PORCELLANE
http://w3id.org/zac/87424_lot_448,2,OGGETTI IN LEGNO | PORCELLANE
http://w3id.org/zac/87424_lot_449,2,OGGETTI IN LEGNO | VASI
http://w3id.org/zac/87424_lot_451,2,OGGETTI IN LATTA | OGGETTI IN LEGNO
http://w3id.org/zac/87424_lot_48,2,ANTICHITA' | OGGETTI IN ORO
http://w3id.org/zac/87424_lot_681,2,OGGETTI VARI | Porzellan; Fayence; Steingut; Glaser
http://w3id.org/zac/87424_lot_839,2,OGGETTI IN ORO | Waffen; Rehgeweihe; Stocke; Musikinstrumente
http://w3id.org/zac/87425_lot_110,2,ARMI | MAIOLICHE
http://w3id.org/zac/87425_lot_120,2,ARMI | PIATTI
http://w3id.org/zac/87425_lot_130,2,MOBILI | OGGETTI IN RAME
http://w3id.org/zac/87425_lot_150,2,ARMI | TESSUTI
http://w3id.org/zac/87425_lot_20,2,ARMI | TAPPETI
http://w3id.org/zac/87425_lot_23,2,MOBILI | OGGETTI VARI
http://w3id.org/zac/87425_lot_230,2,ARMI | MOBILI
http://w3id.org/zac/87425_lot_3,2,DIPINTI | GIOIELLI
http://w3id.org/zac/87425_lot_30,2,MAIOLICHE | MOBILI
http://w3id.org/zac/87425_lot_300,2,GIOIELLI | MAIOLICHE
http://w3id.org/zac/87425_lot_310,2,DIPINTI | GIOIELLI
http://w3id.org/zac/87425_lot_4,2,DIPINTI | TAPPETI
http://w3id.org/zac/87425_lot_40,2,ARMI | MAIOLICHE
http://w3id.org/zac/87425_lot_6,2,DIPINTI | MAIOLICHE
http://w3id.org/zac/87425_lot_8,2,SMALTI | PORCELLANE
http://w3id.org/zac/87425_lot_85,2,ARMI | SMALTI
http://w3id.org/zac/87426_lot_15,2,Muinzen; Medaillen | OGGETTI IN LEGNO
http://w3id.org/zac/87426_lot_17,2,MEDAGLIE | Muinzen; Medaillen
http://w3id.org/zac/87426_lot_33,2,Muinzen; Medaillen | Uhren; Mobel
http://w3id.org/zac/87426_lot_34,2,Muinzen; Medaillen | Uhren; Mobel
http://w3id.org/zac/87426_lot_35,2,Muinzen; Medaillen | Uhren; Mobel
http://w3id.org/zac/87426_lot_38,2,Muinzen; Medaillen | OGGETTI IN METALLO
http://w3id.org/zac/87426_lot_39,2,Muinzen; Medaillen | OGGETTI IN METALLO
http://w3id.org/zac/87426_lot_4,2,Holz; Elfenbein; Miniaturen | Uhren; Mobel
http://w3id.org/zac/87426_lot_43,2,Muinzen; Medaillen | OGGETTI IN LEGNO
http://w3id.org/zac/87426_lot_45,2,Muinzen; Medaillen | OGGETTI IN LEGNO
http://w3id.org/zac/87426_lot_46,2,Muinzen; Medaillen | OGGETTI IN LEGNO
http://w3id.org/zac/87427_lot_10,2,MAIOLICHE | PORCELLANE
http://w3id.org/zac/87427_lot_11,2,MAIOLICHE | OGGETTI VARI
http://w3id.org/zac/87427_lot_12,2,MAIOLICHE | VASI
http://w3id.org/zac/87427_lot_13,2,VASI | PORCELLANE
http://w3id.org/zac/87427_lot_14,2,MAIOLICHE | PORCELLANE
http://w3id.org/zac/87427_lot_15,2,MAIOLICHE | PORCELLANE
http://w3id.org/zac/87427_lot_16,2,MAIOLICHE | PORCELLANE
http://w3id.org/zac/87427_lot_17,2,MAIOLICHE | PORCELLANE
http://w3id.org/zac/87427_lot_2,2,CERAMICHE | PORCELLANE
http://w3id.org/zac/87427_lot_4,2,PORCELLANE | VASI
http://w3id.org/zac/87427_lot_6,2,BRONZI | PORCELLANE
http://w3id.org/zac/87427_lot_7,2,CERAMICHE | PORCELLANE
http://w3id.org/zac/87427_lot_8,2,CERAMICHE | PORCELLANE
http://w3id.org/zac/87427_lot_9,2,MAIOLICHE | PORCELLANE
http://w3id.org/zac/87428_lot_I,2,DIPINTI | OGGETTI IN LEGNO
http://w3id.org/zac/87432_lot_10,2,MONETE | OGGETTI VARI
http://w3id.org/zac/87432_lot_11,2,BIANCHERIA | OGGETTI VARI
http://w3id.org/zac/87432_lot_12,2,DIPINTI | OGGETTI IN ORO
http://w3id.org/zac/87432_lot_2,2,DIPINTI | OGGETTI LITURGICI
http://w3id.org/zac/87432_lot_27,2,DIPINTI | ANTICHITA'
http://w3id.org/zac/87432_lot_5,2,DIPINTI | OGGETTI VARI
http://w3id.org/zac/87432_lot_6,2,DIPINTI | OGGETTI VARI
http://w3id.org/zac/87432_lot_8,2,MONETE | OGGETTI IN LEGNO
http://w3id.org/zac/87436_lot_1,2,Atelier | OGGETTI VARI
http://w3id.org/zac/87436_lot_105,2,Atelier | OGGETTI VARI
http://w3id.org/zac/87436_lot_140,2,Atelier | OGGETTI VARI
http://w3id.org/zac/87436_lot_155,2,MOBILI | OGGETTI VARI
http://w3id.org/zac/87436_lot_2,2,ARREDAMENTI | OGGETTI VARI
http://w3id.org/zac/87436_lot_21,2,OGGETTI IN METALLO | OGGETTI VARI
http://w3id.org/zac/87436_lot_29,2,Atelier | MOBILI
http://w3id.org/zac/87436_lot_32,2,Atelier | OGGETTI VARI
http://w3id.org/zac/87436_lot_52,2,CORNICI | Atelier
http://w3id.org/zac/87436_lot_53,2,Atelier | MOBILI
http://w3id.org/zac/87436_lot_58,2,OGGETTI IN LEGNO | OGGETTI VARI
http://w3id.org/zac/87436_lot_6,2,Atelier | OGGETTI IN FERRO
http://w3id.org/zac/87436_lot_91,2,Atelier | OGGETTI VARI
http://w3id.org/zac/87436_lot_93,2,Atelier | OGGETTI VARI
http://w3id.org/zac/87437_lot_15,2,EISEN; ZINN; METALLE | MUSIKINSTRUMENTE; UHREN
http://w3id.org/zac/87437_lot_19,2,ARMI | MUSIKINSTRUMENTE; UHREN
http://w3id.org/zac/87437_lot_23,2,ARMI | Hirschgeweih
http://w3id.org/zac/87437_lot_28,2,ARMI | WAFFEN; RUSTUNGEN
http://w3id.org/zac/87437_lot_33,2,MUSIKINSTRUMENTE; UHREN | WAFFEN; RUSTUNGEN
http://w3id.org/zac/87437_lot_34,2,ARMI | WAFFEN; RUSTUNGEN
http://w3id.org/zac/87437_lot_43,2,ARMI | MUSIKINSTRUMENTE; UHREN
http://w3id.org/zac/87437_lot_44,2,ARMI | OGGETTI VARI
http://w3id.org/zac/87437_lot_46,2,MUSIKINSTRUMENTE; UHREN | WAFFEN; RUSTUNGEN
http://w3id.org/zac/87437_lot_48,2,ARMI | WAFFEN; RUSTUNGEN
http://w3id.org/zac/87437_lot_49,2,ARMI | WAFFEN; RUSTUNGEN
http://w3id.org/zac/87437_lot_56,2,MUSIKINSTRUMENTE; UHREN | WAFFEN; RUSTUNGEN
http://w3id.org/zac/87437_lot_564,2,ARMI | EMAILLEN; SILBER; MINIATUREN
http://w3id.org/zac/87437_lot_58,2,ARMI | MUSIKINSTRUMENTE; UHREN
http://w3id.org/zac/87437_lot_60,2,EMAILLEN; SILBER; MINIATUREN | WAFFEN; RUSTUNGEN
http://w3id.org/zac/87437_lot_62,2,ARMI | OGGETTI IN LATTA
http://w3id.org/zac/87437_lot_63,2,MUSIKINSTRUMENTE; UHREN | WAFFEN; RUSTUNGEN
http://w3id.org/zac/87437_lot_67,2,MUSIKINSTRUMENTE; UHREN | WAFFEN; RUSTUNGEN
http://w3id.org/zac/87437_lot_68,2,MUSIKINSTRUMENTE; UHREN | WAFFEN; RUSTUNGEN
http://w3id.org/zac/87437_lot_73,2,EMAILLEN; SILBER; MINIATUREN | WAFFEN; RUSTUNGEN
http://w3id.org/zac/87437_lot_786,2,MUSIKINSTRUMENTE; UHREN | EMAILLEN; SILBER; MINIATUREN
http://w3id.org/zac/87445_lot_6,2,COPPE | OGGETTI VARI
http://w3id.org/zac/87451_lot_1215,2,BAULI | Mobel; Einrichtungsgegenstande | MOBEL; EINRICHTUNGSGEGENSTANDE
http://w3id.org/zac/87451_lot_2,2,OGGETTI IN LEGNO | PIATTI
http://w3id.org/zac/87451_lot_296,2,SCATOLE | STAGNI
http://w3id.org/zac/87451_lot_3,2,GLASIRTE TOPFEREIEN; KRUGE | OGGETTI IN LEGNO
http://w3id.org/zac/87451_lot_31,2,GLASIRTE TOPFEREIEN; KRUGE | OGGETTI VARI
http://w3id.org/zac/87451_lot_4,2,GLASIRTE TOPFEREIEN; KRUGE | OGGETTI IN LEGNO
http://w3id.org/zac/87451_lot_45,2,GLASIRTE TOPFEREIEN; KRUGE | PIATTI
http://w3id.org/zac/87451_lot_5,2,GLASIRTE TOPFEREIEN; KRUGE | OGGETTI IN LEGNO
http://w3id.org/zac/87451_lot_560,2,ARGENTI | OGGETTI IN ORO
http://w3id.org/zac/87456_lot_1,2,BRONZE; KUPFER | Bronze; Kupfer | MAIOLICHE
http://w3id.org/zac/87456_lot_6042,2,OGGETTI IN RAME | OGGETTI IN ORO
http://w3id.org/zac/87456_lot_84,2,OGGETTI IN ORO | VASI
http://w3id.org/zac/87457_lot_15,2,MINIATURE | OGGETTI IN FERRO
http://w3id.org/zac/87457_lot_16,2,MINIATURE | OGGETTI IN FERRO
http://w3id.org/zac/87457_lot_3,2,MINIATURE | OGGETTI IN FERRO
http://w3id.org/zac/87457_lot_30,2,OGGETTI IN LEGNO | OGGETTI IN FERRO
http://w3id.org/zac/87457_lot_4,2,MINIATURE | OGGETTI IN FERRO
http://w3id.org/zac/87462_lot_1,2,OGGETTI VARI | PORCELLANE
http://w3id.org/zac/87462_lot_123,2,Arbeiten in Eisen; Arbeiten in Zinn | PORCELLANE
http://w3id.org/zac/87462_lot_991,2,MEDAGLIE | MAIOLICHE
http://w3id.org/zac/87465_lot_1231,2,ARGENTI | SCOMPARTI
http://w3id.org/zac/87467_lot_106,2,ARGENTI | MAIOLICHE
http://w3id.org/zac/87467_lot_6,2,OGGETTI IN ORO | THON; STEINGUT; MAJOLIKA
http://w3id.org/zac/87469_lot_1,2,desgleichen | OGGETTI IN ORO
http://w3id.org/zac/87477_lot_48,2,CORNICI | TESSUTI
http://w3id.org/zac/87477_lot_56,2,OGGETTI IN LEGNO | VASI
http://w3id.org/zac/87477_lot_6,2,Mobel; Arbeiten in Holz | OGGETTI IN LEGNO
http://w3id.org/zac/87478_lot_I,2,FOTOGRAFIE | SCATOLE
http://w3id.org/zac/87482_lot_1,2,BRONZI | OGGETTI VARI
http://w3id.org/zac/87482_lot_115,2,OGGETTI IN LEGNO | VASI
http://w3id.org/zac/87482_lot_12,2,CERAMICHE | PORCELLANE
http://w3id.org/zac/87482_lot_2,2,CERAMICHE | BRONZI
http://w3id.org/zac/87482_lot_21,2,INSETTI | VASI
http://w3id.org/zac/87482_lot_505,2,OGGETTI IN LEGNO | OGGETTI IN FERRO
http://w3id.org/zac/87482_lot_506,2,OGGETTI IN LEGNO | OGGETTI IN FERRO
http://w3id.org/zac/87482_lot_606,2,ACQUERELLI | OGGETTI VARI
http://w3id.org/zac/87483_lot_1,2,ARGENTI | MINIATURE
http://w3id.org/zac/87483_lot_10,2,ARREDAMENTI | ARGENTI
http://w3id.org/zac/87483_lot_150,2,ARGENTI | OGGETTI IN RAME
http://w3id.org/zac/87483_lot_292,2,ARGENTI | OGGETTI IN LEGNO
http://w3id.org/zac/87483_lot_317,2,ARGENTI | OGGETTI IN LEGNO
http://w3id.org/zac/87483_lot_5,2,OGGETTI IN PIETRA | PORCELLANE
http://w3id.org/zac/87483_lot_55,2,OGGETTI VARI | PORCELLANE
http://w3id.org/zac/87483_lot_581,2,OGGETTI IN LATTA | STAGNI
http://w3id.org/zac/87483_lot_592,2,ARGENTI | STAGNI
http://w3id.org/zac/87483_lot_6,2,MONETE | STAGNI
http://w3id.org/zac/87483_lot_836,2,MONETE | OGGETTI IN RAME
http://w3id.org/zac/87483_lot_95,2,ARGENTI | MONETE
http://w3id.org/zac/87483_lot_972,2,ARGENTI | SCATOLE
http://w3id.org/zac/87483_lot_I,2,CORNICI | OGGETTI IN LEGNO
http://w3id.org/zac/87487_lot_6,2,OGGETTI IN LEGNO | STAMPE E INCISIONI
http://w3id.org/zac/87493_lot_I,2,BIANCHERIA | OGGETTI VARI
http://w3id.org/zac/87495_lot_1,2,ARREDAMENTI | OGGETTI VARI
http://w3id.org/zac/87495_lot_15,2,ARREDAMENTI | OGGETTI VARI
http://w3id.org/zac/87495_lot_16,2,ARREDAMENTI | OGGETTI VARI
http://w3id.org/zac/87495_lot_2,2,ARREDAMENTI | OGGETTI IN LEGNO
http://w3id.org/zac/87495_lot_25,2,ARREDAMENTI | OGGETTI IN LEGNO
http://w3id.org/zac/87495_lot_30,2,ARREDAMENTI | OGGETTI IN LEGNO
http://w3id.org/zac/87495_lot_35,2,ARREDAMENTI | OGGETTI IN LEGNO
http://w3id.org/zac/87495_lot_7,2,ARREDAMENTI | OGGETTI IN LEGNO
http://w3id.org/zac/87496_lot_105,2,OGGETTI IN METALLO | OGGETTI IN LEGNO
http://w3id.org/zac/87496_lot_108,2,OGGETTI IN LEGNO | STAMPE E INCISIONI
http://w3id.org/zac/87496_lot_111,2,Handzeichnungen; Aquarelle | OGGETTI IN LEGNO
http://w3id.org/zac/87496_lot_115,2,ACQUERELLI | OGGETTI IN LEGNO
http://w3id.org/zac/87496_lot_125,2,BRONZI | OGGETTI IN LEGNO
http://w3id.org/zac/87496_lot_13,2,"Arbeiten in Steingut, Thon; Majoliken; Fayencen | OGGETTI IN LEGNO"
http://w3id.org/zac/87496_lot_130,2,LUSTRI | OGGETTI IN LEGNO
http://w3id.org/zac/87496_lot_14,2,OGGETTI IN LEGNO | PIATTI
http://w3id.org/zac/87496_lot_140,2,BRONZI | OGGETTI IN LEGNO
http://w3id.org/zac/87496_lot_15,2,OGGETTI IN LEGNO | OGGETTI IN RAME
http://w3id.org/zac/87496_lot_150,2,BRONZI | OGGETTI IN LEGNO
http://w3id.org/zac/87496_lot_163,2,BRONZI | OGGETTI IN LEGNO
http://w3id.org/zac/87496_lot_18,2,OGGETTI IN LEGNO | VASI
http://w3id.org/zac/87496_lot_19,2,OGGETTI IN FERRO | OGGETTI IN LEGNO
http://w3id.org/zac/87496_lot_2,2,OGGETTI IN LEGNO | STAGNI
http://w3id.org/zac/87496_lot_21,2,OGGETTI IN LEGNO | STAGNI
http://w3id.org/zac/87496_lot_217,2,OGGETTI IN LEGNO | OGGETTI IN FERRO
http://w3id.org/zac/87496_lot_23,2,OGGETTI IN LEGNO | STAGNI
http://w3id.org/zac/87496_lot_304,2,BRONZI | ACQUERELLI
http://w3id.org/zac/87496_lot_34,2,OGGETTI IN LEGNO | STAGNI
http://w3id.org/zac/87496_lot_350,2,BRONZI | OGGETTI IN RAME
http://w3id.org/zac/87496_lot_390,2,OGGETTI IN LEGNO | OGGETTI IN RAME
http://w3id.org/zac/87496_lot_4,2,OGGETTI IN FERRO | OGGETTI IN LEGNO
http://w3id.org/zac/87496_lot_403,2,BRONZI | OGGETTI VARI
http://w3id.org/zac/87496_lot_405,2,OGGETTI IN RAME | TESSUTI
http://w3id.org/zac/87496_lot_42,2,LUSTRI | OGGETTI IN LEGNO
http://w3id.org/zac/87496_lot_457,2,OGGETTI IN FERRO | SMALTI
http://w3id.org/zac/87496_lot_46,2,OGGETTI IN FERRO | OGGETTI IN LEGNO
http://w3id.org/zac/87496_lot_49,2,OGGETTI IN LEGNO | STAGNI
http://w3id.org/zac/87496_lot_5,2,OGGETTI IN LATTA | STAGNI
http://w3id.org/zac/87496_lot_52,2,OGGETTI IN LEGNO | STAGNI
http://w3id.org/zac/87496_lot_55,2,Arbeiten in Glas; Glasscheiben | OGGETTI IN LEGNO
http://w3id.org/zac/87496_lot_58,2,Arbeiten in Glas; Glasscheiben | OGGETTI IN LEGNO
http://w3id.org/zac/87496_lot_60,2,OGGETTI IN LEGNO | Rustungssticke; Kriegs- und Jagd-Waffen
http://w3id.org/zac/87496_lot_65,2,OGGETTI IN LEGNO | PORCELLANE
http://w3id.org/zac/87496_lot_68,2,OGGETTI VARI | OGGETTI IN LEGNO
http://w3id.org/zac/87496_lot_69,2,BRONZI | OGGETTI IN LEGNO
http://w3id.org/zac/87496_lot_7,2,Arbeiten in Email; Miniaturen | OGGETTI IN LEGNO
http://w3id.org/zac/87496_lot_730,2,Arbeiten in Email; Miniaturen | OGGETTI VARI
http://w3id.org/zac/87496_lot_75,2,Arbeiten in Email; Miniaturen | OGGETTI IN LEGNO
http://w3id.org/zac/87496_lot_76,2,Arbeiten in Email; Miniaturen | OGGETTI IN LEGNO
http://w3id.org/zac/87496_lot_8,2,OGGETTI VARI | OGGETTI IN LEGNO
http://w3id.org/zac/87496_lot_82,2,BRONZI | OGGETTI IN LEGNO
http://w3id.org/zac/87496_lot_98,2,"Arbeiten in Steingut, Thon; Majoliken; Fayencen | OGGETTI IN LEGNO"
http://w3id.org/zac/87496_lot_I,2,Arbeiten in Email; Miniaturen | ACQUERELLI
http://w3id.org/zac/87500_lot_100,2,DIPINTI | OGGETTI IN LEGNO
http://w3id.org/zac/87500_lot_170,2,ARGENTI | OGGETTI IN LEGNO
http://w3id.org/zac/87500_lot_190,2,ARGENTI | OGGETTI IN LEGNO
http://w3id.org/zac/87500_lot_235,2,ARGENTI | OGGETTI IN LEGNO
http://w3id.org/zac/87500_lot_250,2,ARGENTI | OGGETTI IN LEGNO
http://w3id.org/zac/87500_lot_30,2,AVORI | OGGETTI IN LEGNO
http://w3id.org/zac/87500_lot_35,2,LIBRI | DISEGNI
http://w3id.org/zac/87500_lot_36,2,OGGETTI IN LEGNO | OGGETTI IN RAME
http://w3id.org/zac/87500_lot_50,2,OGGETTI IN LEGNO | OROLOGI
http://w3id.org/zac/87500_lot_86,2,LIBRI | OGGETTI IN LEGNO
http://w3id.org/zac/87500_lot_95,2,AVORI | OGGETTI IN LEGNO
http://w3id.org/zac/87501_lot_4,2,CORNICI | Mobel; Holz-Sculpturen
http://w3id.org/zac/87505_lot_18,2,Silber; Elfenbein | Porzellane; Fayencen; Glaser
http://w3id.org/zac/87505_lot_19,2,Zinn; Eisen; Kupfer; Messing | Porzellane; Fayencen; Glaser
http://w3id.org/zac/87505_lot_23,2,Zinn; Eisen; Kupfer; Messing | Porzellane; Fayencen; Glaser
http://w3id.org/zac/87505_lot_34,2,Silber; Elfenbein | Zinn; Eisen; Kupfer; Messing
http://w3id.org/zac/87505_lot_35,2,OGGETTI VARI | OGGETTI IN LATTA
http://w3id.org/zac/87505_lot_37,2,ARGENTI | Zinn; Eisen; Kupfer; Messing
http://w3id.org/zac/87505_lot_38,2,Zinn; Eisen; Kupfer; Messing | Silber; Elfenbein
http://w3id.org/zac/87505_lot_39,2,Porzellane; Fayencen; Glaser | Zinn; Eisen; Kupfer; Messing
http://w3id.org/zac/87505_lot_41,2,Porzellane; Fayencen; Glaser | Zinn; Eisen; Kupfer; Messing
http://w3id.org/zac/87505_lot_42,2,Silber; Elfenbein | Porzellane; Fayencen; Glaser
http://w3id.org/zac/87505_lot_45,2,OTTONI | Silber; Elfenbein
http://w3id.org/zac/87505_lot_46,2,Silber; Elfenbein | Zinn; Eisen; Kupfer; Messing
http://w3id.org/zac/87508_lot_1,2,ARGENTI | Fayence; Porcellan; Delft; Steingut
http://w3id.org/zac/87508_lot_141,2,BRONZI | Eisen; Zinn; Kupfer; Bronce
http://w3id.org/zac/87508_lot_142,2,BRONZI | Eisen; Zinn; Kupfer; Bronce
http://w3id.org/zac/87508_lot_22,2,ARGENTI | Silber; Elfenbein; Emaille
http://w3id.org/zac/87508_lot_31,2,LAMPADE | Silber; Elfenbein; Emaille
http://w3id.org/zac/87508_lot_4,2,ANTICHITA' | LAMPADE
http://w3id.org/zac/87508_lot_6,2,ANTICHITA' | Silber; Elfenbein; Emaille
http://w3id.org/zac/87508_lot_71,2,MINIATURE | Silber; Elfenbein; Emaille
http://w3id.org/zac/87508_lot_8,2,ANTICHITA' | ARGENTI
http://w3id.org/zac/87508_lot_91,2,ARGENTI | Silber; Elfenbein; Emaille
http://w3id.org/zac/87513_lot_1,2,Antiquitaten; Mobel | OGGETTI VARI
http://w3id.org/zac/87513_lot_164,2,Antiquitaten; Mobel | OGGETTI IN RAME
http://w3id.org/zac/87513_lot_2,2,OGGETTI IN LEGNO | OGGETTI IN PIOMBO
http://w3id.org/zac/87514_lot_1,2,OGGETTI IN LATTA | PIATTI
http://w3id.org/zac/87514_lot_16,2,OGGETTI IN METALLO | Thon; Majoliken; Fayencen
http://w3id.org/zac/87514_lot_25,2,MAIOLICHE | OGGETTI IN METALLO
http://w3id.org/zac/87514_lot_268,2,OGGETTI IN METALLO | OGGETTI VARI
http://w3id.org/zac/87514_lot_28,2,MAIOLICHE | OGGETTI IN METALLO
http://w3id.org/zac/87514_lot_29,2,MAIOLICHE | OGGETTI IN LEGNO
http://w3id.org/zac/87514_lot_30,2,MAIOLICHE | OGGETTI IN RAME
http://w3id.org/zac/87514_lot_36,2,Bronze; Kupfer; Messing | MAIOLICHE
http://w3id.org/zac/87514_lot_38,2,Bronze; Kupfer; Messing | MAIOLICHE
http://w3id.org/zac/87514_lot_48,2,Eisen; Stahl | Thon; Majoliken; Fayencen
http://w3id.org/zac/87514_lot_49,2,OGGETTI IN LEGNO | SCOMPARTI
http://w3id.org/zac/87514_lot_51,2,Bein; Schildpatt | VASI
http://w3id.org/zac/87514_lot_56,2,Email; Miniaturen | Thon; Majoliken; Fayencen
http://w3id.org/zac/87514_lot_59,2,Email; Miniaturen | Thon; Majoliken; Fayencen
http://w3id.org/zac/87514_lot_62,2,TESSUTI | SCATOLE
http://w3id.org/zac/87514_lot_64,2,OGGETTI IN LEGNO | PORCELLANE
http://w3id.org/zac/87514_lot_65,2,OGGETTI IN LEGNO | PORCELLANE
http://w3id.org/zac/87514_lot_67,2,OGGETTI IN LEGNO | PORCELLANE
http://w3id.org/zac/87514_lot_68,2,OGGETTI IN LEGNO | PORCELLANE
http://w3id.org/zac/87514_lot_69,2,OGGETTI IN LEGNO | PORCELLANE
http://w3id.org/zac/87514_lot_71,2,OGGETTI IN LEGNO | PORCELLANE
http://w3id.org/zac/87514_lot_76,2,OGGETTI IN LEGNO | PORCELLANE
http://w3id.org/zac/87514_lot_78,2,OTTONI | PORCELLANE
http://w3id.org/zac/87514_lot_81,2,OGGETTI IN LEGNO | PORCELLANE
http://w3id.org/zac/87514_lot_85,2,OGGETTI IN LEGNO | PORCELLANE
http://w3id.org/zac/87514_lot_87,2,OGGETTI IN LEGNO | VASI
http://w3id.org/zac/87514_lot_9,2,VASI | TERRECOTTE
http://w3id.org/zac/87523_lot_14,2,BRONZI | OGGETTI IN LEGNO
http://w3id.org/zac/87523_lot_239,2,CERAMICHE | VASI
http://w3id.org/zac/87523_lot_246,2,OGGETTI IN METALLO | OGGETTI VARI
http://w3id.org/zac/87523_lot_319,2,VETRI | SCOMPARTI
http://w3id.org/zac/87523_lot_330,2,OGGETTI IN LEGNO | OGGETTI IN METALLO
http://w3id.org/zac/87523_lot_38,2,CERAMICHE | OGGETTI IN LEGNO
http://w3id.org/zac/87523_lot_419,2,DIPINTI | BRONZI
http://w3id.org/zac/87523_lot_47,2,CERAMICHE | OGGETTI IN LEGNO
http://w3id.org/zac/87523_lot_49,2,OGGETTI IN LEGNO | OGGETTI IN LATTA
http://w3id.org/zac/87523_lot_622,2,DIPINTI | VASI
http://w3id.org/zac/87523_lot_66,2,OGGETTI IN FERRO | OGGETTI IN LEGNO
http://w3id.org/zac/87528_lot_21,2,OGGETTI VARI | OGGETTI IN PIOMBO
http://w3id.org/zac/87528_lot_29,2,FOTOGRAFIE | PIATTI
http://w3id.org/zac/87533_lot_680,2,AVORI | Holz; Leder; Walfen
http://w3id.org/zac/87533_lot_8,2,ANTICHITA' | OGGETTI IN LEGNO
http://w3id.org/zac/87540_lot_106,2,OGGETTI IN LEGNO | SCOMPARTI
http://w3id.org/zac/87540_lot_1400,2,ARGENTI | SMALTI
http://w3id.org/zac/87540_lot_15,2,CERAMICHE | VETRI
http://w3id.org/zac/87540_lot_155,2,CERAMICHE | VASI
http://w3id.org/zac/87540_lot_160,2,CERAMICHE | VETRI
http://w3id.org/zac/87540_lot_170,2,AVORI | ARGENTI
http://w3id.org/zac/87540_lot_176,2,CORNICI | ARGENTI
http://w3id.org/zac/87540_lot_198,2,Bronze; Kupfer; Eisen | OGGETTI IN METALLO
http://w3id.org/zac/87540_lot_25,2,CORNICI | VETRI
http://w3id.org/zac/87540_lot_250,2,OGGETTI IN LEGNO | VETRI
http://w3id.org/zac/87540_lot_275,2,MOBEL; EINRICHTUNGSGEGENSTANDE | Mobel; Einrichtungsgegenstande | OGGETTI IN LEGNO
http://w3id.org/zac/87540_lot_300,2,ARGENTI | OGGETTI IN LEGNO
http://w3id.org/zac/87540_lot_310,2,ARGENTI | Bronze; Kupfer; Eisen
http://w3id.org/zac/87540_lot_5,2,CERAMICHE | ARGENTI
http://w3id.org/zac/87540_lot_510,2,ARGENTI | OGGETTI IN RAME
http://w3id.org/zac/87540_lot_98,2,ARGENTI | SMALTI
http://w3id.org/zac/87543_lot_100,2,CERAMICHE | OGGETTI VARI
http://w3id.org/zac/87543_lot_114,2,OGGETTI VARI | PIATTI
http://w3id.org/zac/87543_lot_194,2,OGGETTI IN ORO | VASI
http://w3id.org/zac/87543_lot_457,2,OGGETTI IN ORO | SCOMPARTI
http://w3id.org/zac/87543_lot_614,2,LAMPADE | VASI
http://w3id.org/zac/87543_lot_699,2,CERAMICHE | OGGETTI VARI
http://w3id.org/zac/87543_lot_700,2,CERAMICHE | OGGETTI VARI
http://w3id.org/zac/87543_lot_703,2,CERAMICHE | VASI
http://w3id.org/zac/87543_lot_704,2,CERAMICHE | VASI
http://w3id.org/zac/87543_lot_710,2,CERAMICHE | VASI
http://w3id.org/zac/87544_lot_10,2,OGGETTI IN FERRO | STAGNI
http://w3id.org/zac/87544_lot_106,2,BRONZI | OGGETTI IN PELLE
http://w3id.org/zac/87544_lot_126,2,BRONZI | OGGETTI IN LEGNO
http://w3id.org/zac/87544_lot_17,2,OGGETTI IN ORO | POLTRONE
http://w3id.org/zac/87544_lot_186,2,Farbenstiche; Schabkunst- und Linienstiche | SCOMPARTI
http://w3id.org/zac/87544_lot_846,2,BRONZI | OGGETTI IN ORO
http://w3id.org/zac/87545_lot_106,2,BRONZI | OGGETTI IN PELLE
http://w3id.org/zac/87545_lot_1061,2,BRONZI | Farbenstiche; Schabkunst- und Linienstiche
http://w3id.org/zac/87545_lot_14,2,OGGETTI IN LEGNO | Wand- und Fussteppiche; Textilarbeiten
http://w3id.org/zac/87545_lot_146,2,BRONZI | Wand- und Fussteppiche; Textilarbeiten
http://w3id.org/zac/87545_lot_17,2,CORNICI | OGGETTI IN ORO
http://w3id.org/zac/87545_lot_1738,2,MOBEL; EINRICHTUNGSGEGENSTANDE | Farbenstiche; Schabkunst- und Linienstiche | Mobel; Einrichtungsgegenstande
http://w3id.org/zac/87545_lot_846,2,BRONZI | OGGETTI IN ORO
http://w3id.org/zac/87546_lot_2,2,CORNICI | OGGETTI IN LEGNO
http://w3id.org/zac/87546_lot_4,2,CORNICI | OGGETTI VARI
http://w3id.org/zac/87546_lot_I,2,CORNICI | MINIATURE
http://w3id.org/zac/87548_lot_1,2,ARREDAMENTI | DISEGNI
http://w3id.org/zac/87548_lot_10,2,COPPE | ARMI
http://w3id.org/zac/87548_lot_11,2,ARMI | ARREDAMENTI
http://w3id.org/zac/87548_lot_13,2,ARREDAMENTI | OGGETTI IN PELLE
http://w3id.org/zac/87552_lot_I,2,OGGETTI IN LEGNO | OGGETTI VARI
http://w3id.org/zac/87555_lot_1,2,Juwelen; Antiquitaten | OGGETTI IN LEGNO
http://w3id.org/zac/87555_lot_335,2,Dosen; Miniaturen | OGGETTI VARI
http://w3id.org/zac/87556_lot_I,2,OGGETTI VARI | OGGETTI IN LEGNO
http://w3id.org/zac/87564_lot_101,2,OGGETTI IN LEGNO | Rustungen; Ruistungsteile
http://w3id.org/zac/87564_lot_103,2,OGGETTI IN LEGNO | Rustungen; Ruistungsteile
http://w3id.org/zac/87564_lot_107,2,DIPINTI | Rustungen; Ruistungsteile
http://w3id.org/zac/87564_lot_109,2,Rustungen; Ruistungsteile | SPARTITI MUSICALI
http://w3id.org/zac/87564_lot_11,2,OGGETTI IN LEGNO | STAMPE E INCISIONI
http://w3id.org/zac/87564_lot_119,2,Rustungen; Ruistungsteile | SPARTITI MUSICALI
http://w3id.org/zac/87564_lot_141,2,ARMI | Rustungen; Ruistungsteile
http://w3id.org/zac/87564_lot_146,2,Rustungen; Ruistungsteile | TESSUTI
http://w3id.org/zac/87564_lot_149,2,Rustungen; Ruistungsteile | SPARTITI MUSICALI
http://w3id.org/zac/87564_lot_164,2,ARMI | CERAMICHE
http://w3id.org/zac/87564_lot_169,2,ARMI | SPARTITI MUSICALI
http://w3id.org/zac/87564_lot_19,2,MINIATURE | Rustungen; Ruistungsteile
http://w3id.org/zac/87564_lot_194,2,ARMI | OGGETTI IN FERRO
http://w3id.org/zac/87564_lot_24,2,ARMI | Rustungen; Ruistungsteile
http://w3id.org/zac/87564_lot_261,2,ARMI | OGGETTI VARI
http://w3id.org/zac/87564_lot_284,2,ARMI | Schwerter; Sabel
http://w3id.org/zac/87564_lot_33,2,Feuerwaffen; Gewehre; Pistolen | Rustungen; Ruistungsteile
http://w3id.org/zac/87564_lot_38,2,OGGETTI IN FERRO | PIATTI
http://w3id.org/zac/87564_lot_41,2,DISEGNI | Rustungen; Ruistungsteile
http://w3id.org/zac/87564_lot_416,2,MINIATURE | OGGETTI IN PELLE
http://w3id.org/zac/87564_lot_42,2,Degen; Dolche | Rustungen; Ruistungsteile
http://w3id.org/zac/87564_lot_45,2,ARMI | Rustungen; Ruistungsteile
http://w3id.org/zac/87564_lot_555,2,Jagdgeratschaften | OGGETTI IN FERRO
http://w3id.org/zac/87564_lot_7,2,Rustungen; Ruistungsteile | SPARTITI MUSICALI
http://w3id.org/zac/87564_lot_74,2,OROLOGI | Rustungen; Ruistungsteile
http://w3id.org/zac/87564_lot_8,2,CORNA DI CERVO | Jagdgeratschaften
http://w3id.org/zac/87564_lot_9,2,OGGETTI VARI | Rustungen; Ruistungsteile
http://w3id.org/zac/87564_lot_94,2,TESSUTI | Rustungen; Ruistungsteile
http://w3id.org/zac/87564_lot_946,2,OGGETTI VARI | TESSUTI
http://w3id.org/zac/87564_lot_99,2,OGGETTI IN LEGNO | Rustungen; Ruistungsteile
http://w3id.org/zac/87564_lot_I,2,Degen; Dolche | Rustungen; Ruistungsteile
http://w3id.org/zac/87569_lot_169,2,OGGETTI IN ORO | OGGETTI IN FERRO
http://w3id.org/zac/87582_lot_513,2,DISEGNI | OGGETTI IN LEGNO
http://w3id.org/zac/87583_lot_2,2,OGGETTI IN LEGNO | OGGETTI D'ARTE
http://w3id.org/zac/87583_lot_204,2,OGGETTI D'ARTE | OGGETTI IN ORO
http://w3id.org/zac/87584_lot_I,2,OGGETTI VARI | OGGETTI IN LEGNO
http://w3id.org/zac/87589_lot_I,2,CORNICI | VASI
http://w3id.org/zac/87593_lot_5,2,OGGETTI VARI | SCOMPARTI
http://w3id.org/zac/87594_lot_10,2,Kupferstiche; Radirungen; Holzschnite | Kupferstiche; Holzschnitte
http://w3id.org/zac/87594_lot_12,2,Kupferstiche; Radirungen; Holzschnite | Kupferstiche; Holzschnitte
http://w3id.org/zac/87594_lot_16,2,Kupferstiche; Radirungen; Holzschnite | Kupferstiche; Holzschnitte
http://w3id.org/zac/87594_lot_17,2,Kupferstiche; Radirungen; Holzschnite | Kupferstiche; Holzschnitte
http://w3id.org/zac/87594_lot_20,2,Kupferstiche; Holzschnitte | Kupferstiche; Radirungen; Holzschnite
http://w3id.org/zac/87594_lot_23,2,Kupferstiche; Holzschnitte | Kupferstiche; Radirungen; Holzschnite
http://w3id.org/zac/87594_lot_24,2,Kupferstiche; Radirungen; Holzschnite | Kupferstiche; Holzschnitte
http://w3id.org/zac/87594_lot_27,2,OGGETTI IN LEGNO | STAMPE E INCISIONI
http://w3id.org/zac/87594_lot_30,2,Kupferstiche; Radirungen; Holzschnite | OGGETTI VARI
http://w3id.org/zac/87594_lot_31,2,Kupferstiche; Radirungen; Holzschnite | OGGETTI VARI
http://w3id.org/zac/87594_lot_33,2,Kupferstiche; Radirungen; Holzschnite | STAMPE E INCISIONI
http://w3id.org/zac/87594_lot_38,2,Kupferstiche; Radirungen; Holzschnite | OGGETTI IN LEGNO
http://w3id.org/zac/87594_lot_39,2,Kupferstiche; Radirungen; Holzschnite | STAMPE E INCISIONI
http://w3id.org/zac/87594_lot_4,2,Kupferstiche; Holzschnitte | Kupferstiche; Radirungen; Holzschnite
http://w3id.org/zac/87594_lot_40,2,ACQUEFORTI | Kupferstiche; Radirungen; Holzschnite
http://w3id.org/zac/87594_lot_41,2,Kupferstiche; Radirungen; Holzschnite | STAMPE E INCISIONI
http://w3id.org/zac/87594_lot_43,2,Kupferstiche; Radirungen; Holzschnite | STAMPE E INCISIONI
http://w3id.org/zac/87594_lot_45,2,Kupferstiche; Radirungen; Holzschnite | OGGETTI VARI
http://w3id.org/zac/87594_lot_7,2,Kupferstiche; Holzschnitte | STAMPE E INCISIONI
http://w3id.org/zac/87594_lot_8,2,Kupferstiche; Radirungen; Holzschnite | STAMPE E INCISIONI
http://w3id.org/zac/87594_lot_9,2,Kupferstiche; Radirungen; Holzschnite | STAMPE E INCISIONI
http://w3id.org/zac/87595_lot_1018,2,PANNELLI | Stein; Leder
http://w3id.org/zac/87595_lot_110,2,AVORI | Stein; Leder
http://w3id.org/zac/87595_lot_1120,2,AVORI | SCATOLE
http://w3id.org/zac/87595_lot_155,2,AVORI | SMALTI
http://w3id.org/zac/87595_lot_295,2,AVORI | OGGETTI VARI
http://w3id.org/zac/87595_lot_37,2,Majoliken; Fayencen | TESSUTI
http://w3id.org/zac/87595_lot_4,2,AVORI | VETRI
http://w3id.org/zac/87595_lot_42,2,AVORI | OGGETTI VARI
http://w3id.org/zac/87595_lot_5,2,VASI | VETRI
http://w3id.org/zac/87595_lot_6,2,Majoliken; Fayencen | Stein; Leder
http://w3id.org/zac/87595_lot_7,2,VETRI | SCATOLE
http://w3id.org/zac/87595_lot_8,2,AVORI | VETRI
http://w3id.org/zac/87595_lot_820,2,OGGETTI VARI | SMALTI
http://w3id.org/zac/87595_lot_860,2,AVORI | ARGENTI
http://w3id.org/zac/87595_lot_9,2,AVORI | Stein; Leder
http://w3id.org/zac/87595_lot_92,2,AVORI | SCATOLE
http://w3id.org/zac/87598_lot_13,2,OGGETTI IN LEGNO | OGGETTI VARI
http://w3id.org/zac/87598_lot_17,2,OGGETTI IN LEGNO | VASI
http://w3id.org/zac/87598_lot_18,2,OGGETTI IN LEGNO | OGGETTI IN LATTA
http://w3id.org/zac/87598_lot_19,2,OGGETTI IN METALLO | VASI
http://w3id.org/zac/87598_lot_5,2,COPPE | OGGETTI IN LATTA
http://w3id.org/zac/87598_lot_8,2,OGGETTI IN LEGNO | OGGETTI IN FERRO
http://w3id.org/zac/87598_lot_9,2,OGGETTI IN RAME | OGGETTI IN LATTA
http://w3id.org/zac/87599_lot_4,2,CORNICI | Gelgemalde; Aguarelle
http://w3id.org/zac/87599_lot_459,2,Gelgemalde; Aguarelle | OGGETTI IN ORO
http://w3id.org/zac/87599_lot_666,2,Gelgemalde; Aguarelle | OGGETTI IN RAME
http://w3id.org/zac/87599_lot_I,2,Gelgemalde; Aguarelle | VASI
http://w3id.org/zac/87605_lot_191,2,BRONZI | OGGETTI IN LATTA
http://w3id.org/zac/87605_lot_40,2,DIPINTI | MAIOLICHE
http://w3id.org/zac/87605_lot_I,2,DIPINTI | Bronze; Kupfer; Messing
http://w3id.org/zac/87609_lot_1,2,ARREDAMENTI | CORNICI
http://w3id.org/zac/87609_lot_2,2,OGGETTI D'ARTE | OGGETTI IN LEGNO
http://w3id.org/zac/87609_lot_3,2,OGGETTI D'ARTE | OGGETTI IN LEGNO
http://w3id.org/zac/87609_lot_5,2,OGGETTI IN LEGNO | OGGETTI D'ARTE
http://w3id.org/zac/87609_lot_6,2,OGGETTI IN LEGNO | OGGETTI D'ARTE
http://w3id.org/zac/87609_lot_8,2,ARREDAMENTI | OGGETTI D'ARTE
http://w3id.org/zac/87610_lot_10,2,Antiquitäten | OGGETTI IN ORO
http://w3id.org/zac/87610_lot_12,2,Antiquitäten | OGGETTI VARI
http://w3id.org/zac/87610_lot_4,2,Antiquitäten | CORNICI
http://w3id.org/zac/87610_lot_6,2,Antiquitäten | OGGETTI VARI
http://w3id.org/zac/87610_lot_9,2,Antiquitäten | MINIATURE
http://w3id.org/zac/87614_lot_2,2,OGGETTI D'ARTE | TAPPETI
http://w3id.org/zac/87614_lot_6,2,FOTOGRAFIE | OGGETTI D'ARTE
http://w3id.org/zac/87619_lot_5,2,CORNICI | ARAZZI
http://w3id.org/zac/87621_lot_15,2,FOTOGRAFIE | OGGETTI IN LEGNO
http://w3id.org/zac/87621_lot_19,2,OGGETTI IN ORO | OGGETTI IN RAME
http://w3id.org/zac/87621_lot_2,2,OGGETTI IN LEGNO | SCOMPARTI
http://w3id.org/zac/87621_lot_21,2,OGGETTI IN LEGNO | OGGETTI VARI
http://w3id.org/zac/87621_lot_6,2,OGGETTI IN METALLO | SCOMPARTI
http://w3id.org/zac/87622_lot_17,2,ARREDAMENTI | DIPINTI
http://w3id.org/zac/87622_lot_3,2,ARREDAMENTI | OGGETTI IN LEGNO
http://w3id.org/zac/87624_lot_I,2,BRONZI | FOTOGRAFIE
http://w3id.org/zac/87625_lot_22,2,KUPFERSTICHE; RADIRUNGEN; FARBENDRUCKE; ROTHDRUCKE | OGGETTI VARI
http://w3id.org/zac/87625_lot_5,2,KUPFERSTICHE; RADIRUNGEN; FARBENDRUCKE; ROTHDRUCKE | STAMPE E INCISIONI
http://w3id.org/zac/87627_lot_1,2,Oelbilder; Stiche | OGGETTI VARI
http://w3id.org/zac/87627_lot_10,2,Textilarbeiten; Kostime | VASI DA FARMACIA
http://w3id.org/zac/87630_lot_169,2,CAMINI | OGGETTI IN LEGNO
http://w3id.org/zac/87630_lot_8,2,CORNICI | ARREDAMENTI
http://w3id.org/zac/87634_lot_3,2,OGGETTI IN RAME | OGGETTI IN LEGNO
http://w3id.org/zac/87635_lot_150,2,DIPINTI | OGGETTI IN LEGNO
http://w3id.org/zac/87635_lot_50,2,DIPINTI | CORNICI
http://w3id.org/zac/87635_lot_94,2,DIPINTI | OGGETTI IN LEGNO
http://w3id.org/zac/87640_lot_11,2,OGGETTI IN RAME | OGGETTI IN LEGNO
http://w3id.org/zac/87642_lot_1,2,ARMI | OGGETTI D'ARTE
http://w3id.org/zac/87642_lot_101,2,OGGETTI D'ARTE ORIENTALE | OGGETTI IN RAME
http://w3id.org/zac/87642_lot_102,2,OGGETTI D'ARTE ORIENTALE | OGGETTI IN LEGNO
http://w3id.org/zac/87642_lot_103,2,OGGETTI IN LEGNO | OGGETTI IN ORO
http://w3id.org/zac/87642_lot_104,2,DIPINTI | OGGETTI D'ARTE ORIENTALE
http://w3id.org/zac/87642_lot_106,2,DIPINTI | OGGETTI D'ARTE ORIENTALE
http://w3id.org/zac/87642_lot_107,2,DIPINTI | OGGETTI D'ARTE ORIENTALE
http://w3id.org/zac/87642_lot_109,2,DIPINTI | OGGETTI D'ARTE ORIENTALE
http://w3id.org/zac/87642_lot_113,2,OGGETTI IN ORO | VASI
http://w3id.org/zac/87642_lot_117,2,DIPINTI | OGGETTI IN ORO
http://w3id.org/zac/87642_lot_120,2,DIPINTI | OGGETTI D'ARTE ORIENTALE
http://w3id.org/zac/87642_lot_123,2,OGGETTI D'ARTE ORIENTALE | OGGETTI IN RAME
http://w3id.org/zac/87642_lot_13,2,ARMI | OGGETTI IN LEGNO
http://w3id.org/zac/87642_lot_130,2,OGGETTI D'ARTE ORIENTALE | FOTOGRAFIE
http://w3id.org/zac/87642_lot_131,2,DIPINTI | OGGETTI D'ARTE ORIENTALE
http://w3id.org/zac/87642_lot_132,2,OGGETTI D'ARTE ORIENTALE | OGGETTI IN LEGNO
http://w3id.org/zac/87642_lot_133,2,OGGETTI IN LEGNO | VASI
http://w3id.org/zac/87642_lot_134,2,DIPINTI | OGGETTI D'ARTE ORIENTALE
http://w3id.org/zac/87642_lot_135,2,DIPINTI | OGGETTI D'ARTE ORIENTALE
http://w3id.org/zac/87642_lot_136,2,DIPINTI | OGGETTI D'ARTE ORIENTALE
http://w3id.org/zac/87642_lot_137,2,CORNICI | VASI
http://w3id.org/zac/87642_lot_139,2,DIPINTI | OGGETTI D'ARTE ORIENTALE
http://w3id.org/zac/87642_lot_140,2,DIPINTI | OGGETTI D'ARTE ORIENTALE
http://w3id.org/zac/87642_lot_145,2,DIPINTI | OGGETTI D'ARTE ORIENTALE
http://w3id.org/zac/87642_lot_150,2,DIPINTI | OGGETTI D'ARTE ORIENTALE
http://w3id.org/zac/87642_lot_151,2,DIPINTI | OGGETTI D'ARTE ORIENTALE
http://w3id.org/zac/87642_lot_152,2,OGGETTI D'ARTE ORIENTALE | STAMPE E INCISIONI
http://w3id.org/zac/87642_lot_154,2,OGGETTI IN RAME | PORCELLANE
http://w3id.org/zac/87642_lot_155,2,DIPINTI | PORCELLANE
http://w3id.org/zac/87642_lot_156,2,DIPINTI | PORCELLANE
http://w3id.org/zac/87642_lot_159,2,DIPINTI | PORCELLANE
http://w3id.org/zac/87642_lot_17,2,ARMI | OGGETTI IN LEGNO
http://w3id.org/zac/87642_lot_221,2,OGGETTI D'ARTE ORIENTALE | Textilien; Oelgemalde; Miniaturen
http://w3id.org/zac/87642_lot_23,2,ARMI | TERRECOTTE
http://w3id.org/zac/87642_lot_24,2,ARMI | OGGETTI D'ARTE ORIENTALE
http://w3id.org/zac/87642_lot_33,2,ARMI | MAIOLICHE
http://w3id.org/zac/87642_lot_36,2,DIPINTI | ARMI
http://w3id.org/zac/87642_lot_37,2,ARMI | OGGETTI IN LEGNO
http://w3id.org/zac/87642_lot_4,2,ARMI | OGGETTI D'ARTE
http://w3id.org/zac/87642_lot_45,2,ARMI | OGGETTI VARI
http://w3id.org/zac/87642_lot_6,2,ARMI | OGGETTI D'ARTE
http://w3id.org/zac/87642_lot_639,2,VASI | Textilien; Oelgemalde; Miniaturen
http://w3id.org/zac/87642_lot_7,2,ARMI | OGGETTI D'ARTE
http://w3id.org/zac/87642_lot_74,2,OGGETTI IN LEGNO | SCATOLE
http://w3id.org/zac/87642_lot_8,2,ARMI | OGGETTI D'ARTE
http://w3id.org/zac/87642_lot_81,2,DIPINTI | MAIOLICHE
http://w3id.org/zac/87642_lot_82,2,DIPINTI | MAIOLICHE
http://w3id.org/zac/87642_lot_88,2,FOTOGRAFIE | MAIOLICHE
http://w3id.org/zac/87642_lot_90,2,DIPINTI | MAIOLICHE
http://w3id.org/zac/87642_lot_94,2,DIPINTI | MAIOLICHE
http://w3id.org/zac/87642_lot_96,2,DIPINTI | OGGETTI VARI
http://w3id.org/zac/87642_lot_99,2,DIPINTI | PIATTI
http://w3id.org/zac/87642_lot_I,2,CORNICI | Textilien; Oelgemalde; Miniaturen
http://w3id.org/zac/87643_lot_2,2,OGGETTI IN LEGNO | OGGETTI VARI
http://w3id.org/zac/87648_lot_1,2,CORNICI | DIPINTI
http://w3id.org/zac/87648_lot_10,2,DIPINTI | OGGETTI IN LEGNO
http://w3id.org/zac/87648_lot_11,2,ARREDAMENTI | DIPINTI
http://w3id.org/zac/87648_lot_20,2,DIPINTI | OGGETTI VARI
http://w3id.org/zac/87648_lot_28,2,DIPINTI | OGGETTI VARI
http://w3id.org/zac/87648_lot_29,2,ARREDAMENTI | DIPINTI
http://w3id.org/zac/87648_lot_5,2,DIPINTI | OGGETTI D'ARTE
http://w3id.org/zac/87648_lot_8,2,DIPINTI | OGGETTI D'ARTE
http://w3id.org/zac/87650_lot_1,2,OGGETTI VARI | Wagen; Gewichte
http://w3id.org/zac/87650_lot_11,2,MAIOLICHE | OTTONI
http://w3id.org/zac/87650_lot_13,2,Waffen; Eisen | Steingut; Thon; Fayence; Majolika
http://w3id.org/zac/87650_lot_14,2,OGGETTI IN LEGNO | Steingut; Thon; Fayence; Majolika
http://w3id.org/zac/87650_lot_150,2,Holz; Mobel | Waffen; Eisen
http://w3id.org/zac/87650_lot_16,2,OGGETTI IN LATTA | PORCELLANE
http://w3id.org/zac/87650_lot_18,2,OGGETTI IN LATTA | Steingut; Thon; Fayence; Majolika
http://w3id.org/zac/87650_lot_180,2,Textilarbeiten; Kostime | Waffen; Eisen
http://w3id.org/zac/87650_lot_204,2,OGGETTI IN METALLO | Textilarbeiten; Kleidungssticke
http://w3id.org/zac/87650_lot_24,2,OGGETTI IN METALLO | Steingut; Thon; Fayence; Majolika
http://w3id.org/zac/87650_lot_25,2,Steingut; Thon; Fayence; Majolika | Wagen; Gewichte
http://w3id.org/zac/87650_lot_26,2,MAIOLICHE | OGGETTI IN LATTA
http://w3id.org/zac/87650_lot_285,2,FOTOGRAFIE | OGGETTI IN LEGNO
http://w3id.org/zac/87650_lot_356,2,OGGETTI IN METALLO | OGGETTI IN LEGNO
http://w3id.org/zac/87650_lot_379,2,OGGETTI VARI | OGGETTI IN RAME
http://w3id.org/zac/87650_lot_4,2,OGGETTI IN LEGNO | OGGETTI IN LATTA
http://w3id.org/zac/87650_lot_45,2,Holz; Mobel | PORCELLANE
http://w3id.org/zac/87650_lot_5,2,BRONZI | Steingut; Thon; Fayence; Majolika
http://w3id.org/zac/87650_lot_500,2,Holz; Mobel | OTTONI
http://w3id.org/zac/87650_lot_6,2,BRONZI | LAMPADE
http://w3id.org/zac/87650_lot_7,2,BRONZI | COPPE
http://w3id.org/zac/87650_lot_8,2,BRONZI | Steingut; Thon; Fayence; Majolika
http://w3id.org/zac/87650_lot_86,2,Holz; Mobel | OGGETTI IN RAME
http://w3id.org/zac/87650_lot_90,2,OGGETTI IN LATTA | OGGETTI IN RAME
http://w3id.org/zac/87650_lot_95,2,SCATOLE | Textilarbeiten; Kostime
http://w3id.org/zac/87653_lot_10,2,VASI | STAMPE E INCISIONI
http://w3id.org/zac/87653_lot_5,2,Arbeiten in Thon; Fayence | OGGETTI VARI
http://w3id.org/zac/87653_lot_80,2,OGGETTI IN METALLO | STAMPE E INCISIONI
http://w3id.org/zac/87654_lot_11,2,ARREDAMENTI | OGGETTI IN LEGNO
http://w3id.org/zac/87654_lot_3,2,ARREDAMENTI | OGGETTI IN LEGNO
http://w3id.org/zac/87654_lot_7,2,CORNICI | OGGETTI IN LEGNO
http://w3id.org/zac/87663_lot_1,2,LAMPADE | OGGETTI D'ARTE
http://w3id.org/zac/87663_lot_184,2,OGGETTI VARI | OGGETTI D'ARTE
http://w3id.org/zac/87663_lot_4,2,CORNICI | OGGETTI IN FERRO
http://w3id.org/zac/87663_lot_58,2,OGGETTI IN ORO | OGGETTI D'ARTE
http://w3id.org/zac/87663_lot_66,2,OGGETTI IN LEGNO | STAMPE E INCISIONI
http://w3id.org/zac/87663_lot_67,2,OGGETTI IN LEGNO | STAMPE E INCISIONI
http://w3id.org/zac/87663_lot_I,2,OGGETTI IN ORO | OGGETTI D'ARTE
http://w3id.org/zac/87665_lot_114,2,Alben; Aquarellen | Kunstmobiliar; Hntiquitaten
http://w3id.org/zac/87665_lot_194,2,Oelbilder; Zeichnungen; Hquarelle; Kupfersticbe; Pbotograpbien | OGGETTI IN FERRO
http://w3id.org/zac/87665_lot_199,2,Oelbilder; Zeichnungen; Hquarelle; Kupfersticbe; Pbotograpbien | Kunstmobiliar; Hntiquitaten
http://w3id.org/zac/87665_lot_4,2,CORNICI | OGGETTI IN LEGNO
http://w3id.org/zac/87665_lot_56,2,Kunstmobiliar; Hntiquitaten | FOTOGRAFIE
http://w3id.org/zac/87665_lot_I,2,Alben; Aquarellen | Kunstmobiliar; Hntiquitaten
http://w3id.org/zac/87667_lot_I,2,DIPINTI | CANDELABRI
http://w3id.org/zac/87669_lot_1,2,DIPINTI | OGGETTI D'ARTE
http://w3id.org/zac/87669_lot_17,2,DIPINTI | OGGETTI IN FERRO
http://w3id.org/zac/87669_lot_27,2,ARMI | OGGETTI IN RAME
http://w3id.org/zac/87669_lot_4,2,CORNICI | DIPINTI
http://w3id.org/zac/87669_lot_6,2,COPPE | OGGETTI D'ARTE
http://w3id.org/zac/87671_lot_I,2,OGGETTI VARI | OGGETTI IN LATTA
http://w3id.org/zac/87675_lot_19,2,DIPINTI | PALE D'ALTARE
http://w3id.org/zac/87675_lot_34,2,OGGETTI VARI | OGGETTI IN LEGNO
http://w3id.org/zac/87675_lot_40,2,CORNICI | OGGETTI VARI
http://w3id.org/zac/87675_lot_41,2,ARREDAMENTI | OGGETTI IN ORO
http://w3id.org/zac/87675_lot_43,2,DIPINTI | ARREDAMENTI
http://w3id.org/zac/87684_lot_6,2,OGGETTI IN RAME | OGGETTI D'ARTE
http://w3id.org/zac/87684_lot_8,2,OGGETTI D'ARTE | OGGETTI IN ORO
http://w3id.org/zac/87684_lot_9,2,OGGETTI D'ARTE | VASI
http://w3id.org/zac/87685_lot_I,2,ARAZZI | DIPINTI
http://w3id.org/zac/87686_lot_108,2,DIPINTI | OGGETTI VARI
http://w3id.org/zac/87689_lot_I,2,OGGETTI VARI | OGGETTI IN LEGNO
http://w3id.org/zac/87691_lot_1,2,OGGETTI D'ARTE | OGGETTI IN LEGNO
http://w3id.org/zac/87691_lot_12,2,Antiquitaten; Kunstgegenstande | OGGETTI IN LEGNO
http://w3id.org/zac/87691_lot_18,2,ARREDAMENTI | Antiquitaten; Kunstgegenstande
http://w3id.org/zac/87691_lot_19,2,Antiquitaten; Kunstgegenstande | OGGETTI IN LEGNO
http://w3id.org/zac/87691_lot_2,2,OGGETTI D'ARTE | OGGETTI IN LEGNO
http://w3id.org/zac/87691_lot_25,2,Antiquitaten; Kunstgegenstande | OGGETTI IN LEGNO
http://w3id.org/zac/87691_lot_3,2,OGGETTI D'ARTE | OGGETTI IN METALLO
http://w3id.org/zac/87691_lot_5,2,Antiquitaten; Kunstgegenstande | OGGETTI D'ARTE
http://w3id.org/zac/87691_lot_7,2,Antiquitaten; Kunstgegenstande | OGGETTI D'ARTE
http://w3id.org/zac/87691_lot_8,2,Antiquitaten; Kunstgegenstande | OGGETTI D'ARTE
http://w3id.org/zac/87692_lot_I,2,ACQUEFORTI | SCATOLE
http://w3id.org/zac/87697_lot_16,2,OGGETTI VARI | OGGETTI IN RAME
http://w3id.org/zac/87697_lot_203,2,OGGETTI IN LATTA | VETRI
http://w3id.org/zac/87697_lot_427,2,SPARTITI MUSICALI | Textilarbeiten; Kleidungssticke
http://w3id.org/zac/87697_lot_62,2,CAMEI | BRONZI
http://w3id.org/zac/87697_lot_7,2,CERAMICHE | Kupferstiche; Radierungen; Holzschnitte
http://w3id.org/zac/87705_lot_14,2,FOTOGRAFIE | gotische Holzstatuetten; Antiquitaten; Autographen
http://w3id.org/zac/87705_lot_17,2,gotische Holzstatuetten; Antiquitaten; Autographen | Olgemalde; Miniaturen; Munzen; Medaillen
http://w3id.org/zac/87705_lot_18,2,Brandenburgica; Friedericiana | Olgemalde; Miniaturen; Munzen; Medaillen
http://w3id.org/zac/87705_lot_26,2,gotische Holzstatuetten; Antiquitaten; Autographen | Olgemalde; Miniaturen; Munzen; Medaillen
http://w3id.org/zac/87705_lot_28,2,Olgemalde; Miniaturen; Munzen; Medaillen | OGGETTI IN LATTA
http://w3id.org/zac/87705_lot_29,2,gotische Holzstatuetten; Antiquitaten; Autographen | OGGETTI IN LEGNO
http://w3id.org/zac/87705_lot_30,2,Olgemalde; Miniaturen; Munzen; Medaillen | OGGETTI VARI
http://w3id.org/zac/87705_lot_32,2,gotische Holzstatuetten; Antiquitaten; Autographen | Olgemalde; Miniaturen; Munzen; Medaillen
http://w3id.org/zac/87705_lot_9,2,Brandenburgica; Friedericiana | gotische Holzstatuetten; Antiquitaten; Autographen
http://w3id.org/zac/87706_lot_I,2,Minzen; Medaillen | STAMPE E INCISIONI
http://w3id.org/zac/87708_lot_11,2,ANTICHITA' | Zeichnungen; Aquarelle
http://w3id.org/zac/87708_lot_13,2,ACQUEFORTI | ACQUERELLI
http://w3id.org/zac/87708_lot_16,2,ANTICHITA' | Kupferstiche; Lithographieen
http://w3id.org/zac/87708_lot_19,2,ANTICHITA' | Zeichnungen; Aquarelle
http://w3id.org/zac/87708_lot_2,2,Kupferstiche; Lithographieen | Zeichnungen; Aquarelle; Radierungen
http://w3id.org/zac/87708_lot_20,2,ANTICHITA' | Zeichnungen; Aquarelle
http://w3id.org/zac/87708_lot_21,2,ANTICHITA' | Zeichnungen; Aquarelle
http://w3id.org/zac/87708_lot_22,2,ANTICHITA' | Zeichnungen; Aquarelle
http://w3id.org/zac/87708_lot_25,2,ANTICHITA' | Zeichnungen; Aquarelle
http://w3id.org/zac/87708_lot_26,2,ANTICHITA' | Zeichnungen; Aquarelle
http://w3id.org/zac/87708_lot_27,2,ANTICHITA' | Zeichnungen; Aquarelle
http://w3id.org/zac/87708_lot_30,2,ANTICHITA' | Zeichnungen; Aquarelle
http://w3id.org/zac/87708_lot_7,2,ACQUEFORTI | ANTICHITA'
http://w3id.org/zac/87708_lot_8,2,ANTICHITA' | Zeichnungen; Aquarelle; Radierungen
http://w3id.org/zac/87716_lot_2,2,ANTICHITA' | OGGETTI D'ARTE
http://w3id.org/zac/87716_lot_3,2,ANTICHITA' | OGGETTI D'ARTE
http://w3id.org/zac/87716_lot_4,2,CORNICI | ANTICHITA'
http://w3id.org/zac/87716_lot_5,2,ANTICHITA' | OGGETTI D'ARTE
http://w3id.org/zac/87716_lot_6,2,ANTICHITA' | OGGETTI D'ARTE
http://w3id.org/zac/87716_lot_7,2,ANTICHITA' | OGGETTI D'ARTE
http://w3id.org/zac/87716_lot_8,2,ANTICHITA' | OGGETTI D'ARTE
http://w3id.org/zac/87716_lot_9,2,ANTICHITA' | OGGETTI D'ARTE
http://w3id.org/zac/87720_lot_11,2,Mobel; Einrichtungsgegenstande | MOBEL; EINRICHTUNGSGEGENSTANDE | Porzellane; Fayencen; Steinzeug; Glaser; Elfenbein
http://w3id.org/zac/87720_lot_12,2,Porzellane; Fayencen; Steinzeug; Glaser; Elfenbein | VASI
http://w3id.org/zac/87720_lot_14,2,Mobel; Einrichtungsgegenstande | MOBEL; EINRICHTUNGSGEGENSTANDE | Porzellane; Fayencen; Steinzeug; Glaser; Elfenbein
http://w3id.org/zac/87720_lot_15,2,Porzellane; Fayencen; Steinzeug; Glaser; Elfenbein | PIATTI
http://w3id.org/zac/87720_lot_4,2,PIATTI | Porzellane; Fayencen; Steinzeug; Glaser; Elfenbein
http://w3id.org/zac/87720_lot_5,2,VASI | Porzellane; Fayencen; Steinzeug; Glaser; Elfenbein
http://w3id.org/zac/87720_lot_7,2,VASI | Porzellane; Fayencen; Steinzeug; Glaser; Elfenbein
http://w3id.org/zac/87721_lot_12,2,Handzeichnungen; Aquarelle | STAMPE E INCISIONI
http://w3id.org/zac/87721_lot_1379,2,LIBRI | OGGETTI IN RAME
http://w3id.org/zac/87722_lot_3,2,DIPINTI | OGGETTI IN LEGNO
http://w3id.org/zac/87726_lot_I,2,OGGETTI IN LEGNO | OGGETTI VARI
http://w3id.org/zac/87728_lot_I,2,OGGETTI IN LEGNO | OGGETTI VARI
http://w3id.org/zac/87729_lot_23,2,OGGETTI IN METALLO | VASI
http://w3id.org/zac/87729_lot_233,2,SCOMPARTI | VASI
http://w3id.org/zac/87729_lot_404,2,MARMI | OGGETTI VARI
http://w3id.org/zac/87733_lot_12,2,OGGETTI IN CERA | OGGETTI D'ARTE
http://w3id.org/zac/87733_lot_13,2,FOTOGRAFIE | OGGETTI D'ARTE
http://w3id.org/zac/87733_lot_14,2,LAMPADE | OGGETTI D'ARTE
http://w3id.org/zac/87733_lot_15,2,MINIATURE | OGGETTI D'ARTE
http://w3id.org/zac/87733_lot_17,2,OGGETTI IN RAME | OGGETTI D'ARTE
http://w3id.org/zac/87733_lot_19,2,OGGETTI VARI | OGGETTI D'ARTE
http://w3id.org/zac/87733_lot_22,2,OGGETTI D'ARTE | OGGETTI IN LATTA
http://w3id.org/zac/87733_lot_25,2,OGGETTI D'ARTE | OGGETTI IN ORO
http://w3id.org/zac/87733_lot_28,2,ARREDAMENTI | OGGETTI D'ARTE
http://w3id.org/zac/87733_lot_29,2,BAULI | OGGETTI D'ARTE
http://w3id.org/zac/87733_lot_7,2,MINIATURE | OGGETTI D'ARTE
http://w3id.org/zac/87737_lot_160,2,MINIATURE | Miniaturen; Aquarelle; Handzeichnungen
http://w3id.org/zac/87737_lot_257,2,Stiche; Lithographien; Bucher | STAMPE E INCISIONI
http://w3id.org/zac/87737_lot_420,2,OGGETTI VARI | Stiche; Lithographien; Bucher
http://w3id.org/zac/87737_lot_426,2,MOBILI | Stiche; Lithographien; Bucher
http://w3id.org/zac/87737_lot_448,2,OGGETTI IN ORO | STAMPE E INCISIONI
http://w3id.org/zac/87742_lot_103,2,Mobel; Holzgegenstande | VETRI
http://w3id.org/zac/87742_lot_105,2,Aquarelle; Kupferstiche; Glasbilder; Oelgemald | Mobel; Holzgegenstande
http://w3id.org/zac/87742_lot_106,2,Mobel; Holzgegenstande | FOTOGRAFIE
http://w3id.org/zac/87742_lot_108,2,ARMI | Mobel; Holzgegenstande
http://w3id.org/zac/87742_lot_137,2,Mobel; Holzgegenstande | SCOMPARTI
http://w3id.org/zac/87742_lot_138,2,Mobel; Holzgegenstande | Zinn; Bleigegenstande
http://w3id.org/zac/87742_lot_140,2,Mobel; Holzgegenstande | MINIATURE
http://w3id.org/zac/87742_lot_375,2,Porzellan; Fayencen; Marmor; Steingut | SCATOLE
http://w3id.org/zac/87742_lot_45,2,Messing; Kupfersachen | Mobel; Holzgegenstande
http://w3id.org/zac/87742_lot_54,2,Mobel; Holzgegenstande | VETRI
http://w3id.org/zac/87742_lot_55,2,Mobel; Holzgegenstande | Glas; Krystall; Spiegel
http://w3id.org/zac/87742_lot_59,2,ARGENTI | OGGETTI VARI
http://w3id.org/zac/87742_lot_61,2,Glas; Krystall; Spiegel | Messing; Kupfersachen
http://w3id.org/zac/87742_lot_63,2,Glas; Krystall; Spiegel | OGGETTI VARI
http://w3id.org/zac/87742_lot_65,2,Glas; Krystall; Spiegel | Porzellan; Fayencen; Marmor; Steingut
http://w3id.org/zac/87742_lot_67,2,Messing; Kupfersachen | SCATOLE
http://w3id.org/zac/87742_lot_68,2,SCATOLE | Porzellan; Fayencen; Marmor; Steingut
http://w3id.org/zac/87742_lot_69,2,Messing; Kupfersachen | TERRECOTTE
http://w3id.org/zac/87742_lot_82,2,Mobel; Holzgegenstande | Messing; Kupfersachen
http://w3id.org/zac/87742_lot_98,2,BASSORILIEVI | Mobel; Holzgegenstande
http://w3id.org/zac/87742_lot_I,2,ARMI | Mobel; Holzgegenstande
http://w3id.org/zac/87743_lot_1,2,Mobel; Spiegel; Stoffe; Waffen | OGGETTI IN LATTA
http://w3id.org/zac/87743_lot_191,2,Mobel; Spiegel; Stoffe; Waffen | OGGETTI IN LEGNO
http://w3id.org/zac/87743_lot_46,2,LAMPADE | VETRI
http://w3id.org/zac/87743_lot_52,2,OGGETTI IN RAME | Zinn; Eisen
http://w3id.org/zac/87743_lot_84,2,Mobel; Spiegel; Stoffe; Waffen | Glas; Porzellan; Majolika; Delft; Steingut; Glasgemalde
http://w3id.org/zac/87753_lot_2,2,ARREDAMENTI | SCATOLE
http://w3id.org/zac/87753_lot_4,2,CORNICI | OGGETTI IN LEGNO
http://w3id.org/zac/87763_lot_105,2,Tableaux; Peintures; Gravures | plats; assiettes; Platten; Teller
http://w3id.org/zac/87763_lot_111,2,PIATTI | Tableaux; Peintures; Gravures
http://w3id.org/zac/87763_lot_1167,2,ARREDAMENTI | MUNZEN; MEDAILLEN | Munzen; Medaillen
http://w3id.org/zac/87763_lot_1214,2,MUNZEN; MEDAILLEN | Munzen; Medaillen | OGGETTI IN LATTA
http://w3id.org/zac/87763_lot_1268,2,Munzen; Medaillen | MUNZEN; MEDAILLEN | MEDAGLIE
http://w3id.org/zac/87763_lot_22,2,Altertumer; Kunstgegenstande | PLACCHETTE
http://w3id.org/zac/87763_lot_28,2,Altertumer; Kunstgegenstande | PLACCHETTE
http://w3id.org/zac/87763_lot_336,2,OGGETTI IN LEGNO | Taufbecken; Kelche; Weihwasserbecken; Kirchenlampen
http://w3id.org/zac/87763_lot_35,2,Altertumer; Kunstgegenstande | Tableaux; Peintures; Gravures
http://w3id.org/zac/87763_lot_39,2,Munzen; Medaillen | MUNZEN; MEDAILLEN | PLACCHETTE
http://w3id.org/zac/87763_lot_45,2,Altertumer; Kunstgegenstande | OMBRELLI
http://w3id.org/zac/87763_lot_975,2,OGGETTI IN LEGNO | PIATTI
http://w3id.org/zac/87764_lot_1,2,VETRI | PORCELLANE
http://w3id.org/zac/87764_lot_109,2,CERAMICHE | Mobel; Einrichtungsgegenstande | MOBEL; EINRICHTUNGSGEGENSTANDE
http://w3id.org/zac/87764_lot_116,2,DIPINTI | VETRI
http://w3id.org/zac/87764_lot_166,2,CORNICI | LAMPADE
http://w3id.org/zac/87764_lot_273,2,Eisen; Waffen | OGGETTI IN METALLO
http://w3id.org/zac/87764_lot_I,2,CORNICI | Kunstblatter; Bucher
http://w3id.org/zac/87769_lot_1,2,LIBRI | OGGETTI D'ARTE
http://w3id.org/zac/87769_lot_11,2,ANTICHITA' | MINIATURE
http://w3id.org/zac/87769_lot_12,2,ANTICHITA' | OGGETTI IN LEGNO
http://w3id.org/zac/87769_lot_37,2,ANTICHITA' | OGGETTI IN LEGNO
http://w3id.org/zac/87769_lot_6,2,OGGETTI D'ARTE | OGGETTI IN LEGNO
http://w3id.org/zac/87771_lot_3,2,OGGETTI VARI | Porzellan; Steingut; Fayence
http://w3id.org/zac/87771_lot_5,2,TESSUTI | Porzellan; Steingut; Fayence
http://w3id.org/zac/87771_lot_6,2,TESSUTI | Porzellan; Steingut; Fayence
http://w3id.org/zac/87771_lot_7,2,OGGETTI VARI | TESSUTI
http://w3id.org/zac/87772_lot_11,2,LIBRI | Porzellan; Fayence; Steingut
http://w3id.org/zac/87772_lot_12,2,LIBRI | SCATOLE
http://w3id.org/zac/87772_lot_15,2,OGGETTI IN LATTA | PORCELLANE
http://w3id.org/zac/87772_lot_21,2,LIBRI | VASI
http://w3id.org/zac/87772_lot_9,2,ARMI | Porzellan; Fayence; Steingut
http://w3id.org/zac/87773_lot_125,2,MAIOLICHE | Mobel; Figuren
http://w3id.org/zac/87773_lot_130,2,Mobel; Figuren | Porzellane; Fayencen; Steinzeug
http://w3id.org/zac/87773_lot_190,2,Mobel; Figuren | VETRI
http://w3id.org/zac/87773_lot_195,2,VETRI | Porzellane; Fayencen; Steinzeug
http://w3id.org/zac/87773_lot_21,2,DIPINTI | SPECCHI
http://w3id.org/zac/87773_lot_24,2,DIPINTI | Silber; Bronze
http://w3id.org/zac/87773_lot_25,2,DIPINTI | Silber; Bronze
http://w3id.org/zac/87773_lot_27,2,DIPINTI | Waffen; Gobelin; Facher
http://w3id.org/zac/87773_lot_28,2,DIPINTI | Mobel; Figuren
http://w3id.org/zac/87773_lot_31,2,BRONZI | DIPINTI
http://w3id.org/zac/87773_lot_34,2,DIPINTI | Silber; Bronze
http://w3id.org/zac/87773_lot_35,2,Porzellane; Fayencen; Steinzeug | VASI
http://w3id.org/zac/87773_lot_36,2,DIPINTI | Silber; Bronze
http://w3id.org/zac/87773_lot_450,2,Mobel; Figuren | Waffen; Gobelin; Facher
http://w3id.org/zac/87773_lot_49,2,DIPINTI | Porzellane; Fayencen; Steinzeug
http://w3id.org/zac/87773_lot_564,2,Silber; Bronze | Porzellane; Fayencen; Steinzeug
http://w3id.org/zac/87773_lot_57,2,Waffen; Gobelin; Facher | Silber; Bronze
http://w3id.org/zac/87773_lot_60,2,Waffen; Gobelin; Facher | PIATTI
http://w3id.org/zac/87773_lot_69,2,Mobel; Figuren | Waffen; Gobelin; Facher
http://w3id.org/zac/87773_lot_735,2,Waffen; Gobelin; Facher | PIATTI
http://w3id.org/zac/87773_lot_80,2,Mobel; Figuren | Waffen; Gobelin; Facher
http://w3id.org/zac/87773_lot_96,2,Mobel; Figuren | Waffen; Gobelin; Facher
http://w3id.org/zac/87774_lot_8,2,Holz; Mobel | OGGETTI IN LATTA
http://w3id.org/zac/87781_lot_4,2,CORNICI | OGGETTI IN LEGNO
http://w3id.org/zac/87783_lot_1,2,Mobel; Einrichtungsgegenstande | MOBEL; EINRICHTUNGSGEGENSTANDE | Porzellan; Fayence; Steingut
http://w3id.org/zac/87783_lot_171,2,LAMPADE | OGGETTI VARI
http://w3id.org/zac/87785_lot_10,2,DECORAZIONI DA PARETE | MUNZEN; MEDAILLEN | Munzen; Medaillen
http://w3id.org/zac/87785_lot_11,2,Munzen; Medaillen | MUNZEN; MEDAILLEN | PORCELLANE
http://w3id.org/zac/87785_lot_13,2,MUNZEN; MEDAILLEN | Munzen; Medaillen | PORCELLANE
http://w3id.org/zac/87785_lot_14,2,Munzen; Medaillen | MUNZEN; MEDAILLEN | PORCELLANE
http://w3id.org/zac/87785_lot_15,2,MUNZEN; MEDAILLEN | Munzen; Medaillen | OGGETTI VARI
http://w3id.org/zac/87785_lot_22,2,Munzen; Medaillen | MUNZEN; MEDAILLEN | PORCELLANE
http://w3id.org/zac/87785_lot_23,2,Munzen; Medaillen | MUNZEN; MEDAILLEN | OGGETTI IN LATTA
http://w3id.org/zac/87785_lot_31,2,MUNZEN; MEDAILLEN | Munzen; Medaillen | MOBILI
http://w3id.org/zac/87785_lot_33,2,MUNZEN; MEDAILLEN | Munzen; Medaillen | PORCELLANE
http://w3id.org/zac/87785_lot_34,2,MUNZEN; MEDAILLEN | Munzen; Medaillen | OGGETTI IN LEGNO
http://w3id.org/zac/87785_lot_37,2,MUNZEN; MEDAILLEN | Munzen; Medaillen | PORCELLANE
http://w3id.org/zac/87785_lot_38,2,MUNZEN; MEDAILLEN | Munzen; Medaillen | PORCELLANE
http://w3id.org/zac/87785_lot_4,2,MUNZEN; MEDAILLEN | Munzen; Medaillen | OGGETTI IN LEGNO
http://w3id.org/zac/87786_lot_17,2,LUSTRI | SCATOLE
http://w3id.org/zac/87786_lot_23,2,ACQUEFORTI | OGGETTI VARI
http://w3id.org/zac/87786_lot_26,2,ACQUEFORTI | VASI
http://w3id.org/zac/87790_lot_2,2,MAIOLICHE | OGGETTI IN LEGNO
http://w3id.org/zac/87791_lot_10,2,OGGETTI IN FERRO | Porzellane; Fayencen
http://w3id.org/zac/87791_lot_13,2,Porzellane; Fayencen | STAMPE E INCISIONI
http://w3id.org/zac/87791_lot_14,2,Porzellane; Fayencen | STAMPE E INCISIONI
http://w3id.org/zac/87791_lot_15,2,OGGETTI IN LATTA | Porzellane; Fayencen
http://w3id.org/zac/87791_lot_16,2,Porzellane; Fayencen | SCATOLE
http://w3id.org/zac/87791_lot_17,2,PIATTI | Porzellane; Fayencen
http://w3id.org/zac/87791_lot_20,2,OGGETTI IN LEGNO | Porzellane; Fayencen
http://w3id.org/zac/87791_lot_28,2,MAIOLICHE | Porzellane; Fayencen
http://w3id.org/zac/87791_lot_29,2,Porzellane; Fayencen | STAMPE E INCISIONI
http://w3id.org/zac/87791_lot_3,2,MINIATURE | Porzellane; Fayencen
http://w3id.org/zac/87791_lot_33,2,OGGETTI IN LEGNO | Porzellane; Fayencen
http://w3id.org/zac/87791_lot_5,2,OGGETTI VARI | Porzellane; Fayencen
http://w3id.org/zac/87791_lot_9,2,OGGETTI IN LEGNO | Porzellane; Fayencen
http://w3id.org/zac/87794_lot_16,2,DECORAZIONI DA PARETE | OGGETTI IN LEGNO
http://w3id.org/zac/87794_lot_2,2,"Dienstag, den 5. Marz 1907 | OGGETTI IN LEGNO"
http://w3id.org/zac/87794_lot_3,2,"Dienstag, den 5. Marz 1907 | OGGETTI IN METALLO"
http://w3id.org/zac/87796_lot_I,2,Jagdstilleben | OGGETTI VARI
http://w3id.org/zac/87799_lot_10,2,ANTICHITA' | Kupferstiche; Bucher; Antiquitaten
http://w3id.org/zac/87799_lot_11,2,ANTICHITA' | Kupferstiche; Bucher; Antiquitaten
http://w3id.org/zac/87799_lot_12,2,ANTICHITA' | Kupferstiche; Bucher; Antiquitaten
http://w3id.org/zac/87799_lot_14,2,ANTICHITA' | Kupferstiche; Bucher; Antiquitaten
http://w3id.org/zac/87799_lot_16,2,ANTICHITA' | Kupferstiche; Bucher; Antiquitaten
http://w3id.org/zac/87799_lot_17,2,ANTICHITA' | Kupferstiche; Bucher; Antiquitaten
http://w3id.org/zac/87799_lot_18,2,ANTICHITA' | Kupferstiche; Bucher; Antiquitaten
http://w3id.org/zac/87799_lot_19,2,ANTICHITA' | Kupferstiche; Bucher; Antiquitaten
http://w3id.org/zac/87799_lot_20,2,ANTICHITA' | Kupferstiche; Bucher; Antiquitaten
http://w3id.org/zac/87799_lot_21,2,ANTICHITA' | Kupferstiche; Bucher; Antiquitaten
http://w3id.org/zac/87799_lot_23,2,ANTICHITA' | Kupferstiche; Bucher; Antiquitaten
http://w3id.org/zac/87799_lot_24,2,ANTICHITA' | Kupferstiche; Bucher; Antiquitaten
http://w3id.org/zac/87799_lot_26,2,ANTICHITA' | Kupferstiche; Bucher; Antiquitaten
http://w3id.org/zac/87799_lot_27,2,ANTICHITA' | Kupferstiche; Bucher; Antiquitaten
http://w3id.org/zac/87799_lot_29,2,ANTICHITA' | Kupferstiche; Bucher; Antiquitaten
http://w3id.org/zac/87799_lot_3,2,ANTICHITA' | Kupferstiche; Bucher; Antiquitaten
http://w3id.org/zac/87799_lot_30,2,ANTICHITA' | Kupferstiche; Bucher; Antiquitaten
http://w3id.org/zac/87799_lot_31,2,ANTICHITA' | Kupferstiche; Bucher; Antiquitaten
http://w3id.org/zac/87799_lot_32,2,ANTICHITA' | Kupferstiche; Bucher; Antiquitaten
http://w3id.org/zac/87799_lot_33,2,ANTICHITA' | Kupferstiche; Bucher; Antiquitaten
http://w3id.org/zac/87799_lot_34,2,ANTICHITA' | Kupferstiche; Bucher; Antiquitaten
http://w3id.org/zac/87799_lot_35,2,ANTICHITA' | Kupferstiche; Bucher; Antiquitaten
http://w3id.org/zac/87799_lot_4,2,ANTICHITA' | Kupferstiche; Bucher; Antiquitaten
http://w3id.org/zac/87799_lot_5,2,ANTICHITA' | Kupferstiche; Bucher; Antiquitaten
http://w3id.org/zac/87799_lot_6,2,ANTICHITA' | Kupferstiche; Bucher; Antiquitaten
http://w3id.org/zac/87799_lot_7,2,ANTICHITA' | Kupferstiche; Bucher; Antiquitaten
http://w3id.org/zac/87799_lot_8,2,ANTICHITA' | Kupferstiche; Bucher; Antiquitaten
http://w3id.org/zac/87799_lot_884,2,ANTICHITA' | Kupferstiche; Bucher; Antiquitaten
http://w3id.org/zac/87799_lot_9,2,ANTICHITA' | Kupferstiche; Bucher; Antiquitaten
http://w3id.org/zac/87800_lot_14,2,CERAMICHE | POLTRONE
http://w3id.org/zac/87800_lot_16,2,CORNICI | OGGETTI VARI
http://w3id.org/zac/87800_lot_2,2,CERAMICHE | MOBILI
http://w3id.org/zac/87800_lot_25,2,ABITI | CERAMICHE
http://w3id.org/zac/87800_lot_26,2,ABITI | CERAMICHE
http://w3id.org/zac/87800_lot_27,2,ABITI | CERAMICHE
http://w3id.org/zac/87800_lot_28,2,CERAMICHE | OGGETTI IN ORO
http://w3id.org/zac/87800_lot_3,2,CERAMICHE | ABITI
http://w3id.org/zac/87800_lot_36,2,CORNICI | OGGETTI IN METALLO
http://w3id.org/zac/87800_lot_6,2,CERAMICHE | MOBILI
http://w3id.org/zac/87800_lot_8,2,CERAMICHE | MOBILI
http://w3id.org/zac/87802_lot_100,2,DIPINTI | STAMPE E INCISIONI
http://w3id.org/zac/87802_lot_101,2,DIPINTI | STAMPE E INCISIONI
http://w3id.org/zac/87802_lot_104,2,DIPINTI | OGGETTI IN LEGNO
http://w3id.org/zac/87802_lot_106,2,ACQUEFORTI | STAMPE E INCISIONI
http://w3id.org/zac/87802_lot_107,2,DIPINTI | OGGETTI IN LEGNO
http://w3id.org/zac/87802_lot_110,2,DIPINTI | STAMPE E INCISIONI
http://w3id.org/zac/87802_lot_112,2,ACQUEFORTI | OGGETTI IN LEGNO
http://w3id.org/zac/87802_lot_116,2,OGGETTI IN LEGNO | STAMPE E INCISIONI
http://w3id.org/zac/87802_lot_117,2,ACQUEFORTI | STAMPE E INCISIONI
http://w3id.org/zac/87802_lot_121,2,DIPINTI | ACQUEFORTI
http://w3id.org/zac/87802_lot_126,2,ACQUEFORTI | DIPINTI
http://w3id.org/zac/87802_lot_127,2,OGGETTI IN LEGNO | STAMPE E INCISIONI
http://w3id.org/zac/87802_lot_13,2,DIPINTI | STAMPE E INCISIONI
http://w3id.org/zac/87802_lot_133,2,DIPINTI | STAMPE E INCISIONI
http://w3id.org/zac/87802_lot_134,2,DIPINTI | STAMPE E INCISIONI
http://w3id.org/zac/87802_lot_135,2,ACQUEFORTI | STAMPE E INCISIONI
http://w3id.org/zac/87802_lot_137,2,ACQUEFORTI | STAMPE E INCISIONI
http://w3id.org/zac/87802_lot_138,2,ACQUEFORTI | STAMPE E INCISIONI
http://w3id.org/zac/87802_lot_139,2,DIPINTI | OGGETTI VARI
http://w3id.org/zac/87802_lot_141,2,DIPINTI | ACQUEFORTI
http://w3id.org/zac/87802_lot_143,2,DIPINTI | STAMPE E INCISIONI
http://w3id.org/zac/87802_lot_146,2,DIPINTI | ACQUEFORTI
http://w3id.org/zac/87802_lot_152,2,DIPINTI | ACQUEFORTI
http://w3id.org/zac/87802_lot_153,2,ACQUEFORTI | STAMPE E INCISIONI
http://w3id.org/zac/87802_lot_155,2,DIPINTI | ACQUEFORTI
http://w3id.org/zac/87802_lot_169,2,DIPINTI | STAMPE E INCISIONI
http://w3id.org/zac/87802_lot_170,2,ACQUEFORTI | DIPINTI
http://w3id.org/zac/87802_lot_171,2,DIPINTI | STAMPE E INCISIONI
http://w3id.org/zac/87802_lot_189,2,ACQUEFORTI | STAMPE E INCISIONI
http://w3id.org/zac/87802_lot_19,2,DIPINTI | STAMPE E INCISIONI
http://w3id.org/zac/87802_lot_20,2,DIPINTI | ACQUEFORTI
http://w3id.org/zac/87802_lot_201,2,OGGETTI VARI | STAMPE E INCISIONI
http://w3id.org/zac/87802_lot_203,2,DIPINTI | STAMPE E INCISIONI
http://w3id.org/zac/87802_lot_216,2,ACQUEFORTI | Seelandschaften
http://w3id.org/zac/87802_lot_22,2,DIPINTI | STAMPE E INCISIONI
http://w3id.org/zac/87802_lot_221,2,DIPINTI | ACQUEFORTI
http://w3id.org/zac/87802_lot_222,2,ACQUEFORTI | DIPINTI
http://w3id.org/zac/87802_lot_25,2,ACQUEFORTI | DIPINTI
http://w3id.org/zac/87802_lot_26,2,ACQUEFORTI | DIPINTI
http://w3id.org/zac/87802_lot_264,2,OGGETTI VARI | Seelandschaften
http://w3id.org/zac/87802_lot_28,2,DIPINTI | STAMPE E INCISIONI
http://w3id.org/zac/87802_lot_30,2,DIPINTI | STAMPE E INCISIONI
http://w3id.org/zac/87802_lot_31,2,DIPINTI | ACQUEFORTI
http://w3id.org/zac/87802_lot_32,2,DIPINTI | ACQUEFORTI
http://w3id.org/zac/87802_lot_34,2,DIPINTI | STAMPE E INCISIONI
http://w3id.org/zac/87802_lot_36,2,DIPINTI | STAMPE E INCISIONI
http://w3id.org/zac/87802_lot_37,2,DIPINTI | ACQUEFORTI
http://w3id.org/zac/87802_lot_39,2,ACQUEFORTI | DIPINTI
http://w3id.org/zac/87802_lot_40,2,DIPINTI | ACQUEFORTI
http://w3id.org/zac/87802_lot_41,2,ACQUEFORTI | STAMPE E INCISIONI
http://w3id.org/zac/87802_lot_45,2,DIPINTI | ACQUEFORTI
http://w3id.org/zac/87802_lot_46,2,ACQUEFORTI | DIPINTI
http://w3id.org/zac/87802_lot_47,2,ACQUEFORTI | STAMPE E INCISIONI
http://w3id.org/zac/87802_lot_48,2,ACQUEFORTI | STAMPE E INCISIONI
http://w3id.org/zac/87802_lot_49,2,ACQUEFORTI | STAMPE E INCISIONI
http://w3id.org/zac/87802_lot_50,2,ACQUEFORTI | STAMPE E INCISIONI
http://w3id.org/zac/87802_lot_53,2,DIPINTI | STAMPE E INCISIONI
http://w3id.org/zac/87802_lot_54,2,ACQUEFORTI | STAMPE E INCISIONI
http://w3id.org/zac/87802_lot_55,2,ACQUEFORTI | STAMPE E INCISIONI
http://w3id.org/zac/87802_lot_56,2,ACQUEFORTI | STAMPE E INCISIONI
http://w3id.org/zac/87802_lot_57,2,ACQUEFORTI | STAMPE E INCISIONI
http://w3id.org/zac/87802_lot_59,2,DIPINTI | STAMPE E INCISIONI
http://w3id.org/zac/87802_lot_61,2,DIPINTI | STAMPE E INCISIONI
http://w3id.org/zac/87802_lot_63,2,DIPINTI | STAMPE E INCISIONI
http://w3id.org/zac/87802_lot_66,2,ACQUEFORTI | STAMPE E INCISIONI
http://w3id.org/zac/87802_lot_68,2,ACQUEFORTI | STAMPE E INCISIONI
http://w3id.org/zac/87802_lot_72,2,DIPINTI | STAMPE E INCISIONI
http://w3id.org/zac/87802_lot_73,2,DIPINTI | STAMPE E INCISIONI
http://w3id.org/zac/87802_lot_80,2,ACQUEFORTI | DIPINTI
http://w3id.org/zac/87802_lot_81,2,DIPINTI | STAMPE E INCISIONI
http://w3id.org/zac/87802_lot_82,2,DIPINTI | ACQUEFORTI
http://w3id.org/zac/87802_lot_84,2,ACQUEFORTI | DIPINTI
http://w3id.org/zac/87802_lot_85,2,ACQUEFORTI | OGGETTI VARI
http://w3id.org/zac/87802_lot_86,2,DIPINTI | STAMPE E INCISIONI
http://w3id.org/zac/87802_lot_90,2,DIPINTI | ACQUEFORTI
http://w3id.org/zac/87802_lot_93,2,DIPINTI | ACQUEFORTI
http://w3id.org/zac/87802_lot_95,2,DIPINTI | STAMPE E INCISIONI
http://w3id.org/zac/87802_lot_96,2,ACQUEFORTI | STAMPE E INCISIONI
http://w3id.org/zac/87802_lot_97,2,DIPINTI | STAMPE E INCISIONI
http://w3id.org/zac/87802_lot_98,2,DIPINTI | ACQUEFORTI
http://w3id.org/zac/87806_lot_11,2,OGGETTI IN LEGNO | STAMPE E INCISIONI
http://w3id.org/zac/87806_lot_12,2,Antiquitaten; Kunstgegenstande | STAMPE E INCISIONI
http://w3id.org/zac/87806_lot_14,2,Antiquitaten; Kunstgegenstande | STAMPE E INCISIONI
http://w3id.org/zac/87806_lot_15,2,Antiquitaten; Kunstgegenstande | STAMPE E INCISIONI
http://w3id.org/zac/87806_lot_16,2,Antiquitaten; Kunstgegenstande | STAMPE E INCISIONI
http://w3id.org/zac/87806_lot_18,2,Antiquitaten; Kunstgegenstande | STAMPE E INCISIONI
http://w3id.org/zac/87806_lot_2,2,Antiquitaten; Kunstgegenstande | STAMPE E INCISIONI
http://w3id.org/zac/87806_lot_20,2,Antiquitaten; Kunstgegenstande | STAMPE E INCISIONI
http://w3id.org/zac/87806_lot_21,2,Antiquitaten; Kunstgegenstande | STAMPE E INCISIONI
http://w3id.org/zac/87806_lot_22,2,Antiquitaten; Kunstgegenstande | STAMPE E INCISIONI
http://w3id.org/zac/87806_lot_24,2,Antiquitaten; Kunstgegenstande | STAMPE E INCISIONI
http://w3id.org/zac/87806_lot_25,2,Antiquitaten; Kunstgegenstande | STAMPE E INCISIONI
http://w3id.org/zac/87806_lot_26,2,Antiquitaten; Kunstgegenstande | STAMPE E INCISIONI
http://w3id.org/zac/87806_lot_29,2,Antiquitaten; Kunstgegenstande | STAMPE E INCISIONI
http://w3id.org/zac/87806_lot_30,2,Antiquitaten; Kunstgegenstande | STAMPE E INCISIONI
http://w3id.org/zac/87806_lot_33,2,Antiquitaten; Kunstgegenstande | STAMPE E INCISIONI
http://w3id.org/zac/87806_lot_34,2,Antiquitaten; Kunstgegenstande | STAMPE E INCISIONI
http://w3id.org/zac/87806_lot_35,2,Antiquitaten; Kunstgegenstande | STAMPE E INCISIONI
http://w3id.org/zac/87806_lot_37,2,Antiquitaten; Kunstgegenstande | STAMPE E INCISIONI
http://w3id.org/zac/87806_lot_38,2,Antiquitaten; Kunstgegenstande | STAMPE E INCISIONI
http://w3id.org/zac/87806_lot_4,2,Antiquitaten; Kunstgegenstande | STAMPE E INCISIONI
http://w3id.org/zac/87806_lot_5,2,Antiquitaten; Kunstgegenstande | STAMPE E INCISIONI
http://w3id.org/zac/87806_lot_7,2,Antiquitaten; Kunstgegenstande | STAMPE E INCISIONI
http://w3id.org/zac/87806_lot_8,2,Antiquitaten; Kunstgegenstande | STAMPE E INCISIONI
http://w3id.org/zac/87806_lot_9,2,Antiquitaten; Kunstgegenstande | STAMPE E INCISIONI
http://w3id.org/zac/87807_lot_24,2,Antiquitaten; Kunstgegenstande; Mobel | ACQUERELLI
http://w3id.org/zac/87807_lot_27,2,Antiquitaten; Kunstgegenstande; Mobel | OGGETTI IN METALLO
http://w3id.org/zac/87807_lot_28,2,Antiquitaten; Kunstgegenstande; Mobel | ARGENTI
http://w3id.org/zac/87807_lot_34,2,Antiquitaten; Kunstgegenstande; Mobel | OGGETTI IN METALLO
http://w3id.org/zac/87807_lot_85,2,Antiquitaten; Kunstgegenstande; Mobel | OGGETTI IN RAME
http://w3id.org/zac/87810_lot_124,2,CORNICI | OGGETTI VARI
http://w3id.org/zac/87814_lot_16,2,OGGETTI IN METALLO | Porzellan; Fayence; Glas
http://w3id.org/zac/87814_lot_18,2,OGGETTI IN METALLO | Porzellan; Fayence; Glas
http://w3id.org/zac/87814_lot_22,2,Antiquitaten; Kunstgegenstande | OGGETTI IN METALLO
http://w3id.org/zac/87814_lot_23,2,OGGETTI IN METALLO | Porzellan; Fayence; Glas
http://w3id.org/zac/87814_lot_25,2,Antiquitaten; Kunstgegenstande | OGGETTI IN METALLO
http://w3id.org/zac/87814_lot_26,2,OGGETTI IN METALLO | Porzellan; Fayence; Glas
http://w3id.org/zac/87814_lot_28,2,OGGETTI IN METALLO | Porzellan; Fayence; Glas
http://w3id.org/zac/87814_lot_30,2,Antiquitaten; Kunstgegenstande | OGGETTI IN METALLO
http://w3id.org/zac/87814_lot_32,2,Antiquitaten; Kunstgegenstande | OGGETTI IN METALLO
http://w3id.org/zac/87814_lot_36,2,Antiquitaten; Kunstgegenstande | OGGETTI IN METALLO
http://w3id.org/zac/87814_lot_37,2,OGGETTI IN METALLO | PORCELLANE
http://w3id.org/zac/87814_lot_38,2,OGGETTI IN METALLO | Porzellan; Fayence; Glas
http://w3id.org/zac/87814_lot_40,2,OGGETTI IN METALLO | Porzellan; Fayence; Glas
http://w3id.org/zac/87814_lot_41,2,MAIOLICHE | OGGETTI IN METALLO
http://w3id.org/zac/87814_lot_42,2,OGGETTI IN METALLO | OGGETTI IN ORO
http://w3id.org/zac/87814_lot_45,2,OGGETTI IN METALLO | Porzellan; Fayence; Glas
http://w3id.org/zac/87814_lot_46,2,ARGENTI | OGGETTI VARI
http://w3id.org/zac/87814_lot_5,2,Antiquitaten; Kunstgegenstande | OGGETTI IN METALLO
http://w3id.org/zac/87814_lot_6,2,Antiquitaten; Kunstgegenstande | OGGETTI IN METALLO
http://w3id.org/zac/87814_lot_7,2,Antiquitaten; Kunstgegenstande | OGGETTI IN METALLO
http://w3id.org/zac/87814_lot_8,2,OGGETTI IN METALLO | Porzellan; Fayence; Glas
http://w3id.org/zac/87815_lot_145,2,PORCELLANE | VETRI
http://w3id.org/zac/87815_lot_198,2,OGGETTI VARI | PIATTI
http://w3id.org/zac/87815_lot_2,2,PORCELLANE | VASI
http://w3id.org/zac/87815_lot_20,2,PORCELLANE | PIATTI
http://w3id.org/zac/87815_lot_200,2,CORNICI | PORCELLANE
http://w3id.org/zac/87815_lot_2100,2,VASI | PORCELLANE
http://w3id.org/zac/87815_lot_228,2,PIATTI | PORCELLANE
http://w3id.org/zac/87815_lot_241,2,PORCELLANE | PIATTI
http://w3id.org/zac/87815_lot_250,2,PORCELLANE | VASI
http://w3id.org/zac/87815_lot_2500,2,PORCELLANE | VASI
http://w3id.org/zac/87815_lot_252,2,OGGETTI IN ORO | PORCELLANE
http://w3id.org/zac/87815_lot_268,2,OGGETTI VARI | PORCELLANE
http://w3id.org/zac/87815_lot_271,2,FOTOGRAFIE | PORCELLANE
http://w3id.org/zac/87815_lot_272,2,OGGETTI VARI | PORCELLANE
http://w3id.org/zac/87815_lot_275,2,VASI | PORCELLANE
http://w3id.org/zac/87815_lot_277,2,PORCELLANE | VASI
http://w3id.org/zac/87815_lot_279,2,PORCELLANE | PIATTI
http://w3id.org/zac/87815_lot_280,2,MOBILI | SCATOLE
http://w3id.org/zac/87815_lot_285,2,ACQUEFORTI | MOBILI
http://w3id.org/zac/87815_lot_29,2,OGGETTI LITURGICI | TABACCHIERE
http://w3id.org/zac/87816_lot_4,2,CORNICI | OGGETTI IN LEGNO
http://w3id.org/zac/87816_lot_5,2,OGGETTI IN LEGNO | POLTRONE
http://w3id.org/zac/87816_lot_7,2,OGGETTI IN LEGNO | PORCELLANE
http://w3id.org/zac/87817_lot_I,2,ARREDAMENTI | OGGETTI VARI
http://w3id.org/zac/87821_lot_10,2,Antiquitaten; Kunstgegenstande | OGGETTI IN LEGNO
http://w3id.org/zac/87821_lot_12,2,Antiquitaten; Kunstgegenstande | OGGETTI IN LEGNO
http://w3id.org/zac/87821_lot_17,2,Antiquitaten; Kunstgegenstande | OGGETTI IN LEGNO
http://w3id.org/zac/87821_lot_175,2,Antiquitaten; Kunstgegenstande | STAMPE E INCISIONI
http://w3id.org/zac/87821_lot_19,2,Antiquitaten; Kunstgegenstande | OGGETTI VARI
http://w3id.org/zac/87821_lot_23,2,Antiquitaten; Kunstgegenstande | OGGETTI IN LEGNO
http://w3id.org/zac/87821_lot_26,2,Antiquitaten; Kunstgegenstande | OGGETTI IN PIOMBO
http://w3id.org/zac/87821_lot_29,2,Antiquitaten; Kunstgegenstande | OGGETTI IN LEGNO
http://w3id.org/zac/87821_lot_30,2,Antiquitaten; Kunstgegenstande | OGGETTI VARI
http://w3id.org/zac/87821_lot_33,2,Antiquitaten; Kunstgegenstande | ACQUEFORTI
http://w3id.org/zac/87821_lot_48,2,Antiquitaten; Kunstgegenstande | OGGETTI IN LEGNO
http://w3id.org/zac/87821_lot_9,2,Antiquitaten; Kunstgegenstande | OGGETTI IN LEGNO
http://w3id.org/zac/87822_lot_1,2,ANTICHITA' | Aquarelle; Zeichnungen; Kupferstiche
http://w3id.org/zac/87822_lot_123,2,ANTICHITA' | OGGETTI IN RAME
http://w3id.org/zac/87822_lot_160,2,ANTICHITA' | OGGETTI VARI
http://w3id.org/zac/87822_lot_164,2,ANTICHITA' | OGGETTI IN RAME
http://w3id.org/zac/87822_lot_191,2,ANTICHITA' | OGGETTI IN RAME
http://w3id.org/zac/87822_lot_5,2,ANTICHITA' | CORNICI
http://w3id.org/zac/87822_lot_56,2,ANTICHITA' | SPECCHI
http://w3id.org/zac/87822_lot_63,2,ANTICHITA' | ACQUERELLI
http://w3id.org/zac/87822_lot_71,2,ANTICHITA' | OGGETTI VARI
http://w3id.org/zac/87822_lot_92,2,ARREDAMENTI | ANTICHITA'
http://w3id.org/zac/87823_lot_12,2,MINIATURE | SILBER; BRONZEN; MOBEL; TEXTILIEN; TEPPICHE; JAPAN- UND CHINA-PORZELLAN; FAYENCE
http://w3id.org/zac/87823_lot_13,2,OGGETTI IN ORO | OGGETTI IN FERRO
http://w3id.org/zac/87823_lot_5,2,LIBRI | PORCELLANE
http://w3id.org/zac/87823_lot_6,2,ACQUEFORTI | SCATOLE
http://w3id.org/zac/87823_lot_7,2,LIBRI | PORCELLANE
http://w3id.org/zac/87823_lot_8,2,LIBRI | OGGETTI IN ORO
http://w3id.org/zac/87823_lot_I,2,PORCELLANE | VASI
http://w3id.org/zac/87824_lot_29,2,BRONZI | Bronzen; Metallarbeiten
http://w3id.org/zac/87824_lot_3,2,CORNICI | ARREDAMENTI
http://w3id.org/zac/87825_lot_12,2,ARGENTI | PORCELLANE
http://w3id.org/zac/87825_lot_14,2,ARGENTI | PORCELLANE
http://w3id.org/zac/87825_lot_15,2,ARGENTI | PORCELLANE
http://w3id.org/zac/87825_lot_16,2,ARGENTI | SCATOLE
http://w3id.org/zac/87825_lot_18,2,ARGENTI | PORCELLANE
http://w3id.org/zac/87825_lot_2,2,ARGENTI | PORCELLANE
http://w3id.org/zac/87825_lot_24,2,ARGENTI | PORCELLANE
http://w3id.org/zac/87825_lot_25,2,ARGENTI | PORCELLANE
http://w3id.org/zac/87825_lot_29,2,ARGENTI | PORCELLANE
http://w3id.org/zac/87825_lot_3,2,VASI | PORCELLANE
http://w3id.org/zac/87825_lot_4,2,ARGENTI | PORCELLANE
http://w3id.org/zac/87828_lot_10,2,OGGETTI IN LEGNO | OGGETTI D'ARTE
http://w3id.org/zac/87828_lot_14,2,OGGETTI IN LEGNO | OGGETTI D'ARTE
http://w3id.org/zac/87828_lot_15,2,ARREDAMENTI | OGGETTI D'ARTE
http://w3id.org/zac/87828_lot_17,2,OGGETTI D'ARTE | SPECCHI
http://w3id.org/zac/87828_lot_20,2,ARREDAMENTI | OGGETTI IN LEGNO
http://w3id.org/zac/87828_lot_26,2,OGGETTI IN LEGNO | OGGETTI D'ARTE
http://w3id.org/zac/87828_lot_38,2,OGGETTI VARI | OGGETTI D'ARTE
http://w3id.org/zac/87828_lot_382,2,OGGETTI IN RAME | OGGETTI D'ARTE
http://w3id.org/zac/87828_lot_4,2,CORNICI | LAMPADE
http://w3id.org/zac/87828_lot_5,2,OGGETTI D'ARTE | SCOMPARTI
http://w3id.org/zac/87828_lot_6,2,OGGETTI D'ARTE | STAMPE E INCISIONI
http://w3id.org/zac/87828_lot_7,2,OGGETTI IN ORO | OGGETTI D'ARTE
http://w3id.org/zac/87828_lot_9,2,ARREDAMENTI | OGGETTI D'ARTE
http://w3id.org/zac/87830_lot_2,2,Metall; Waffen | PORZELLAN; FAYENCE | Porzellan; Fayence
http://w3id.org/zac/87830_lot_27,2,Metall; Waffen | PORZELLAN; FAYENCE | Porzellan; Fayence
http://w3id.org/zac/87830_lot_34,2,Miniaturen; Munzen; Elfenbein | Metall; Waffen
http://w3id.org/zac/87830_lot_39,2,Miniaturen; Munzen; Elfenbein | OGGETTI VARI
http://w3id.org/zac/87830_lot_4,2,Miniaturen; Munzen; Elfenbein | Metall; Waffen
http://w3id.org/zac/87831_lot_10,2,Keramische; Glas- und Metallarbeiten | Mobel; Einrichtungs- und Gebrauchsgegenstande
http://w3id.org/zac/87831_lot_11,2,Keramische; Glas- und Metallarbeiten | OGGETTI IN FERRO
http://w3id.org/zac/87831_lot_115,2,ARMI | OGGETTI IN FERRO
http://w3id.org/zac/87831_lot_12,2,ARMI | PIATTI
http://w3id.org/zac/87831_lot_15,2,OGGETTI D'ARTE ORIENTALE | Keramische; Glas- und Metallarbeiten
http://w3id.org/zac/87831_lot_150,2,ARMI | VASI
http://w3id.org/zac/87831_lot_160,2,ARMI | Mobel; Einrichtungs- und Gebrauchsgegenstande
http://w3id.org/zac/87831_lot_2,2,OGGETTI D'ARTE ORIENTALE | OGGETTI VARI
http://w3id.org/zac/87831_lot_21,2,OGGETTI D'ARTE ORIENTALE | Keramische; Glas- und Metallarbeiten
http://w3id.org/zac/87831_lot_210,2,ARMI | Mobel; Einrichtungs- und Gebrauchsgegenstande
http://w3id.org/zac/87831_lot_29,2,ARMI | Keramische; Glas- und Metallarbeiten
http://w3id.org/zac/87831_lot_37,2,Keramische; Glas- und Metallarbeiten | OGGETTI IN FERRO
http://w3id.org/zac/87831_lot_38,2,ARMI | Keramische; Glas- und Metallarbeiten
http://w3id.org/zac/87831_lot_4,2,ARMI | PIATTI
http://w3id.org/zac/87831_lot_40,2,ARMI | OGGETTI D'ARTE ORIENTALE
http://w3id.org/zac/87831_lot_45,2,ARMI | Keramische; Glas- und Metallarbeiten
http://w3id.org/zac/87831_lot_53,2,ARMI | VASI
http://w3id.org/zac/87831_lot_55,2,ARMI | OGGETTI IN FERRO
http://w3id.org/zac/87831_lot_8,2,ARMI | PIATTI
http://w3id.org/zac/87831_lot_I,2,Mobel; Einrichtungs- und Gebrauchsgegenstande | OGGETTI IN RAME
http://w3id.org/zac/87835_lot_170,2,OGGETTI VARI | PIATTI
http://w3id.org/zac/87836_lot_17,2,MINIATUREN; DOSEN | Miniaturen; Dosen | OGGETTI LACCATI
http://w3id.org/zac/87836_lot_20,2,CORNICI | VASI
http://w3id.org/zac/87836_lot_21,2,DIPINTI | Miniaturen; Dosen | MINIATUREN; DOSEN
http://w3id.org/zac/87836_lot_26,2,MINIATUREN; DOSEN | Miniaturen; Dosen | OGGETTI VARI
http://w3id.org/zac/87836_lot_3,2,Miniaturen; Dosen | MINIATUREN; DOSEN | SCATOLE
http://w3id.org/zac/87836_lot_39,2,CORNICI | MINIATUREN; DOSEN | Miniaturen; Dosen
http://w3id.org/zac/87836_lot_5,2,MINIATUREN; DOSEN | MINIATURE | Miniaturen; Dosen
http://w3id.org/zac/87840_lot_2,2,Gemalde; Kunstblatter | STAMPE E INCISIONI
http://w3id.org/zac/87840_lot_3,2,Gemalde; Kunstblatter | STAMPE E INCISIONI
http://w3id.org/zac/87842_lot_13,2,OGGETTI VARI | OGGETTI IN PELLE
http://w3id.org/zac/87843_lot_10,2,OGGETTI D'ARTE ORIENTALE | STAMPE E INCISIONI
http://w3id.org/zac/87843_lot_11,2,ACQUEFORTI | OGGETTI D'ARTE ORIENTALE
http://w3id.org/zac/87843_lot_12,2,ACQUEFORTI | OGGETTI D'ARTE ORIENTALE
http://w3id.org/zac/87843_lot_13,2,OGGETTI D'ARTE ORIENTALE | STAMPE E INCISIONI
http://w3id.org/zac/87843_lot_16,2,OGGETTI D'ARTE ORIENTALE | VASI
http://w3id.org/zac/87843_lot_2,2,OGGETTI D'ARTE ORIENTALE | STAMPE E INCISIONI
http://w3id.org/zac/87843_lot_20,2,ARTI GRAFICHE | STAMPE E INCISIONI
http://w3id.org/zac/87843_lot_23,2,OGGETTI D'ARTE ORIENTALE | STAMPE E INCISIONI
http://w3id.org/zac/87843_lot_25,2,OGGETTI D'ARTE ORIENTALE | STAMPE E INCISIONI
http://w3id.org/zac/87843_lot_26,2,OGGETTI D'ARTE ORIENTALE | STAMPE E INCISIONI
http://w3id.org/zac/87843_lot_27,2,OGGETTI D'ARTE ORIENTALE | STAMPE E INCISIONI
http://w3id.org/zac/87843_lot_28,2,ACQUEFORTI | OGGETTI D'ARTE ORIENTALE
http://w3id.org/zac/87843_lot_29,2,OGGETTI D'ARTE ORIENTALE | STAMPE E INCISIONI
http://w3id.org/zac/87843_lot_3,2,OGGETTI D'ARTE ORIENTALE | STAMPE E INCISIONI
http://w3id.org/zac/87843_lot_30,2,OGGETTI D'ARTE ORIENTALE | STAMPE E INCISIONI
http://w3id.org/zac/87843_lot_32,2,OGGETTI LACCATI | STAMPE E INCISIONI
http://w3id.org/zac/87843_lot_33,2,OGGETTI D'ARTE ORIENTALE | STAMPE E INCISIONI
http://w3id.org/zac/87843_lot_34,2,OGGETTI D'ARTE ORIENTALE | STAMPE E INCISIONI
http://w3id.org/zac/87843_lot_39,2,OGGETTI D'ARTE ORIENTALE | STAMPE E INCISIONI
http://w3id.org/zac/87843_lot_41,2,OGGETTI D'ARTE ORIENTALE | STAMPE E INCISIONI
http://w3id.org/zac/87843_lot_42,2,OGGETTI D'ARTE ORIENTALE | STAMPE E INCISIONI
http://w3id.org/zac/87843_lot_8,2,OGGETTI D'ARTE ORIENTALE | STAMPE E INCISIONI
http://w3id.org/zac/87843_lot_9,2,OGGETTI D'ARTE ORIENTALE | STAMPE E INCISIONI
http://w3id.org/zac/87845_lot_I,2,OGGETTI VARI | OGGETTI IN LEGNO
http://w3id.org/zac/87850_lot_18,2,"Dienstag, den 13. Oktober 1908 | Mittwoch,den 14.Oktober 1908"
http://w3id.org/zac/87850_lot_29,2,"MINIATURE | Donnerstag,den 15.Oktober 1908"
http://w3id.org/zac/87850_lot_33,2,"Dienstag, den 13. Oktober 1908 | Donnerstag,den 15.Oktober 1908"
http://w3id.org/zac/87850_lot_34,2,"Donnerstag,den 15.Oktober 1908 | SCATOLE"
http://w3id.org/zac/87850_lot_4,2,"Dienstag, den 13. Oktober 1908 | Donnerstag,den 15.Oktober 1908"
http://w3id.org/zac/87850_lot_9,2,"Dienstag, den 13. Oktober 1908 | CORNICI"
http://w3id.org/zac/87851_lot_15,2,ARMI | STOFFE; TEPPICHE | Stoffe; Teppiche
http://w3id.org/zac/87851_lot_16,2,ARMI | STOFFE; TEPPICHE | Stoffe; Teppiche
http://w3id.org/zac/87851_lot_17,2,ARMI | Stoffe; Teppiche | STOFFE; TEPPICHE
http://w3id.org/zac/87851_lot_18,2,ARMI | STOFFE; TEPPICHE | Stoffe; Teppiche
http://w3id.org/zac/87851_lot_19,2,ARMI | STOFFE; TEPPICHE | Stoffe; Teppiche
http://w3id.org/zac/87851_lot_2,2,ARMI | OGGETTI IN LEGNO
http://w3id.org/zac/87851_lot_20,2,ARMI | STOFFE; TEPPICHE | Stoffe; Teppiche
http://w3id.org/zac/87851_lot_21,2,ARMI | Stoffe; Teppiche | STOFFE; TEPPICHE
http://w3id.org/zac/87851_lot_22,2,ARMI | Stoffe; Teppiche | STOFFE; TEPPICHE
http://w3id.org/zac/87851_lot_24,2,ARMI | STOFFE; TEPPICHE | Stoffe; Teppiche
http://w3id.org/zac/87851_lot_25,2,ARMI | STOFFE; TEPPICHE | Stoffe; Teppiche
http://w3id.org/zac/87851_lot_27,2,ARMI | Stoffe; Teppiche | STOFFE; TEPPICHE
http://w3id.org/zac/87851_lot_28,2,ARMI | Stoffe; Teppiche | STOFFE; TEPPICHE
http://w3id.org/zac/87851_lot_29,2,ARMI | Stoffe; Teppiche | STOFFE; TEPPICHE
http://w3id.org/zac/87851_lot_31,2,ARMI | STOFFE; TEPPICHE | Stoffe; Teppiche
http://w3id.org/zac/87851_lot_32,2,ARMI | STOFFE; TEPPICHE | Stoffe; Teppiche
http://w3id.org/zac/87851_lot_6,2,ARMI | OGGETTI IN PIOMBO
http://w3id.org/zac/87851_lot_7,2,ARMI | STOFFE; TEPPICHE | Stoffe; Teppiche
http://w3id.org/zac/87852_lot_2,2,CORNICI | OGGETTI IN LEGNO
http://w3id.org/zac/87856_lot_15,2,ARMI | Topfereien; Glas
http://w3id.org/zac/87856_lot_28,2,Topfereien; Glas | TERRECOTTE
http://w3id.org/zac/87856_lot_34,2,ACQUERELLI | TERRECOTTE
http://w3id.org/zac/87856_lot_38,2,BRONZI | OGGETTI IN RAME
http://w3id.org/zac/87856_lot_44,2,ARMI | TERRECOTTE
http://w3id.org/zac/87856_lot_45,2,TERRECOTTE | Topfereien; Glas
http://w3id.org/zac/87856_lot_47,2,Topfereien; Glas | TERRECOTTE
http://w3id.org/zac/87856_lot_48,2,TERRECOTTE | Topfereien; Glas
http://w3id.org/zac/87857_lot_100,2,ARMI | Zimmertafelungen; Mobelgarnituren; Mobel
http://w3id.org/zac/87857_lot_24,2,Email; Glas; Porzellan; Steingut; Fayence; Majolika; Steinzeug | Zimmertafelungen; Mobelgarnituren; Mobel
http://w3id.org/zac/87857_lot_248,2,OGGETTI IN LEGNO | Zimmertafelungen; Mobelgarnituren; Mobel
http://w3id.org/zac/87857_lot_269,2,CORNICI | VETRI
http://w3id.org/zac/87862_lot_2,2,DIPINTI | OGGETTI IN LEGNO
http://w3id.org/zac/87864_lot_11,2,Antiquitaten; Kunstgegenstande | ACQUERELLI
http://w3id.org/zac/87864_lot_12,2,ACQUERELLI | OGGETTI IN RAME
http://w3id.org/zac/87864_lot_15,2,Antiquitaten; Kunstgegenstande | OGGETTI IN LEGNO
http://w3id.org/zac/87864_lot_18,2,Antiquitaten; Kunstgegenstande | ACQUERELLI
http://w3id.org/zac/87864_lot_21,2,Antiquitaten; Kunstgegenstande | Kunstblatter; Drucke
http://w3id.org/zac/87864_lot_22,2,Antiquitaten; Kunstgegenstande | ACQUERELLI
http://w3id.org/zac/87864_lot_23,2,Antiquitaten; Kunstgegenstande | ACQUERELLI
http://w3id.org/zac/87864_lot_25,2,Antiquitaten; Kunstgegenstande | ACQUERELLI
http://w3id.org/zac/87864_lot_26,2,Antiquitaten; Kunstgegenstande | ACQUERELLI
http://w3id.org/zac/87864_lot_29,2,ACQUERELLI | Antiquitaten; Kunstgegenstande
http://w3id.org/zac/87864_lot_30,2,Antiquitaten; Kunstgegenstande | ACQUERELLI
http://w3id.org/zac/87864_lot_31,2,ACQUERELLI | Antiquitaten; Kunstgegenstande
http://w3id.org/zac/87864_lot_32,2,ACQUERELLI | Antiquitaten; Kunstgegenstande
http://w3id.org/zac/87864_lot_34,2,Antiquitaten; Kunstgegenstande | OGGETTI IN PIOMBO
http://w3id.org/zac/87864_lot_35,2,Antiquitaten; Kunstgegenstande | OGGETTI VARI
http://w3id.org/zac/87865_lot_100,2,OGGETTI IN LEGNO | SCATOLE
http://w3id.org/zac/87865_lot_35,2,ARGENTI | SMALTI
http://w3id.org/zac/87865_lot_40,2,OGGETTI IN LEGNO | VASI
http://w3id.org/zac/87866_lot_11,2,ANTICHITA' | VASI
http://w3id.org/zac/87866_lot_12,2,ANTICHITA' | OGGETTI IN LEGNO
http://w3id.org/zac/87866_lot_3,2,ANTICHITA' | STAMPE E INCISIONI
http://w3id.org/zac/87866_lot_4,2,CORNICI | ANTICHITA'
http://w3id.org/zac/87866_lot_9,2,ANTICHITA' | OGGETTI IN LEGNO
http://w3id.org/zac/87867_lot_16,2,GIOIELLI | VASI
http://w3id.org/zac/87867_lot_2,2,Gemalde; Kunstblaffer | STAMPE E INCISIONI
http://w3id.org/zac/87867_lot_20,2,GIOIELLI | OGGETTI IN ORO
http://w3id.org/zac/87867_lot_21,2,GIOIELLI | OGGETTI IN ORO
http://w3id.org/zac/87867_lot_26,2,GIOIELLI | OGGETTI IN ORO
http://w3id.org/zac/87867_lot_27,2,GIOIELLI | SCATOLE
http://w3id.org/zac/87867_lot_3,2,GIOIELLI | STAMPE E INCISIONI
http://w3id.org/zac/87867_lot_41,2,GIOIELLI | OGGETTI IN ORO
http://w3id.org/zac/87867_lot_43,2,GIOIELLI | OGGETTI IN LEGNO
http://w3id.org/zac/87867_lot_5,2,Gemalde; Kunstblaffer | GIOIELLI
http://w3id.org/zac/87867_lot_6,2,GIOIELLI | Gemalde; Kunstblaffer
http://w3id.org/zac/87867_lot_8,2,Gemalde; Kunstblaffer | GIOIELLI
http://w3id.org/zac/87868_lot_109,2,ARREDAMENTI | OGGETTI IN LEGNO
http://w3id.org/zac/87884_lot_10,2,OGGETTI D'ARTE | STAMPE E INCISIONI
http://w3id.org/zac/87884_lot_11,2,OGGETTI D'ARTE | STAMPE E INCISIONI
http://w3id.org/zac/87884_lot_15,2,OGGETTI D'ARTE | VASI
http://w3id.org/zac/87884_lot_17,2,OGGETTI D'ARTE | OGGETTI VARI
http://w3id.org/zac/87884_lot_21,2,OGGETTI IN ORO | OGGETTI D'ARTE
http://w3id.org/zac/87884_lot_26,2,OGGETTI IN LEGNO | OGGETTI D'ARTE
http://w3id.org/zac/87884_lot_28,2,OGGETTI D'ARTE | VASI
http://w3id.org/zac/87884_lot_29,2,LAMPADE | OGGETTI D'ARTE
http://w3id.org/zac/87884_lot_3,2,OGGETTI D'ARTE | OGGETTI IN LEGNO
http://w3id.org/zac/87884_lot_30,2,OGGETTI IN RAME | OGGETTI D'ARTE
http://w3id.org/zac/87884_lot_33,2,MINIATURE | OGGETTI D'ARTE
http://w3id.org/zac/87884_lot_34,2,OGGETTI IN LEGNO | OGGETTI D'ARTE
http://w3id.org/zac/87884_lot_36,2,OGGETTI VARI | OGGETTI D'ARTE
http://w3id.org/zac/87884_lot_39,2,OGGETTI D'ARTE | OGGETTI IN ORO
http://w3id.org/zac/87884_lot_4,2,OGGETTI D'ARTE | PIATTI
http://w3id.org/zac/87884_lot_41,2,BAULI | OGGETTI D'ARTE
http://w3id.org/zac/87884_lot_42,2,OGGETTI D'ARTE | STAMPE E INCISIONI
http://w3id.org/zac/87884_lot_43,2,PIATTI | STAMPE E INCISIONI
http://w3id.org/zac/87887_lot_148,2,CERAMICHE | Mobel; Einrichtungsgegenstande | MOBEL; EINRICHTUNGSGEGENSTANDE
http://w3id.org/zac/87887_lot_45,2,BRONZI | CERAMICHE
http://w3id.org/zac/87887_lot_8,2,CERAMICHE | ARMI
http://w3id.org/zac/87891_lot_946,2,Handzeichnungen; Aquarelle | OGGETTI VARI
http://w3id.org/zac/87894_lot_14,2,DIPINTI | OGGETTI IN LEGNO
http://w3id.org/zac/87894_lot_3,2,CORNICI | DIPINTI
http://w3id.org/zac/87894_lot_5,2,DIPINTI | OGGETTI IN LEGNO
http://w3id.org/zac/87895_lot_I,2,CORNICI | Russische Kaiserin
http://w3id.org/zac/87895_lot_I4,2,OGGETTI IN LEGNO | Russische Kaiserin
http://w3id.org/zac/87896_lot_24,2,ANTICHITA' | FOTOGRAFIE
http://w3id.org/zac/87896_lot_26,2,ANTICHITA' | OGGETTI IN LEGNO
http://w3id.org/zac/87896_lot_28,2,ANTICHITA' | OGGETTI IN PIOMBO
http://w3id.org/zac/87896_lot_42,2,ANTICHITA' | ARREDAMENTI
http://w3id.org/zac/87896_lot_52,2,ARREDAMENTI | ANTICHITA'
http://w3id.org/zac/87897_lot_15,2,OGGETTI IN LATTA | OGGETTI IN ORO
http://w3id.org/zac/87897_lot_16,2,OGGETTI LACCATI | OGGETTI IN ORO
http://w3id.org/zac/87897_lot_17,2,MINIATURE | PIATTI
http://w3id.org/zac/87897_lot_19,2,MINIATURE | OGGETTI IN RAME
http://w3id.org/zac/87897_lot_2,2,OGGETTI IN ORO | SCATOLE
http://w3id.org/zac/87897_lot_20,2,OGGETTI IN ORO | OGGETTI IN LEGNO
http://w3id.org/zac/87897_lot_26,2,OGGETTI IN LEGNO | OGGETTI IN ORO
http://w3id.org/zac/87897_lot_27,2,STAMPE E INCISIONI | VASI
http://w3id.org/zac/87897_lot_4,2,MINIATURE | OGGETTI IN ORO
http://w3id.org/zac/87897_lot_58,2,OGGETTI VARI | STAMPE E INCISIONI
http://w3id.org/zac/87897_lot_6,2,MINIATURE | OGGETTI IN LEGNO
http://w3id.org/zac/87897_lot_61,2,OGGETTI IN LEGNO | OGGETTI IN ORO
http://w3id.org/zac/87897_lot_7,2,MINIATURE | OGGETTI VARI
http://w3id.org/zac/87903_lot_I,2,FOTOGRAFIE | OGGETTI IN LEGNO
http://w3id.org/zac/87907_lot_8,2,OLGEMALDE; PERSERTEPPICHE | TAPPETI
http://w3id.org/zac/87908_lot_I,2,OGGETTI IN LEGNO | STAMPE E INCISIONI
http://w3id.org/zac/87912_lot_16,2,OGGETTI VARI | VASI
http://w3id.org/zac/87912_lot_18,2,OGGETTI IN ORO | Steingut; Fayence
http://w3id.org/zac/87912_lot_26,2,Arbeiten in Edelmetall; Schmuckgegenstande | Steingut; Fayence
http://w3id.org/zac/87919_lot_2,2,ACQUERELLI | DISEGNI
http://w3id.org/zac/87919_lot_3,2,DISEGNI | OGGETTI VARI
http://w3id.org/zac/87920_lot_17,2,Antiquitaten; Kunstgegenstande; Autographen; Schmucksachen | OGGETTI IN LEGNO
http://w3id.org/zac/87920_lot_20,2,AUTOGRAFI | Antiquitaten; Kunstgegenstande; Autographen; Schmucksachen
http://w3id.org/zac/87920_lot_22,2,AUTOGRAFI | Antiquitaten; Kunstgegenstande; Autographen; Schmucksachen
http://w3id.org/zac/87920_lot_23,2,AUTOGRAFI | Antiquitaten; Kunstgegenstande; Autographen; Schmucksachen
http://w3id.org/zac/87920_lot_24,2,Antiquitaten; Kunstgegenstande; Autographen; Schmucksachen | OGGETTI IN LEGNO
http://w3id.org/zac/87920_lot_26,2,Antiquitaten; Kunstgegenstande; Autographen; Schmucksachen | AUTOGRAFI
http://w3id.org/zac/87920_lot_31,2,Antiquitaten; Kunstgegenstande; Autographen; Schmucksachen | OGGETTI IN LEGNO
http://w3id.org/zac/87920_lot_35,2,Antiquitaten; Kunstgegenstande; Autographen; Schmucksachen | OGGETTI VARI
http://w3id.org/zac/87920_lot_36,2,Antiquitaten; Kunstgegenstande; Autographen; Schmucksachen | SPECCHI
http://w3id.org/zac/87920_lot_37,2,Antiquitaten; Kunstgegenstande; Autographen; Schmucksachen | OGGETTI VARI
http://w3id.org/zac/87920_lot_38,2,Antiquitaten; Kunstgegenstande; Autographen; Schmucksachen | OGGETTI IN LEGNO
http://w3id.org/zac/87920_lot_40,2,Antiquitaten; Kunstgegenstande; Autographen; Schmucksachen | OGGETTI IN LEGNO
http://w3id.org/zac/87920_lot_41,2,Antiquitaten; Kunstgegenstande; Autographen; Schmucksachen | OGGETTI IN LEGNO
http://w3id.org/zac/87920_lot_43,2,Antiquitaten; Kunstgegenstande; Autographen; Schmucksachen | VASI
http://w3id.org/zac/87920_lot_46,2,Antiquitaten; Kunstgegenstande; Autographen; Schmucksachen | LAMPADE
http://w3id.org/zac/87920_lot_6,2,ACQUERELLI | Antiquitaten; Kunstgegenstande; Autographen; Schmucksachen
http://w3id.org/zac/87920_lot_7,2,Antiquitaten; Kunstgegenstande; Autographen; Schmucksachen | OGGETTI IN LEGNO
http://w3id.org/zac/87922_lot_11,2,OGGETTI D'ARTE | OGGETTI VARI
http://w3id.org/zac/87922_lot_12,2,ARMI | OGGETTI D'ARTE
http://w3id.org/zac/87922_lot_14,2,ARMI | OGGETTI D'ARTE
http://w3id.org/zac/87922_lot_16,2,ARMI | OGGETTI D'ARTE
http://w3id.org/zac/87922_lot_17,2,ARMI | OGGETTI D'ARTE
http://w3id.org/zac/87922_lot_18,2,ARMI | OGGETTI D'ARTE
http://w3id.org/zac/87922_lot_2,2,ARMI | OGGETTI D'ARTE
http://w3id.org/zac/87922_lot_20,2,ARMI | OGGETTI D'ARTE
http://w3id.org/zac/87922_lot_21,2,ARMI | OGGETTI D'ARTE
http://w3id.org/zac/87922_lot_31,2,OGGETTI D'ARTE | VASI
http://w3id.org/zac/87922_lot_35,2,FOTOGRAFIE | OGGETTI D'ARTE
http://w3id.org/zac/87922_lot_37,2,OGGETTI IN LEGNO | OGGETTI D'ARTE
http://w3id.org/zac/87922_lot_43,2,OGGETTI D'ARTE | OGGETTI IN LEGNO
http://w3id.org/zac/87922_lot_5,2,ARMI | OGGETTI D'ARTE
http://w3id.org/zac/87922_lot_7,2,ARMI | OGGETTI D'ARTE
http://w3id.org/zac/87922_lot_8,2,ARMI | OGGETTI D'ARTE
http://w3id.org/zac/87924_lot_8,2,ANTICHITA' | OGGETTI IN LEGNO
http://w3id.org/zac/87925_lot_4,2,OGGETTI VARI | TESSUTI
http://w3id.org/zac/87929_lot_169,2,OGGETTI IN LATTA | OGGETTI IN RAME
http://w3id.org/zac/87929_lot_205,2,OGGETTI IN LATTA | TESSUTI
http://w3id.org/zac/87929_lot_359,2,ARREDAMENTI | OGGETTI IN ORO
http://w3id.org/zac/87929_lot_I2,2,CERAMICHE | OGGETTI IN LATTA
http://w3id.org/zac/87929_lot_I4,2,CERAMICHE | OGGETTI IN LATTA
http://w3id.org/zac/87929_lot_II,2,CERAMICHE | OGGETTI IN LATTA
http://w3id.org/zac/87935_lot_83,2,MOBILI | OGGETTI IN LEGNO
http://w3id.org/zac/87939_lot_I,2,ANTICHITA' | CORNICI
http://w3id.org/zac/87945_lot_2,2,TERRECOTTE | VETRI
http://w3id.org/zac/87945_lot_3,2,MOBILI | TERRECOTTE
http://w3id.org/zac/87945_lot_30,2,MAIOLICHE | OGGETTI IN LATTA
http://w3id.org/zac/87948_lot_191,2,OGGETTI IN METALLO | OGGETTI IN LEGNO
http://w3id.org/zac/87948_lot_26,2,OGGETTI IN PELLE | OGGETTI IN ORO
http://w3id.org/zac/87948_lot_36,2,CORNICI | Gold; Silber; Schmuck
http://w3id.org/zac/87948_lot_I,2,CORNICI | STAMPE E INCISIONI
http://w3id.org/zac/87959_lot_11,2,OGGETTI D'ARTE | VASI
http://w3id.org/zac/87959_lot_12,2,OGGETTI IN RAME | OGGETTI D'ARTE
http://w3id.org/zac/87959_lot_14,2,OGGETTI IN RAME | OGGETTI D'ARTE
http://w3id.org/zac/87959_lot_15,2,LAMPADE | OGGETTI D'ARTE
http://w3id.org/zac/87959_lot_18,2,OGGETTI IN RAME | OGGETTI D'ARTE
http://w3id.org/zac/87959_lot_25,2,DIPINTI | OGGETTI D'ARTE
http://w3id.org/zac/87959_lot_27,2,OGGETTI IN LEGNO | OGGETTI D'ARTE
http://w3id.org/zac/87959_lot_28,2,DIPINTI | OGGETTI D'ARTE
http://w3id.org/zac/87959_lot_29,2,DIPINTI | OGGETTI D'ARTE
http://w3id.org/zac/87959_lot_3,2,OGGETTI D'ARTE | PIATTI
http://w3id.org/zac/87959_lot_31,2,DIPINTI | OGGETTI D'ARTE
http://w3id.org/zac/87959_lot_32,2,OGGETTI D'ARTE | PIATTI
http://w3id.org/zac/87959_lot_35,2,OGGETTI D'ARTE | PIATTI
http://w3id.org/zac/87959_lot_36,2,CAMINI | OGGETTI D'ARTE
http://w3id.org/zac/87959_lot_37,2,OGGETTI D'ARTE | OGGETTI IN LEGNO
http://w3id.org/zac/87959_lot_38,2,OGGETTI D'ARTE | VASI
http://w3id.org/zac/87959_lot_39,2,OGGETTI D'ARTE | OGGETTI IN LEGNO
http://w3id.org/zac/87959_lot_45,2,OGGETTI IN LEGNO | OGGETTI D'ARTE
http://w3id.org/zac/87959_lot_46,2,OGGETTI IN PIOMBO | OGGETTI D'ARTE
http://w3id.org/zac/87959_lot_5,2,OGGETTI VARI | OGGETTI D'ARTE
http://w3id.org/zac/87967_lot_54,2,CORNICI | OGGETTI IN LEGNO
http://w3id.org/zac/87967_lot_I,2,CORNICI | OGGETTI IN LEGNO
http://w3id.org/zac/87968_lot_18,2,OGGETTI VARI | SCOMPARTI
http://w3id.org/zac/87972_lot_72,2,Antiquitaten; Kunstsachen | OGGETTI IN LEGNO
http://w3id.org/zac/87974_lot_15,2,ARGENTI | OGGETTI IN FERRO
http://w3id.org/zac/87974_lot_16,2,ARGENTI | PORCELLANE
http://w3id.org/zac/87974_lot_20,2,ARGENTI | OGGETTI IN LEGNO
http://w3id.org/zac/87974_lot_21,2,ARGENTI | PORCELLANE
http://w3id.org/zac/87974_lot_26,2,ARGENTI | MAIOLICHE
http://w3id.org/zac/87974_lot_31,2,ARGENTI | MAIOLICHE
http://w3id.org/zac/87974_lot_32,2,ARGENTI | MAIOLICHE
http://w3id.org/zac/87975_lot_3,2,DECORAZIONI DA PARETE | OGGETTI IN METALLO
http://w3id.org/zac/87976_lot_I,2,CAMINI | OGGETTI IN LEGNO
http://w3id.org/zac/87979_lot_360,2,OGGETTI IN ORO | PIATTI
http://w3id.org/zac/87979_lot_646,2,MOBILI | OGGETTI IN FERRO
http://w3id.org/zac/87982_lot_145,2,OGGETTI VARI | TEPPICHE; STOFFE | Teppiche; Stoffe
http://w3id.org/zac/87982_lot_155,2,OGGETTI VARI | TEPPICHE; STOFFE | Teppiche; Stoffe
http://w3id.org/zac/87982_lot_185,2,Teppiche; Stoffe | STAMPE E INCISIONI | TEPPICHE; STOFFE
http://w3id.org/zac/87982_lot_235,2,OGGETTI IN LEGNO | Teppiche; Stoffe | TEPPICHE; STOFFE
http://w3id.org/zac/87982_lot_280,2,OGGETTI IN LEGNO | TEPPICHE; STOFFE | Teppiche; Stoffe
http://w3id.org/zac/87982_lot_300,2,Antiquitaten; Kunstgegenstände | Teppiche; Stoffe | TEPPICHE; STOFFE
http://w3id.org/zac/87982_lot_320,2,Antiquitaten; Kunstgegenstände | TEPPICHE; STOFFE | Teppiche; Stoffe
http://w3id.org/zac/87982_lot_330,2,Antiquitaten; Kunstgegenstände | Teppiche; Stoffe | TEPPICHE; STOFFE
http://w3id.org/zac/87982_lot_340,2,Antiquitaten; Kunstgegenstände | TEPPICHE; STOFFE | Teppiche; Stoffe
http://w3id.org/zac/87985_lot_31,2,MINIATURE | OGGETTI VARI
http://w3id.org/zac/87985_lot_32,2,CERAMICHE | MINIATURE
http://w3id.org/zac/87985_lot_38,2,CERAMICHE | SCULTURE
http://w3id.org/zac/87985_lot_4,2,CERAMICHE | Schmuck; Edelmetallarbeiten
http://w3id.org/zac/87985_lot_512,2,Modellmobel; Puppenmobel; Miniaturschnitzereien | MINIATURE
http://w3id.org/zac/87985_lot_603,2,OGGETTI IN METALLO | VETRI
http://w3id.org/zac/87985_lot_68,2,CERAMICHE | OGGETTI VARI
http://w3id.org/zac/87985_lot_8,2,CERAMICHE | OGGETTI VARI
http://w3id.org/zac/87985_lot_821,2,LIBRI | LAMPADE
http://w3id.org/zac/87985_lot_I4,2,CERAMICHE | GIOIELLI
http://w3id.org/zac/87985_lot_I7,2,CERAMICHE | Schmuck; Edelmetallarbeiten
http://w3id.org/zac/87998_lot_120,2,Kupferstiche; Holzschnitfe; Lithographien; Farbdrucke | STAMPE E INCISIONI
http://w3id.org/zac/87998_lot_2,2,Kupferstiche; Holzschnitfe; Lithographien; Farbdrucke | Handzeichnungen; Bucher
http://w3id.org/zac/87998_lot_3,2,Kupferstiche; Holzschnitfe; Lithographien; Farbdrucke | Handzeichnungen; Bucher
http://w3id.org/zac/87998_lot_551,2,OGGETTI D'ARTE ORIENTALE | Kupferstiche; Holzschnitfe; Lithographien; Farbdrucke
http://w3id.org/zac/88001_lot_39,2,Antiquitaten; Kunstgegenstande | SCOMPARTI
http://w3id.org/zac/88016_lot_169,2,LIBRI | OGGETTI VARI
http://w3id.org/zac/88016_lot_2,2,CERAMICHE | Kupfer; Bronze; Messing
http://w3id.org/zac/88016_lot_20,2,Kupfer; Bronze; Messing | TERRECOTTE
http://w3id.org/zac/88016_lot_3,2,ARMI | OGGETTI IN RAME
http://w3id.org/zac/88016_lot_45,2,MAIOLICHE | OGGETTI IN LEGNO
http://w3id.org/zac/88016_lot_59,2,MAIOLICHE | SCOMPARTI
http://w3id.org/zac/88016_lot_7,2,LIBRI | OGGETTI VARI
http://w3id.org/zac/88016_lot_76,2,Fayencen; Steingut; Milehglas | PIATTI
http://w3id.org/zac/88016_lot_8,2,CERAMICHE | OGGETTI IN LEGNO
http://w3id.org/zac/88016_lot_86,2,PORCELLANE | SCOMPARTI
http://w3id.org/zac/88016_lot_I,2,OGGETTI VARI | PORCELLANE
http://w3id.org/zac/88016_lot_I7,2,Kupfer; Bronze; Messing | TERRECOTTE
http://w3id.org/zac/88016_lot_II4,2,VETRI | SPECCHI
http://w3id.org/zac/88018_lot_100,2,ACQUEFORTI | SCATOLE
http://w3id.org/zac/88018_lot_104,2,ACQUEFORTI | MAIOLICHE
http://w3id.org/zac/88018_lot_117,2,ACQUEFORTI | OGGETTI VARI
http://w3id.org/zac/88018_lot_44,2,BRONZI | PIATTI
http://w3id.org/zac/88018_lot_47,2,BRONZI | VASI
http://w3id.org/zac/88018_lot_82,2,OGGETTI VARI | OGGETTI IN METALLO
http://w3id.org/zac/88018_lot_97,2,OGGETTI IN LEGNO | OGGETTI IN METALLO
http://w3id.org/zac/88026_lot_140,2,OGGETTI LITURGICI | VETRI
http://w3id.org/zac/88026_lot_15,2,Aquarelle; Zeichnungen | PORCELLANE
http://w3id.org/zac/88026_lot_28,2,OGGETTI IN LATTA | VETRI
http://w3id.org/zac/88026_lot_31,2,Aquarelle; Zeichnungen | VETRI
http://w3id.org/zac/88026_lot_32,2,Aquarelle; Zeichnungen | VASI
http://w3id.org/zac/88026_lot_33,2,Aquarelle; Zeichnungen | PIATTI
http://w3id.org/zac/88026_lot_34,2,Aquarelle; Zeichnungen | PIATTI
http://w3id.org/zac/88026_lot_40,2,Bein; Perlmutter; Holzschnitzereien | Aquarelle; Zeichnungen
http://w3id.org/zac/88026_lot_41,2,Aquarelle; Zeichnungen | Bein; Perlmutter; Holzschnitzereien
http://w3id.org/zac/88026_lot_831,2,DIPINTI | OGGETTI IN ORO
http://w3id.org/zac/88026_lot_848,2,MERLETTI | OGGETTI IN RAME
http://w3id.org/zac/88026_lot_99,2,Ansichten | OGGETTI VARI
http://w3id.org/zac/88031_lot_I,2,BASTONI | CORNICI
http://w3id.org/zac/88032_lot_16,2,MAIOLICHE | VASI
http://w3id.org/zac/88032_lot_18,2,MAIOLICHE | VETRI
http://w3id.org/zac/88032_lot_21,2,MAIOLICHE | OGGETTI IN ORO
http://w3id.org/zac/88032_lot_23,2,GIOIELLI | OGGETTI IN ORO
http://w3id.org/zac/88032_lot_273,2,GIOIELLI | VETRI
http://w3id.org/zac/88032_lot_36,2,MEDAGLIE | PORCELLANE
http://w3id.org/zac/88032_lot_47,2,OGGETTI IN METALLO | PORCELLANE
http://w3id.org/zac/88032_lot_49,2,OGGETTI IN ORO | VETRI
http://w3id.org/zac/88032_lot_5,2,TERRECOTTE | STAMPE E INCISIONI
http://w3id.org/zac/88032_lot_6,2,TERRECOTTE | TESSUTI
http://w3id.org/zac/88032_lot_78,2,STAMPE E INCISIONI | VETRI
http://w3id.org/zac/88032_lot_84,2,VASI | VETRI
http://w3id.org/zac/88032_lot_88,2,CORNICI | VETRI
http://w3id.org/zac/88032_lot_I7,2,MAIOLICHE | PIATTI
http://w3id.org/zac/88032_lot_II,2,VASI | TERRECOTTE
http://w3id.org/zac/88033_lot_3,2,LIBRI | VETRI
http://w3id.org/zac/88033_lot_475,2,ACQUERELLI | Stiche; Lithographien
http://w3id.org/zac/88033_lot_5,2,LIBRI | VETRI
http://w3id.org/zac/88033_lot_6,2,LIBRI | VETRI
http://w3id.org/zac/88033_lot_99,2,ACQUERELLI | VETRI
http://w3id.org/zac/88043_lot_2,2,CORNICI | ARREDAMENTI
http://w3id.org/zac/88048_lot_113,2,MAIOLICHE | OGGETTI IN LEGNO
http://w3id.org/zac/88048_lot_1190,2,CORNICI | PORCELLANE
http://w3id.org/zac/88048_lot_12,2,CERAMICHE | OGGETTI IN METALLO
http://w3id.org/zac/88048_lot_16,2,CERAMICHE | BRONZI
http://w3id.org/zac/88048_lot_22,2,CERAMICHE | OGGETTI IN METALLO
http://w3id.org/zac/88048_lot_26,2,CERAMICHE | OGGETTI IN METALLO
http://w3id.org/zac/88048_lot_276,2,OGGETTI VARI | VETRI
http://w3id.org/zac/88048_lot_3,2,OGGETTI IN LEGNO | STAMPE E INCISIONI
http://w3id.org/zac/88048_lot_376,2,OGGETTI IN METALLO | TESSUTI
http://w3id.org/zac/88048_lot_7,2,CERAMICHE | BRONZI
http://w3id.org/zac/88048_lot_8,2,CERAMICHE | MINIATURE
http://w3id.org/zac/88048_lot_9,2,CERAMICHE | OGGETTI IN LEGNO
http://w3id.org/zac/88050_lot_17,2,ARMI | OGGETTI IN LEGNO
http://w3id.org/zac/88050_lot_259,2,CERAMICHE | VETRI
http://w3id.org/zac/88050_lot_446,2,MOBILI | MINIATURE
http://w3id.org/zac/88054_lot_2,2,ACQUEFORTI | DIPINTI
http://w3id.org/zac/88055_lot_2,2,MARMI | TERRECOTTE
http://w3id.org/zac/88055_lot_I,2,OGGETTI IN LEGNO | TERRECOTTE
http://w3id.org/zac/88058_lot_101,2,FAYENCE; MAJOLIKA; STEINGUT; GLAS | MOBEL; SPIEGEL; STANDUHREN
http://w3id.org/zac/88058_lot_1022,2,FAYENCE; MAJOLIKA; STEINGUT; GLAS | OGGETTI IN LATTA
http://w3id.org/zac/88058_lot_103,2,MOBEL; SPIEGEL; STANDUHREN | OGGETTI IN PELLE
http://w3id.org/zac/88058_lot_1107,2,FAYENCE; MAJOLIKA; STEINGUT; GLAS | OGGETTI VARI
http://w3id.org/zac/88058_lot_1110,2,FAYENCE; MAJOLIKA; STEINGUT; GLAS | OGGETTI VARI
http://w3id.org/zac/88058_lot_148,2,MOBEL; SPIEGEL; STANDUHREN | DOSEN; TASCHENUHREN; FACHER
http://w3id.org/zac/88058_lot_1532,2,DOSEN; TASCHENUHREN; FACHER | OGGETTI IN LATTA
http://w3id.org/zac/88058_lot_1603,2,OGGETTI IN RAME | OGGETTI IN CERA
http://w3id.org/zac/88058_lot_180,2,MOBEL; SPIEGEL; STANDUHREN | DOSEN; TASCHENUHREN; FACHER
http://w3id.org/zac/88058_lot_192,2,MOBEL; SPIEGEL; STANDUHREN | OGGETTI VARI
http://w3id.org/zac/88058_lot_195,2,MOBEL; SPIEGEL; STANDUHREN | DOSEN; TASCHENUHREN; FACHER
http://w3id.org/zac/88058_lot_205,2,MINIATUREN; OLBILDER; STICHE | MOBEL; SPIEGEL; STANDUHREN
http://w3id.org/zac/88058_lot_33,2,COPPE | FAYENCE; MAJOLIKA; STEINGUT; GLAS
http://w3id.org/zac/88058_lot_38,2,MINIATUREN; OLBILDER; STICHE | MOBEL; SPIEGEL; STANDUHREN
http://w3id.org/zac/88058_lot_43,2,MOBEL; SPIEGEL; STANDUHREN | PIATTI
http://w3id.org/zac/88058_lot_48,2,OGGETTI IN LATTA | SPECCHI
http://w3id.org/zac/88058_lot_587,2,FAYENCE; MAJOLIKA; STEINGUT; GLAS | PIATTI
http://w3id.org/zac/88058_lot_637,2,FAYENCE; MAJOLIKA; STEINGUT; GLAS | PIATTI
http://w3id.org/zac/88058_lot_641,2,FAYENCE; MAJOLIKA; STEINGUT; GLAS | OGGETTI VARI
http://w3id.org/zac/88058_lot_642,2,FAYENCE; MAJOLIKA; STEINGUT; GLAS | VASI
http://w3id.org/zac/88058_lot_650,2,FAYENCE; MAJOLIKA; STEINGUT; GLAS | VASI
http://w3id.org/zac/88058_lot_653,2,FAYENCE; MAJOLIKA; STEINGUT; GLAS | MINIATURE
http://w3id.org/zac/88058_lot_71,2,FAYENCE; MAJOLIKA; STEINGUT; GLAS | MOBEL; SPIEGEL; STANDUHREN
http://w3id.org/zac/88058_lot_805,2,FAYENCE; MAJOLIKA; STEINGUT; GLAS | OGGETTI IN LATTA
http://w3id.org/zac/88058_lot_807,2,FAYENCE; MAJOLIKA; STEINGUT; GLAS | OGGETTI IN LATTA
http://w3id.org/zac/88058_lot_810,2,FAYENCE; MAJOLIKA; STEINGUT; GLAS | OGGETTI IN LATTA
http://w3id.org/zac/88058_lot_830,2,FAYENCE; MAJOLIKA; STEINGUT; GLAS | OGGETTI IN RAME
http://w3id.org/zac/88058_lot_867,2,CANDELABRI | FAYENCE; MAJOLIKA; STEINGUT; GLAS
http://w3id.org/zac/88058_lot_868,2,FAYENCE; MAJOLIKA; STEINGUT; GLAS | VASI
http://w3id.org/zac/88058_lot_912,2,FAYENCE; MAJOLIKA; STEINGUT; GLAS | PIATTI
http://w3id.org/zac/88061_lot_11,2,ARREDAMENTI | CERAMICHE
http://w3id.org/zac/88061_lot_129,2,TESSUTI | VETRI
http://w3id.org/zac/88061_lot_13,2,CERAMICHE | VETRI
http://w3id.org/zac/88061_lot_161,2,OGGETTI IN METALLO | VETRI
http://w3id.org/zac/88061_lot_19,2,OGGETTI VARI | VASI
http://w3id.org/zac/88061_lot_21,2,PIATTI | VASI
http://w3id.org/zac/88061_lot_22,2,OGGETTI IN METALLO | VASI
http://w3id.org/zac/88061_lot_350,2,ALABASTRI | BIANCHERIA
http://w3id.org/zac/88061_lot_411,2,MOBILI | SCOMPARTI
http://w3id.org/zac/88061_lot_83,2,STAMPE E INCISIONI | TESSUTI
http://w3id.org/zac/88061_lot_90,2,VETRI | VASI
http://w3id.org/zac/88061_lot_I,2,MOBILI | OGGETTI IN METALLO
http://w3id.org/zac/88063_lot_10,2,Antiquitaten; Kunstgegenstände; Mobel; Teppiche | MINIATURE
http://w3id.org/zac/88063_lot_11,2,Antiquitaten; Kunstgegenstände; Mobel; Teppiche | OGGETTI IN LATTA
http://w3id.org/zac/88063_lot_12,2,Antiquitaten; Kunstgegenstände; Mobel; Teppiche | LAMPADE
http://w3id.org/zac/88063_lot_13,2,Antiquitaten; Kunstgegenstände; Mobel; Teppiche | ACQUERELLI
http://w3id.org/zac/88063_lot_16,2,Antiquitaten; Kunstgegenstände; Mobel; Teppiche | ACQUERELLI
http://w3id.org/zac/88063_lot_17,2,Antiquitaten; Kunstgegenstände; Mobel; Teppiche | ACQUERELLI
http://w3id.org/zac/88063_lot_18,2,Antiquitaten; Kunstgegenstände; Mobel; Teppiche | ACQUERELLI
http://w3id.org/zac/88063_lot_2,2,Antiquitaten; Kunstgegenstände; Mobel; Teppiche | VASI
http://w3id.org/zac/88063_lot_20,2,ACQUERELLI | Antiquitaten; Kunstgegenstände; Mobel; Teppiche
http://w3id.org/zac/88063_lot_21,2,Antiquitaten; Kunstgegenstände; Mobel; Teppiche | ACQUERELLI
http://w3id.org/zac/88063_lot_25,2,Antiquitaten; Kunstgegenstände; Mobel; Teppiche | SPECCHI
http://w3id.org/zac/88063_lot_27,2,Antiquitaten; Kunstgegenstände; Mobel; Teppiche | STAMPE E INCISIONI
http://w3id.org/zac/88063_lot_29,2,ACQUERELLI | Antiquitaten; Kunstgegenstände; Mobel; Teppiche
http://w3id.org/zac/88063_lot_30,2,ACQUERELLI | Antiquitaten; Kunstgegenstände; Mobel; Teppiche
http://w3id.org/zac/88063_lot_31,2,Antiquitaten; Kunstgegenstände; Mobel; Teppiche | ACQUERELLI
http://w3id.org/zac/88063_lot_32,2,Antiquitaten; Kunstgegenstände; Mobel; Teppiche | OGGETTI VARI
http://w3id.org/zac/88063_lot_34,2,ACQUERELLI | Antiquitaten; Kunstgegenstände; Mobel; Teppiche
http://w3id.org/zac/88063_lot_35,2,Antiquitaten; Kunstgegenstände; Mobel; Teppiche | ACQUERELLI
http://w3id.org/zac/88063_lot_36,2,Antiquitaten; Kunstgegenstände; Mobel; Teppiche | ACQUERELLI
http://w3id.org/zac/88063_lot_38,2,ACQUERELLI | Antiquitaten; Kunstgegenstände; Mobel; Teppiche
http://w3id.org/zac/88063_lot_39,2,ACQUERELLI | Antiquitaten; Kunstgegenstände; Mobel; Teppiche
http://w3id.org/zac/88063_lot_4,2,Antiquitaten; Kunstgegenstände; Mobel; Teppiche | OGGETTI IN LEGNO
http://w3id.org/zac/88063_lot_40,2,Antiquitaten; Kunstgegenstände; Mobel; Teppiche | ACQUERELLI
http://w3id.org/zac/88063_lot_43,2,Antiquitaten; Kunstgegenstände; Mobel; Teppiche | OGGETTI VARI
http://w3id.org/zac/88063_lot_47,2,Antiquitaten; Kunstgegenstände; Mobel; Teppiche | OGGETTI IN LEGNO
http://w3id.org/zac/88063_lot_48,2,Antiquitaten; Kunstgegenstände; Mobel; Teppiche | OGGETTI IN LEGNO
http://w3id.org/zac/88063_lot_49,2,Antiquitaten; Kunstgegenstände; Mobel; Teppiche | OGGETTI IN LEGNO
http://w3id.org/zac/88063_lot_51,2,Antiquitaten; Kunstgegenstände; Mobel; Teppiche | OGGETTI IN LEGNO
http://w3id.org/zac/88063_lot_7,2,Antiquitaten; Kunstgegenstände; Mobel; Teppiche | OGGETTI IN LEGNO
http://w3id.org/zac/88064_lot_1,2,OGGETTI IN LEGNO | OGGETTI D'ARTE
http://w3id.org/zac/88064_lot_15,2,ANTICHITA' | OGGETTI D'ARTE
http://w3id.org/zac/88064_lot_18,2,ANTICHITA' | OGGETTI D'ARTE
http://w3id.org/zac/88064_lot_181,2,MINIATURE | OGGETTI D'ARTE
http://w3id.org/zac/88064_lot_182,2,MINIATURE | OGGETTI D'ARTE
http://w3id.org/zac/88064_lot_183,2,MINIATURE | OGGETTI D'ARTE
http://w3id.org/zac/88064_lot_184,2,MINIATURE | OGGETTI D'ARTE
http://w3id.org/zac/88064_lot_186,2,MINIATURE | OGGETTI D'ARTE
http://w3id.org/zac/88064_lot_187,2,MINIATURE | OGGETTI D'ARTE
http://w3id.org/zac/88064_lot_189,2,MINIATURE | OGGETTI D'ARTE
http://w3id.org/zac/88064_lot_19,2,OGGETTI D'ARTE | OGGETTI IN LEGNO
http://w3id.org/zac/88064_lot_190,2,MINIATURE | OGGETTI D'ARTE
http://w3id.org/zac/88064_lot_191,2,MINIATURE | OGGETTI D'ARTE
http://w3id.org/zac/88064_lot_192,2,MINIATURE | OGGETTI D'ARTE
http://w3id.org/zac/88064_lot_193,2,MINIATURE | OGGETTI D'ARTE
http://w3id.org/zac/88064_lot_196,2,MINIATURE | OGGETTI D'ARTE
http://w3id.org/zac/88064_lot_197,2,MINIATURE | OGGETTI D'ARTE
http://w3id.org/zac/88064_lot_199,2,MINIATURE | OGGETTI D'ARTE
http://w3id.org/zac/88064_lot_20,2,ANTICHITA' | OGGETTI D'ARTE
http://w3id.org/zac/88064_lot_200,2,MINIATURE | OGGETTI D'ARTE
http://w3id.org/zac/88064_lot_201,2,MINIATURE | OGGETTI D'ARTE
http://w3id.org/zac/88064_lot_202,2,MINIATURE | OGGETTI D'ARTE
http://w3id.org/zac/88064_lot_203,2,MINIATURE | OGGETTI D'ARTE
http://w3id.org/zac/88064_lot_206,2,MINIATURE | OGGETTI D'ARTE
http://w3id.org/zac/88064_lot_207,2,MINIATURE | OGGETTI D'ARTE
http://w3id.org/zac/88064_lot_21,2,ANTICHITA' | OGGETTI D'ARTE
http://w3id.org/zac/88064_lot_210,2,MINIATURE | OGGETTI D'ARTE
http://w3id.org/zac/88064_lot_211,2,MINIATURE | OGGETTI D'ARTE
http://w3id.org/zac/88064_lot_212,2,MINIATURE | OGGETTI D'ARTE
http://w3id.org/zac/88064_lot_215,2,MINIATURE | OGGETTI D'ARTE
http://w3id.org/zac/88064_lot_216,2,MINIATURE | OGGETTI D'ARTE
http://w3id.org/zac/88064_lot_217,2,MINIATURE | OGGETTI D'ARTE
http://w3id.org/zac/88064_lot_218,2,MINIATURE | OGGETTI D'ARTE
http://w3id.org/zac/88064_lot_219,2,MINIATURE | OGGETTI D'ARTE
http://w3id.org/zac/88064_lot_220,2,MINIATURE | OGGETTI D'ARTE
http://w3id.org/zac/88064_lot_221,2,MINIATURE | OGGETTI D'ARTE
http://w3id.org/zac/88064_lot_222,2,MINIATURE | OGGETTI D'ARTE
http://w3id.org/zac/88064_lot_223,2,MINIATURE | OGGETTI D'ARTE
http://w3id.org/zac/88064_lot_224,2,MINIATURE | OGGETTI D'ARTE
http://w3id.org/zac/88064_lot_225,2,MINIATURE | OGGETTI D'ARTE
http://w3id.org/zac/88064_lot_226,2,MINIATURE | OGGETTI D'ARTE
http://w3id.org/zac/88064_lot_229,2,MINIATURE | OGGETTI D'ARTE
http://w3id.org/zac/88064_lot_23,2,ANTICHITA' | OGGETTI D'ARTE
http://w3id.org/zac/88064_lot_230,2,MINIATURE | OGGETTI D'ARTE
http://w3id.org/zac/88064_lot_231,2,MINIATURE | OGGETTI D'ARTE
http://w3id.org/zac/88064_lot_232,2,MINIATURE | OGGETTI D'ARTE
http://w3id.org/zac/88064_lot_233,2,MINIATURE | OGGETTI D'ARTE
http://w3id.org/zac/88064_lot_234,2,MINIATURE | OGGETTI D'ARTE
http://w3id.org/zac/88064_lot_235,2,MINIATURE | OGGETTI D'ARTE
http://w3id.org/zac/88064_lot_236,2,MINIATURE | OGGETTI D'ARTE
http://w3id.org/zac/88064_lot_237,2,MINIATURE | OGGETTI D'ARTE
http://w3id.org/zac/88064_lot_238,2,MINIATURE | OGGETTI D'ARTE
http://w3id.org/zac/88064_lot_239,2,MINIATURE | OGGETTI D'ARTE
http://w3id.org/zac/88064_lot_240,2,MINIATURE | OGGETTI D'ARTE
http://w3id.org/zac/88064_lot_241,2,MINIATURE | OGGETTI D'ARTE
http://w3id.org/zac/88064_lot_242,2,MINIATURE | OGGETTI D'ARTE
http://w3id.org/zac/88064_lot_243,2,MINIATURE | OGGETTI D'ARTE
http://w3id.org/zac/88064_lot_244,2,MINIATURE | OGGETTI D'ARTE
http://w3id.org/zac/88064_lot_245,2,MINIATURE | OGGETTI D'ARTE
http://w3id.org/zac/88064_lot_247,2,MINIATURE | OGGETTI D'ARTE
http://w3id.org/zac/88064_lot_248,2,MINIATURE | OGGETTI D'ARTE
http://w3id.org/zac/88064_lot_249,2,MINIATURE | OGGETTI D'ARTE
http://w3id.org/zac/88064_lot_250,2,CAMEI | MINIATURE
http://w3id.org/zac/88064_lot_251,2,MINIATURE | OGGETTI D'ARTE
http://w3id.org/zac/88064_lot_252,2,MINIATURE | OGGETTI D'ARTE
http://w3id.org/zac/88064_lot_253,2,MINIATURE | OGGETTI D'ARTE
http://w3id.org/zac/88064_lot_254,2,MINIATURE | OGGETTI D'ARTE
http://w3id.org/zac/88064_lot_255,2,MINIATURE | OGGETTI D'ARTE
http://w3id.org/zac/88064_lot_257,2,MINIATURE | OGGETTI D'ARTE
http://w3id.org/zac/88064_lot_258,2,MINIATURE | OGGETTI D'ARTE
http://w3id.org/zac/88064_lot_259,2,MINIATURE | OGGETTI D'ARTE
http://w3id.org/zac/88064_lot_26,2,ANTICHITA' | OGGETTI D'ARTE
http://w3id.org/zac/88064_lot_260,2,MINIATURE | OGGETTI D'ARTE
http://w3id.org/zac/88064_lot_261,2,MINIATURE | OGGETTI D'ARTE
http://w3id.org/zac/88064_lot_262,2,MINIATURE | OGGETTI D'ARTE
http://w3id.org/zac/88064_lot_263,2,MINIATURE | OGGETTI D'ARTE
http://w3id.org/zac/88064_lot_265,2,MINIATURE | VASI
http://w3id.org/zac/88064_lot_266,2,MINIATURE | OGGETTI D'ARTE
http://w3id.org/zac/88064_lot_267,2,MINIATURE | OGGETTI D'ARTE
http://w3id.org/zac/88064_lot_268,2,MINIATURE | OGGETTI VARI
http://w3id.org/zac/88064_lot_269,2,MINIATURE | OGGETTI D'ARTE
http://w3id.org/zac/88064_lot_27,2,ANTICHITA' | OGGETTI D'ARTE
http://w3id.org/zac/88064_lot_270,2,MINIATURE | OGGETTI D'ARTE
http://w3id.org/zac/88064_lot_271,2,MINIATURE | OGGETTI VARI
http://w3id.org/zac/88064_lot_274,2,MINIATURE | OGGETTI D'ARTE
http://w3id.org/zac/88064_lot_275,2,MINIATURE | OGGETTI D'ARTE
http://w3id.org/zac/88064_lot_278,2,MINIATURE | OGGETTI D'ARTE
http://w3id.org/zac/88064_lot_279,2,MINIATURE | OGGETTI D'ARTE
http://w3id.org/zac/88064_lot_280,2,MINIATURE | OGGETTI D'ARTE
http://w3id.org/zac/88064_lot_281,2,MINIATURE | OGGETTI D'ARTE
http://w3id.org/zac/88064_lot_282,2,MINIATURE | OGGETTI D'ARTE
http://w3id.org/zac/88064_lot_283,2,MINIATURE | OGGETTI D'ARTE
http://w3id.org/zac/88064_lot_285,2,MINIATURE | VASI
http://w3id.org/zac/88064_lot_286,2,MINIATURE | OGGETTI VARI
http://w3id.org/zac/88064_lot_287,2,MINIATURE | OGGETTI D'ARTE
http://w3id.org/zac/88064_lot_288,2,MINIATURE | OGGETTI VARI
http://w3id.org/zac/88064_lot_291,2,MINIATURE | OGGETTI D'ARTE
http://w3id.org/zac/88064_lot_292,2,MINIATURE | OGGETTI D'ARTE
http://w3id.org/zac/88064_lot_294,2,MINIATURE | OGGETTI D'ARTE
http://w3id.org/zac/88064_lot_295,2,MINIATURE | OGGETTI D'ARTE
http://w3id.org/zac/88064_lot_296,2,MINIATURE | OGGETTI D'ARTE
http://w3id.org/zac/88064_lot_297,2,MINIATURE | OGGETTI D'ARTE
http://w3id.org/zac/88064_lot_298,2,MINIATURE | OGGETTI D'ARTE
http://w3id.org/zac/88064_lot_299,2,MINIATURE | OGGETTI D'ARTE
http://w3id.org/zac/88064_lot_300,2,MINIATURE | OGGETTI D'ARTE
http://w3id.org/zac/88064_lot_301,2,MINIATURE | OGGETTI D'ARTE
http://w3id.org/zac/88064_lot_302,2,MINIATURE | OGGETTI D'ARTE
http://w3id.org/zac/88064_lot_322,2,OGGETTI D'ARTE | VASI
http://w3id.org/zac/88064_lot_328,2,OGGETTI D'ARTE | POLTRONE
http://w3id.org/zac/88064_lot_349,2,OGGETTI IN RAME | OGGETTI D'ARTE
http://w3id.org/zac/88064_lot_357,2,OGGETTI D'ARTE | OGGETTI VARI
http://w3id.org/zac/88064_lot_367,2,OGGETTI VARI | OGGETTI D'ARTE
http://w3id.org/zac/88064_lot_378,2,OGGETTI D'ARTE | VASI
http://w3id.org/zac/88064_lot_38,2,OGGETTI D'ARTE | OGGETTI VARI
http://w3id.org/zac/88064_lot_392,2,OGGETTI D'ARTE | OGGETTI VARI
http://w3id.org/zac/88064_lot_40,2,OGGETTI D'ARTE | OGGETTI IN LEGNO
http://w3id.org/zac/88064_lot_403,2,OGGETTI D'ARTE | OGGETTI IN RAME
http://w3id.org/zac/88064_lot_411,2,ANTICHITA' | OGGETTI D'ARTE
http://w3id.org/zac/88064_lot_412,2,ANTICHITA' | OGGETTI D'ARTE
http://w3id.org/zac/88064_lot_415,2,ANTICHITA' | OGGETTI D'ARTE
http://w3id.org/zac/88064_lot_417,2,ANTICHITA' | OGGETTI D'ARTE
http://w3id.org/zac/88064_lot_418,2,ANTICHITA' | OGGETTI D'ARTE
http://w3id.org/zac/88064_lot_419,2,ANTICHITA' | OGGETTI D'ARTE
http://w3id.org/zac/88064_lot_421,2,ANTICHITA' | OGGETTI D'ARTE
http://w3id.org/zac/88064_lot_423,2,ANTICHITA' | OGGETTI D'ARTE
http://w3id.org/zac/88064_lot_424,2,ANTICHITA' | OGGETTI D'ARTE
http://w3id.org/zac/88064_lot_425,2,ANTICHITA' | OGGETTI D'ARTE
http://w3id.org/zac/88064_lot_426,2,ANTICHITA' | OGGETTI D'ARTE
http://w3id.org/zac/88064_lot_427,2,ANTICHITA' | OGGETTI D'ARTE
http://w3id.org/zac/88064_lot_428,2,ANTICHITA' | OGGETTI D'ARTE
http://w3id.org/zac/88064_lot_429,2,ANTICHITA' | OGGETTI D'ARTE
http://w3id.org/zac/88064_lot_430,2,ANTICHITA' | OGGETTI D'ARTE
http://w3id.org/zac/88064_lot_431,2,ANTICHITA' | OGGETTI D'ARTE
http://w3id.org/zac/88064_lot_432,2,ANTICHITA' | OGGETTI D'ARTE
http://w3id.org/zac/88064_lot_434,2,ANTICHITA' | OGGETTI D'ARTE
http://w3id.org/zac/88064_lot_436,2,ANTICHITA' | OGGETTI D'ARTE
http://w3id.org/zac/88064_lot_437,2,ANTICHITA' | OGGETTI D'ARTE
http://w3id.org/zac/88064_lot_439,2,ANTICHITA' | OGGETTI D'ARTE
http://w3id.org/zac/88064_lot_440,2,ANTICHITA' | OGGETTI D'ARTE
http://w3id.org/zac/88064_lot_443,2,ANTICHITA' | OGGETTI D'ARTE
http://w3id.org/zac/88064_lot_444,2,ANTICHITA' | OGGETTI D'ARTE
http://w3id.org/zac/88064_lot_445,2,ANTICHITA' | OGGETTI D'ARTE
http://w3id.org/zac/88064_lot_446,2,ANTICHITA' | OGGETTI D'ARTE
http://w3id.org/zac/88064_lot_447,2,ANTICHITA' | CORNICI
http://w3id.org/zac/88064_lot_448,2,ANTICHITA' | OGGETTI D'ARTE
http://w3id.org/zac/88064_lot_449,2,ANTICHITA' | OGGETTI D'ARTE
http://w3id.org/zac/88064_lot_450,2,ANTICHITA' | OGGETTI D'ARTE
http://w3id.org/zac/88064_lot_451,2,ANTICHITA' | OGGETTI D'ARTE
http://w3id.org/zac/88064_lot_452,2,ANTICHITA' | OGGETTI D'ARTE
http://w3id.org/zac/88064_lot_454,2,ANTICHITA' | OGGETTI D'ARTE
http://w3id.org/zac/88064_lot_456,2,ANTICHITA' | OGGETTI D'ARTE
http://w3id.org/zac/88064_lot_457,2,ANTICHITA' | OGGETTI D'ARTE
http://w3id.org/zac/88064_lot_459,2,ANTICHITA' | OGGETTI D'ARTE
http://w3id.org/zac/88064_lot_46,2,CAMEI | OGGETTI IN LEGNO
http://w3id.org/zac/88064_lot_461,2,MINIATURE | OGGETTI D'ARTE
http://w3id.org/zac/88064_lot_462,2,ANTICHITA' | OGGETTI D'ARTE
http://w3id.org/zac/88064_lot_463,2,ANTICHITA' | OGGETTI D'ARTE
http://w3id.org/zac/88064_lot_464,2,ANTICHITA' | OGGETTI D'ARTE
http://w3id.org/zac/88064_lot_465,2,ANTICHITA' | OGGETTI D'ARTE
http://w3id.org/zac/88064_lot_466,2,ANTICHITA' | OGGETTI D'ARTE
http://w3id.org/zac/88064_lot_467,2,ANTICHITA' | OGGETTI D'ARTE
http://w3id.org/zac/88064_lot_468,2,ANTICHITA' | OGGETTI D'ARTE
http://w3id.org/zac/88064_lot_469,2,ANTICHITA' | OGGETTI D'ARTE
http://w3id.org/zac/88064_lot_470,2,ANTICHITA' | OGGETTI D'ARTE
http://w3id.org/zac/88064_lot_472,2,ANTICHITA' | OGGETTI D'ARTE
http://w3id.org/zac/88064_lot_473,2,ANTICHITA' | OGGETTI D'ARTE
http://w3id.org/zac/88064_lot_474,2,ANTICHITA' | OGGETTI D'ARTE
http://w3id.org/zac/88064_lot_475,2,ANTICHITA' | OGGETTI D'ARTE
http://w3id.org/zac/88064_lot_476,2,ANTICHITA' | STAMPE E INCISIONI
http://w3id.org/zac/88064_lot_479,2,ANTICHITA' | OGGETTI VARI
http://w3id.org/zac/88064_lot_480,2,ANTICHITA' | OGGETTI VARI
http://w3id.org/zac/88064_lot_483,2,ANTICHITA' | OGGETTI D'ARTE
http://w3id.org/zac/88064_lot_484,2,ANTICHITA' | OGGETTI D'ARTE
http://w3id.org/zac/88064_lot_488,2,ANTICHITA' | OGGETTI D'ARTE
http://w3id.org/zac/88064_lot_490,2,ANTICHITA' | OGGETTI D'ARTE
http://w3id.org/zac/88064_lot_491,2,ANTICHITA' | OGGETTI D'ARTE
http://w3id.org/zac/88064_lot_492,2,ANTICHITA' | OGGETTI D'ARTE
http://w3id.org/zac/88064_lot_494,2,ANTICHITA' | OGGETTI D'ARTE
http://w3id.org/zac/88064_lot_495,2,ANTICHITA' | OGGETTI D'ARTE
http://w3id.org/zac/88064_lot_496,2,ANTICHITA' | OGGETTI D'ARTE
http://w3id.org/zac/88064_lot_498,2,ANTICHITA' | OGGETTI D'ARTE
http://w3id.org/zac/88064_lot_501,2,ANTICHITA' | OGGETTI D'ARTE
http://w3id.org/zac/88064_lot_503,2,ANTICHITA' | OGGETTI D'ARTE
http://w3id.org/zac/88064_lot_504,2,ANTICHITA' | OGGETTI D'ARTE
http://w3id.org/zac/88064_lot_505,2,ANTICHITA' | OGGETTI D'ARTE
http://w3id.org/zac/88064_lot_506,2,ANTICHITA' | OGGETTI D'ARTE
http://w3id.org/zac/88064_lot_509,2,ANTICHITA' | OGGETTI D'ARTE
http://w3id.org/zac/88064_lot_510,2,ANTICHITA' | OGGETTI D'ARTE
http://w3id.org/zac/88064_lot_511,2,ANTICHITA' | OGGETTI D'ARTE
http://w3id.org/zac/88064_lot_52,2,OGGETTI VARI | VASI
http://w3id.org/zac/88064_lot_55,2,OGGETTI D'ARTE | OGGETTI IN LEGNO
http://w3id.org/zac/88064_lot_62,2,OGGETTI D'ARTE | OGGETTI IN PELLE
http://w3id.org/zac/88064_lot_63,2,OGGETTI IN PELLE | OGGETTI D'ARTE
http://w3id.org/zac/88064_lot_67,2,OGGETTI VARI | SCATOLE
http://w3id.org/zac/88064_lot_7,2,ANTICHITA' | OGGETTI D'ARTE
http://w3id.org/zac/88064_lot_71,2,OGGETTI D'ARTE | OGGETTI IN PELLE
http://w3id.org/zac/88064_lot_75,2,OGGETTI D'ARTE | OGGETTI IN LEGNO
http://w3id.org/zac/88065_lot_125,2,MOBILI | OGGETTI IN LEGNO
http://w3id.org/zac/88065_lot_17,2,MOBILI | OGGETTI VARI
http://w3id.org/zac/88065_lot_18,2,DIPINTI | MOBILI
http://w3id.org/zac/88065_lot_405,2,MOBILI | OGGETTI IN LEGNO
http://w3id.org/zac/88065_lot_559,2,CORNICI | MOBILI
http://w3id.org/zac/88065_lot_564,2,CORNICI | OGGETTI VARI
http://w3id.org/zac/88067_lot_36,2,VETRI | PORCELLANE
http://w3id.org/zac/88067_lot_37,2,VETRI | PORCELLANE
http://w3id.org/zac/88067_lot_38,2,BRONZI | PORCELLANE
http://w3id.org/zac/88067_lot_42,2,VETRI | PORCELLANE
http://w3id.org/zac/88067_lot_960,2,Mobel; Einrichtungsgenstande | POLTRONE
http://w3id.org/zac/88068_lot_6,2,DIPINTI | CORNICI
http://w3id.org/zac/88068_lot_I7,2,DIPINTI | OGGETTI VARI
http://w3id.org/zac/88070_lot_33,2,BAULI | SCHMUCK; MUNZEN; MEDAILLEN
http://w3id.org/zac/88071_lot_19,2,Antiquitaten; Kunstgegenstande | OGGETTI D'ARTE ORIENTALE
http://w3id.org/zac/88071_lot_25,2,Antiquitaten; Kunstgegenstande | OGGETTI D'ARTE ORIENTALE
http://w3id.org/zac/88071_lot_26,2,Antiquitaten; Kunstgegenstande | OGGETTI D'ARTE ORIENTALE
http://w3id.org/zac/88071_lot_28,2,Antiquitaten; Kunstgegenstande | OGGETTI D'ARTE ORIENTALE
http://w3id.org/zac/88071_lot_29,2,Antiquitaten; Kunstgegenstande | OGGETTI D'ARTE ORIENTALE
http://w3id.org/zac/88071_lot_30,2,Antiquitaten; Kunstgegenstande | OGGETTI D'ARTE ORIENTALE
http://w3id.org/zac/88071_lot_31,2,Antiquitaten; Kunstgegenstande | OGGETTI D'ARTE ORIENTALE
http://w3id.org/zac/88071_lot_33,2,OGGETTI D'ARTE ORIENTALE | OGGETTI IN RAME
http://w3id.org/zac/88071_lot_39,2,Antiquitaten; Kunstgegenstande | OGGETTI D'ARTE ORIENTALE
http://w3id.org/zac/88071_lot_42,2,ACQUERELLI | OGGETTI D'ARTE ORIENTALE
http://w3id.org/zac/88074_lot_12,2,DIPINTI | OGGETTI IN LEGNO
http://w3id.org/zac/88074_lot_13,2,DIPINTI | OGGETTI IN LEGNO
http://w3id.org/zac/88074_lot_14,2,DIPINTI | OGGETTI IN LEGNO
http://w3id.org/zac/88074_lot_3,2,DIPINTI | CORNICI
http://w3id.org/zac/88074_lot_5,2,DIPINTI | OGGETTI IN LEGNO
http://w3id.org/zac/88075_lot_1,2,ACQUERELLI | Kunstgewerbe; Antiquitaten
http://w3id.org/zac/88075_lot_11,2,Kunstgewerbe; Antiquitaten | OGGETTI IN LEGNO
http://w3id.org/zac/88075_lot_16,2,Kunstgewerbe; Antiquitaten | PIATTI
http://w3id.org/zac/88075_lot_18,2,Kunstgewerbe; Antiquitaten | OGGETTI IN LEGNO
http://w3id.org/zac/88075_lot_22,2,CANDELABRI | Kunstgewerbe; Antiquitaten
http://w3id.org/zac/88075_lot_24,2,ACQUERELLI | Kunstgewerbe; Antiquitaten
http://w3id.org/zac/88075_lot_25,2,DIPINTI | Kunstgewerbe; Antiquitaten
http://w3id.org/zac/88075_lot_3,2,Kunstgewerbe; Antiquitaten | VASI
http://w3id.org/zac/88075_lot_34,2,Kunstgewerbe; Antiquitaten | OGGETTI IN LEGNO
http://w3id.org/zac/88075_lot_38,2,Kunstgewerbe; Antiquitaten | OGGETTI IN LEGNO
http://w3id.org/zac/88075_lot_4,2,Kunstgewerbe; Antiquitaten | OGGETTI IN LEGNO
http://w3id.org/zac/88075_lot_54,2,ACQUERELLI | Kunstgewerbe; Antiquitaten
http://w3id.org/zac/88075_lot_6,2,Kunstgewerbe; Antiquitaten | OGGETTI IN LEGNO
http://w3id.org/zac/88075_lot_8,2,ACQUERELLI | Kunstgewerbe; Antiquitaten
http://w3id.org/zac/88075_lot_954,2,Kunstgewerbe; Antiquitaten | VASI
http://w3id.org/zac/88075_lot_I,2,DIPINTI | Kunstgewerbe; Antiquitaten
http://w3id.org/zac/88077_lot_3,2,OGGETTI IN RAME | SCOMPARTI
http://w3id.org/zac/88080_lot_14,2,OGGETTI IN LEGNO | OGGETTI IN LATTA
http://w3id.org/zac/88080_lot_20,2,OGGETTI IN LATTA | PIATTI
http://w3id.org/zac/88080_lot_21,2,OGGETTI VARI | OGGETTI IN LATTA
http://w3id.org/zac/88080_lot_34,2,OGGETTI IN LEGNO | PIATTI
http://w3id.org/zac/88080_lot_35,2,OGGETTI IN LEGNO | PIATTI
http://w3id.org/zac/88080_lot_38,2,OGGETTI VARI | PIATTI
http://w3id.org/zac/88080_lot_40,2,BIANCHERIA | LAMPADE
http://w3id.org/zac/88080_lot_51,2,OGGETTI IN LEGNO | OGGETTI IN METALLO
http://w3id.org/zac/88082_lot_3,2,MOBILI | VETRI
http://w3id.org/zac/88082_lot_5,2,BRONZI | OGGETTI VARI
http://w3id.org/zac/88087_lot_13,2,ACQUERELLI | Mobel; Antiquitaten; Kunstgegenstande
http://w3id.org/zac/88087_lot_14,2,ACQUERELLI | Mobel; Antiquitaten; Kunstgegenstande
http://w3id.org/zac/88087_lot_15,2,Mobel; Antiquitaten; Kunstgegenstande | OGGETTI IN ORO
http://w3id.org/zac/88087_lot_17,2,ACQUERELLI | Mobel; Antiquitaten; Kunstgegenstande
http://w3id.org/zac/88087_lot_29,2,Mobel; Antiquitaten; Kunstgegenstande | OGGETTI IN LEGNO
http://w3id.org/zac/88087_lot_31,2,Mobel; Antiquitaten; Kunstgegenstande | OGGETTI IN RAME
http://w3id.org/zac/88087_lot_32,2,Mobel; Antiquitaten; Kunstgegenstande | VASI
http://w3id.org/zac/88087_lot_39,2,ARAZZI | Mobel; Antiquitaten; Kunstgegenstande
http://w3id.org/zac/88087_lot_47,2,Mobel; Antiquitaten; Kunstgegenstande | OGGETTI IN RAME
http://w3id.org/zac/88087_lot_6,2,Gemalde; Aquarelle; Kunstdrucke | Mobel; Antiquitaten; Kunstgegenstande
http://w3id.org/zac/88087_lot_7,2,Mobel; Antiquitaten; Kunstgegenstande | Gemalde; Aquarelle; Kunstdrucke
http://w3id.org/zac/88087_lot_8,2,Gemalde; Aquarelle; Kunstdrucke | Mobel; Antiquitaten; Kunstgegenstande
http://w3id.org/zac/88088_lot_1,2,OGGETTI VARI | SCOMPARTI
http://w3id.org/zac/88088_lot_10,2,Ansichten | LIBRI
http://w3id.org/zac/88088_lot_112,2,DIPINTI | OGGETTI IN LATTA
http://w3id.org/zac/88088_lot_14,2,MONETE | LIBRI
http://w3id.org/zac/88088_lot_2,2,MONETE | PIATTI
http://w3id.org/zac/88088_lot_24,2,LIBRI | OGGETTI IN RAME
http://w3id.org/zac/88088_lot_4,2,MONETE | OGGETTI VARI
http://w3id.org/zac/88088_lot_418,2,STAMPE E INCISIONI | PORCELLANE
http://w3id.org/zac/88088_lot_419,2,STAMPE E INCISIONI | PORCELLANE
http://w3id.org/zac/88088_lot_6,2,OGGETTI VARI | STAMPE E INCISIONI
http://w3id.org/zac/88088_lot_66,2,OGGETTI VARI | VETRI
http://w3id.org/zac/88089_lot_17,2,OGGETTI IN LEGNO | STAMPE E INCISIONI
http://w3id.org/zac/88089_lot_22,2,OGGETTI IN LEGNO | STAMPE E INCISIONI
http://w3id.org/zac/88089_lot_25,2,CORNICI | STAMPE E INCISIONI
http://w3id.org/zac/88089_lot_30,2,CORNICI | STAMPE E INCISIONI
http://w3id.org/zac/88089_lot_31,2,CORNICI | STAMPE E INCISIONI
http://w3id.org/zac/88089_lot_34,2,CORNICI | STAMPE E INCISIONI
http://w3id.org/zac/88089_lot_7,2,CORNICI | STAMPE E INCISIONI
http://w3id.org/zac/88090_lot_16,2,OGGETTI IN LEGNO | Steinzeug; Steingut
http://w3id.org/zac/88090_lot_160,2,OGGETTI VARI | OGGETTI IN LEGNO
http://w3id.org/zac/88090_lot_165,2,OGGETTI IN LEGNO | PIATTI
http://w3id.org/zac/88091_lot_2,2,CORNICI | SPECCHI
http://w3id.org/zac/88092_lot_14,2,MINIATURE | MAIOLICHE
http://w3id.org/zac/88092_lot_230,2,ARGENTI | PIATTI
http://w3id.org/zac/88092_lot_26,2,MAIOLICHE | MOBILI
http://w3id.org/zac/88094_lot_10,2,Mobel; Porzellane; Glas | STAMPE E INCISIONI
http://w3id.org/zac/88094_lot_14,2,PORCELLANE | STAMPE E INCISIONI
http://w3id.org/zac/88094_lot_17,2,DIPINTI | STAMPE E INCISIONI
http://w3id.org/zac/88094_lot_18,2,DIPINTI | Mobel; Porzellane; Glas
http://w3id.org/zac/88094_lot_22,2,DIPINTI | STAMPE E INCISIONI
http://w3id.org/zac/88094_lot_7,2,DIPINTI | STAMPE E INCISIONI
http://w3id.org/zac/88096_lot_1,2,Mobel; Holzarbeiten | MOBEL; HOLZARBEITEN | OGGETTI IN LEGNO
http://w3id.org/zac/88096_lot_11,2,Mobel; Holzarbeiten | MOBEL; HOLZARBEITEN | OGGETTI IN LEGNO
http://w3id.org/zac/88096_lot_13,2,Mobel; Holzarbeiten | MOBEL; HOLZARBEITEN | OGGETTI IN LEGNO
http://w3id.org/zac/88096_lot_20,2,BASTONI | DIPINTI
http://w3id.org/zac/88096_lot_28,2,Edelmetall; Schmuck | Mobel; Holzarbeiten | MOBEL; HOLZARBEITEN
http://w3id.org/zac/88096_lot_32,2,CORNICI | OGGETTI IN LEGNO
http://w3id.org/zac/88096_lot_36,2,MOBEL; HOLZARBEITEN | Mobel; Holzarbeiten | OGGETTI IN LATTA
http://w3id.org/zac/88096_lot_40,2,BRONZI | OGGETTI IN LEGNO
http://w3id.org/zac/88096_lot_46,2,OGGETTI IN LEGNO | OGGETTI IN RAME
http://w3id.org/zac/88096_lot_48,2,CERAMICHE | OGGETTI IN ORO
http://w3id.org/zac/88096_lot_56,2,ARMI | OGGETTI IN LEGNO
http://w3id.org/zac/88096_lot_I,2,BRONZI | OGGETTI IN LEGNO
http://w3id.org/zac/88097_lot_119,2,MINIATUREN; GEMALDE | Miniaturen; Gemalde | PIATTI
http://w3id.org/zac/88097_lot_120,2,MOBILI | OGGETTI VARI
http://w3id.org/zac/88097_lot_163,2,ARMI | PIATTI
http://w3id.org/zac/88097_lot_17,2,OGGETTI VARI | TERRECOTTE
http://w3id.org/zac/88097_lot_19,2,TERRECOTTE | TEXTILIEN; TEPPICHE | Textilien; Teppiche
http://w3id.org/zac/88097_lot_210,2,FOTOGRAFIE | PIATTI
http://w3id.org/zac/88097_lot_23,2,OGGETTI VARI | TERRECOTTE
http://w3id.org/zac/88097_lot_3,2,ARMI | MOBILI
http://w3id.org/zac/88097_lot_30,2,TERRECOTTE | PIATTI
http://w3id.org/zac/88097_lot_320,2,ARMI | PIATTI
http://w3id.org/zac/88097_lot_351,2,ARMI | PIATTI
http://w3id.org/zac/88097_lot_38,2,OGGETTI IN ORO | TERRECOTTE
http://w3id.org/zac/88097_lot_40,2,ARMI | MOBILI
http://w3id.org/zac/88097_lot_43,2,ARMI | MAIOLICHE
http://w3id.org/zac/88097_lot_45,2,MAIOLICHE | MOBILI
http://w3id.org/zac/88097_lot_46,2,MOBILI | PIATTI
http://w3id.org/zac/88097_lot_50,2,MAIOLICHE | TERRECOTTE
http://w3id.org/zac/88097_lot_500,2,COPPE | MAIOLICHE
http://w3id.org/zac/88097_lot_53,2,MOBILI | VASI
http://w3id.org/zac/88097_lot_56,2,MAIOLICHE | SPECCHI
http://w3id.org/zac/88097_lot_600,2,MOBILI | PORCELLANE
http://w3id.org/zac/88097_lot_62,2,MAIOLICHE | PIATTI
http://w3id.org/zac/88097_lot_65,2,MAIOLICHE | MOBILI
http://w3id.org/zac/88097_lot_72,2,LAMPADE | MAIOLICHE
http://w3id.org/zac/88097_lot_9,2,ARMI | TERRECOTTE
http://w3id.org/zac/88097_lot_94,2,TERRECOTTE | PIATTI
http://w3id.org/zac/88097_lot_96,2,PIATTI | TERRECOTTE
http://w3id.org/zac/88097_lot_98,2,OGGETTI IN ORO | TERRECOTTE
http://w3id.org/zac/88098_lot_14,2,AVORI | DIPINTI
http://w3id.org/zac/88098_lot_23,2,OGGETTI IN LEGNO | OGGETTI IN LATTA
http://w3id.org/zac/88098_lot_27,2,DIPINTI | MUNZEN; MEDAILLEN | Munzen; Medaillen
http://w3id.org/zac/88098_lot_28,2,ARGENTI | OGGETTI IN LEGNO
http://w3id.org/zac/88098_lot_437,2,MOBILI | OGGETTI IN LEGNO
http://w3id.org/zac/88099_lot_55,2,ANTICHITA' | VASI
http://w3id.org/zac/88100_lot_2,2,CORNICI | OGGETTI IN LEGNO
http://w3id.org/zac/88102_lot_24,2,BRONZEN; PLAKETTEN; MEDAILLEN; MUNZEN | GLAS; PORZELLAN; ELFENBEIN; GOLD; SILBER; SCHMUCK
http://w3id.org/zac/88102_lot_26,2,GLAS; PORZELLAN; ELFENBEIN; GOLD; SILBER; SCHMUCK | SPECCHI
http://w3id.org/zac/88102_lot_34,2,BRONZEN; PLAKETTEN; MEDAILLEN; MUNZEN | GLAS; PORZELLAN; ELFENBEIN; GOLD; SILBER; SCHMUCK
http://w3id.org/zac/88102_lot_36,2,ORIENTALISCHE BRONZEN; WAFFEN | SPECCHI
http://w3id.org/zac/88102_lot_75,2,MOBEL; DEKORATIONSGEGENSTANDE; STOFFE | ORIENTALISCHE BRONZEN; WAFFEN
http://w3id.org/zac/88102_lot_76,2,MOBEL; DEKORATIONSGEGENSTANDE; STOFFE | ORIENTALISCHE BRONZEN; WAFFEN
http://w3id.org/zac/88102_lot_84,2,ORIENTALISCHE BRONZEN; WAFFEN | OGGETTI VARI
http://w3id.org/zac/88106_lot_17,2,TERRECOTTE | VETRI
http://w3id.org/zac/88106_lot_18,2,CORNICI | TERRECOTTE
http://w3id.org/zac/88106_lot_28,2,VETRI | TERRECOTTE
http://w3id.org/zac/88106_lot_32,2,VETRI | PIATTI
http://w3id.org/zac/88106_lot_I,2,CORNICI | OGGETTI IN LEGNO
http://w3id.org/zac/88107_lot_39,2,Antiquitaten; Miniaturen | OGGETTI IN ORO
http://w3id.org/zac/88108_lot_11,2,DIPINTI | SPARTITI MUSICALI
http://w3id.org/zac/88108_lot_12,2,DIPINTI | SPARTITI MUSICALI
http://w3id.org/zac/88108_lot_13,2,DIPINTI | SPARTITI MUSICALI
http://w3id.org/zac/88108_lot_14,2,Gemalde; Bildwerke | SPARTITI MUSICALI
http://w3id.org/zac/88108_lot_16,2,Gemalde; Bildwerke | SPARTITI MUSICALI
http://w3id.org/zac/88108_lot_19,2,OGGETTI VARI | SPARTITI MUSICALI
http://w3id.org/zac/88108_lot_9,2,Bildwerke; Gemalde; Decken; Shawls; Romische Lampen | SPARTITI MUSICALI
http://w3id.org/zac/88112_lot_3,2,CORNICI | OGGETTI IN LEGNO
http://w3id.org/zac/88112_lot_5,2,CORNICI | DISEGNI
http://w3id.org/zac/88112_lot_8,2,CORNICI | OGGETTI IN LEGNO
http://w3id.org/zac/88113_lot_11,2,MUNZEN; MEDAILLEN | Munzen; Medaillen | Waffen; Geweihe; Antiquitaten; Kunstgegenstande; Mobel; Munzen; Medaillen
http://w3id.org/zac/88113_lot_15,2,Munzen; Medaillen | MUNZEN; MEDAILLEN | Waffen; Geweihe; Antiquitaten; Kunstgegenstande; Mobel; Munzen; Medaillen
http://w3id.org/zac/88113_lot_16,2,MUNZEN; MEDAILLEN | Munzen; Medaillen | Waffen; Geweihe; Antiquitaten; Kunstgegenstande; Mobel; Munzen; Medaillen
http://w3id.org/zac/88113_lot_18,2,Munzen; Medaillen | MUNZEN; MEDAILLEN | Waffen; Geweihe; Antiquitaten; Kunstgegenstande; Mobel; Munzen; Medaillen
http://w3id.org/zac/88113_lot_21,2,MUNZEN; MEDAILLEN | Munzen; Medaillen | Waffen; Geweihe; Antiquitaten; Kunstgegenstande; Mobel; Munzen; Medaillen
http://w3id.org/zac/88113_lot_26,2,Munzen; Medaillen | MUNZEN; MEDAILLEN | Waffen; Geweihe; Antiquitaten; Kunstgegenstande; Mobel; Munzen; Medaillen
http://w3id.org/zac/88113_lot_27,2,OGGETTI IN LATTA | Waffen; Geweihe; Antiquitaten; Kunstgegenstande; Mobel; Munzen; Medaillen
http://w3id.org/zac/88113_lot_29,2,Munzen; Medaillen | MUNZEN; MEDAILLEN | Waffen; Geweihe; Antiquitaten; Kunstgegenstande; Mobel; Munzen; Medaillen
http://w3id.org/zac/88113_lot_30,2,MUNZEN; MEDAILLEN | Munzen; Medaillen | Waffen; Geweihe; Antiquitaten; Kunstgegenstande; Mobel; Munzen; Medaillen
http://w3id.org/zac/88113_lot_40,2,Munzen; Medaillen | MUNZEN; MEDAILLEN | Waffen; Geweihe; Antiquitaten; Kunstgegenstande; Mobel; Munzen; Medaillen
http://w3id.org/zac/88113_lot_42,2,MUNZEN; MEDAILLEN | Munzen; Medaillen | Waffen; Geweihe; Antiquitaten; Kunstgegenstande; Mobel; Munzen; Medaillen
http://w3id.org/zac/88113_lot_43,2,MUNZEN; MEDAILLEN | Munzen; Medaillen | Waffen; Geweihe; Antiquitaten; Kunstgegenstande; Mobel; Munzen; Medaillen
http://w3id.org/zac/88113_lot_47,2,MUNZEN; MEDAILLEN | Munzen; Medaillen | Waffen; Geweihe; Antiquitaten; Kunstgegenstande; Mobel; Munzen; Medaillen
http://w3id.org/zac/88113_lot_48,2,OGGETTI IN LEGNO | Waffen; Geweihe; Antiquitaten; Kunstgegenstande; Mobel; Munzen; Medaillen
http://w3id.org/zac/88113_lot_52,2,MUNZEN; MEDAILLEN | Munzen; Medaillen | Waffen; Geweihe; Antiquitaten; Kunstgegenstande; Mobel; Munzen; Medaillen
http://w3id.org/zac/88113_lot_53,2,OGGETTI IN LATTA | Waffen; Geweihe; Antiquitaten; Kunstgegenstande; Mobel; Munzen; Medaillen
http://w3id.org/zac/88113_lot_54,2,OGGETTI IN LATTA | Waffen; Geweihe; Antiquitaten; Kunstgegenstande; Mobel; Munzen; Medaillen
http://w3id.org/zac/88113_lot_56,2,OGGETTI IN LATTA | Waffen; Geweihe; Antiquitaten; Kunstgegenstande; Mobel; Munzen; Medaillen
http://w3id.org/zac/88113_lot_57,2,MOBILI | Waffen; Geweihe; Antiquitaten; Kunstgegenstande; Mobel; Munzen; Medaillen
http://w3id.org/zac/88113_lot_6,2,DIPINTI | Waffen; Geweihe; Antiquitaten; Kunstgegenstande; Mobel; Munzen; Medaillen
http://w3id.org/zac/88113_lot_61,2,VASI | Waffen; Geweihe; Antiquitaten; Kunstgegenstande; Mobel; Munzen; Medaillen
http://w3id.org/zac/88113_lot_7,2,DIPINTI | Waffen; Geweihe; Antiquitaten; Kunstgegenstande; Mobel; Munzen; Medaillen
http://w3id.org/zac/88113_lot_8,2,DIPINTI | Waffen; Geweihe; Antiquitaten; Kunstgegenstande; Mobel; Munzen; Medaillen
http://w3id.org/zac/88113_lot_9,2,DIPINTI | Waffen; Geweihe; Antiquitaten; Kunstgegenstande; Mobel; Munzen; Medaillen
http://w3id.org/zac/88114_lot_163,2,CORNICI | MOBILI
http://w3id.org/zac/88114_lot_21,2,OGGETTI IN LEGNO | PORCELLANE
http://w3id.org/zac/88114_lot_24,2,OGGETTI IN RAME | PIATTI
http://w3id.org/zac/88114_lot_25,2,OGGETTI IN LEGNO | PIATTI
http://w3id.org/zac/88114_lot_26,2,OGGETTI IN LEGNO | PIATTI
http://w3id.org/zac/88114_lot_306,2,ARREDAMENTI | MOBILI
http://w3id.org/zac/88114_lot_321,2,MOBILI | POLTRONE
http://w3id.org/zac/88114_lot_44,2,DIPINTI | Fayencen; Steinzeug
http://w3id.org/zac/88119_lot_13,2,Antiquitaten; Kunstgegenstande | STAMPE E INCISIONI
http://w3id.org/zac/88119_lot_32,2,Antiquitaten; Kunstgegenstande | FRANCOBOLLI
http://w3id.org/zac/88119_lot_35,2,Antiquitaten; Kunstgegenstande | OGGETTI IN RAME
http://w3id.org/zac/88119_lot_4,2,DIPINTI | Antiquitaten; Kunstgegenstande
http://w3id.org/zac/88119_lot_40,2,Antiquitaten; Kunstgegenstande | OGGETTI IN LEGNO
http://w3id.org/zac/88119_lot_5,2,DIPINTI | STAMPE E INCISIONI
http://w3id.org/zac/88119_lot_51,2,Antiquitaten; Kunstgegenstande | OGGETTI IN LEGNO
http://w3id.org/zac/88126_lot_206,2,PORCELLANE | SCATOLE
http://w3id.org/zac/88126_lot_347,2,ARGENTI | OGGETTI IN FERRO
http://w3id.org/zac/88126_lot_66,2,OGGETTI LACCATI | SCOMPARTI
http://w3id.org/zac/88128_lot_11,2,DIPINTI | LIBRI
http://w3id.org/zac/88128_lot_14,2,DIPINTI | LIBRI
http://w3id.org/zac/88128_lot_15,2,DIPINTI | LIBRI
http://w3id.org/zac/88128_lot_16,2,DIPINTI | LIBRI
http://w3id.org/zac/88128_lot_17,2,DIPINTI | OGGETTI IN RAME
http://w3id.org/zac/88128_lot_1719,2,DIPINTI | ARREDAMENTI
http://w3id.org/zac/88128_lot_1763,2,DIPINTI | DISEGNI
http://w3id.org/zac/88128_lot_1764,2,DIPINTI | DISEGNI
http://w3id.org/zac/88128_lot_18,2,DIPINTI | OGGETTI IN RAME
http://w3id.org/zac/88128_lot_19,2,DIPINTI | LIBRI
http://w3id.org/zac/88128_lot_20,2,DIPINTI | OGGETTI IN PELLE
http://w3id.org/zac/88128_lot_2002,2,DIPINTI | DISEGNI
http://w3id.org/zac/88128_lot_21,2,DIPINTI | LIBRI
http://w3id.org/zac/88128_lot_22,2,OGGETTI IN METALLO | OGGETTI VARI
http://w3id.org/zac/88128_lot_23,2,DIPINTI | LIBRI
http://w3id.org/zac/88128_lot_2361,2,MONETE | MOBILI
http://w3id.org/zac/88128_lot_2378,2,Glasgemalde; Miniaturen | OGGETTI VARI
http://w3id.org/zac/88128_lot_24,2,DIPINTI | LIBRI
http://w3id.org/zac/88128_lot_25,2,DIPINTI | LIBRI
http://w3id.org/zac/88128_lot_2502,2,ARMI | DISEGNI
http://w3id.org/zac/88128_lot_26,2,DIPINTI | LIBRI
http://w3id.org/zac/88128_lot_27,2,DIPINTI | LIBRI
http://w3id.org/zac/88128_lot_29,2,DIPINTI | LIBRI
http://w3id.org/zac/88128_lot_3,2,DIPINTI | DISEGNI
http://w3id.org/zac/88128_lot_30,2,DIPINTI | LIBRI
http://w3id.org/zac/88128_lot_31,2,DIPINTI | LIBRI
http://w3id.org/zac/88128_lot_32,2,DIPINTI | LIBRI
http://w3id.org/zac/88128_lot_33,2,DIPINTI | LIBRI
http://w3id.org/zac/88128_lot_34,2,DIPINTI | LIBRI
http://w3id.org/zac/88128_lot_35,2,DIPINTI | LIBRI
http://w3id.org/zac/88128_lot_36,2,DIPINTI | LIBRI
http://w3id.org/zac/88128_lot_37,2,DIPINTI | LIBRI
http://w3id.org/zac/88128_lot_38,2,DIPINTI | OGGETTI IN PELLE
http://w3id.org/zac/88128_lot_39,2,DIPINTI | DISEGNI
http://w3id.org/zac/88128_lot_4,2,DIPINTI | LIBRI
http://w3id.org/zac/88128_lot_41,2,DIPINTI | LIBRI
http://w3id.org/zac/88128_lot_42,2,DIPINTI | LIBRI
http://w3id.org/zac/88128_lot_43,2,DIPINTI | LIBRI
http://w3id.org/zac/88128_lot_44,2,DIPINTI | OGGETTI IN RAME
http://w3id.org/zac/88128_lot_45,2,DIPINTI | LIBRI
http://w3id.org/zac/88128_lot_46,2,DIPINTI | LIBRI
http://w3id.org/zac/88128_lot_49,2,DIPINTI | LIBRI
http://w3id.org/zac/88128_lot_5,2,DIPINTI | LIBRI
http://w3id.org/zac/88128_lot_51,2,DIPINTI | LIBRI
http://w3id.org/zac/88128_lot_52,2,DIPINTI | MONETE
http://w3id.org/zac/88128_lot_53,2,DIPINTI | OGGETTI IN LEGNO
http://w3id.org/zac/88128_lot_54,2,DIPINTI | LIBRI
http://w3id.org/zac/88128_lot_55,2,DIPINTI | LIBRI
http://w3id.org/zac/88128_lot_56,2,DIPINTI | LIBRI
http://w3id.org/zac/88128_lot_59,2,DIPINTI | OGGETTI IN RAME
http://w3id.org/zac/88128_lot_60,2,ABITI | OGGETTI VARI
http://w3id.org/zac/88128_lot_62,2,DIPINTI | LIBRI
http://w3id.org/zac/88128_lot_63,2,DIPINTI | OGGETTI IN PELLE
http://w3id.org/zac/88128_lot_64,2,DIPINTI | DISEGNI
http://w3id.org/zac/88128_lot_65,2,DIPINTI | LIBRI
http://w3id.org/zac/88128_lot_66,2,DIPINTI | LIBRI
http://w3id.org/zac/88128_lot_67,2,DIPINTI | PIATTI
http://w3id.org/zac/88128_lot_68,2,DIPINTI | LIBRI
http://w3id.org/zac/88128_lot_69,2,DIPINTI | LIBRI
http://w3id.org/zac/88128_lot_8,2,DIPINTI | OGGETTI IN PELLE
http://w3id.org/zac/88132_lot_10,2,OGGETTI IN FERRO | OGGETTI IN METALLO
http://w3id.org/zac/88132_lot_13,2,OGGETTI IN LEGNO | OGGETTI IN METALLO
http://w3id.org/zac/88132_lot_17,2,OGGETTI IN FERRO | OGGETTI IN METALLO
http://w3id.org/zac/88132_lot_19,2,CERAMICHE | OGGETTI IN LEGNO
http://w3id.org/zac/88132_lot_2,2,OGGETTI IN LEGNO | PORCELLANE
http://w3id.org/zac/88132_lot_28,2,CERAMICHE | OGGETTI IN METALLO
http://w3id.org/zac/88132_lot_29,2,OGGETTI IN METALLO | PIATTI
http://w3id.org/zac/88132_lot_5,2,CERAMICHE | OGGETTI IN METALLO
http://w3id.org/zac/88134_lot_10,2,ACQUEFORTI | OGGETTI IN LEGNO
http://w3id.org/zac/88134_lot_11,2,ACQUEFORTI | OGGETTI IN LEGNO
http://w3id.org/zac/88134_lot_14,2,ACQUEFORTI | OGGETTI IN LEGNO
http://w3id.org/zac/88134_lot_17,2,ACQUEFORTI | TAPPETI
http://w3id.org/zac/88134_lot_21,2,CAMINI | ACQUEFORTI
http://w3id.org/zac/88134_lot_31,2,ACQUEFORTI | VASI
http://w3id.org/zac/88137_lot_17,2,MINIATUREN; DOSEN | Miniaturen; Dosen | OGGETTI IN LEGNO
http://w3id.org/zac/88137_lot_43,2,GERATE; GEFASSE | SCATOLE
http://w3id.org/zac/88137_lot_708,2,GERATE; GEFASSE | OGGETTI IN FERRO
http://w3id.org/zac/88139_lot_4,2,OGGETTI IN LEGNO | VASI
http://w3id.org/zac/88139_lot_8,2,OGGETTI IN LEGNO | OGGETTI IN RAME
http://w3id.org/zac/88140_lot_15,2,OGGETTI IN METALLO | OGGETTI IN LEGNO
http://w3id.org/zac/88140_lot_16,2,OGGETTI IN METALLO | OGGETTI VARI
http://w3id.org/zac/88140_lot_273,2,OTTONI | OGGETTI IN LEGNO
http://w3id.org/zac/88140_lot_333,2,ARGENTI | OGGETTI IN LEGNO
http://w3id.org/zac/88140_lot_58,2,ARMI | VETRI
http://w3id.org/zac/88140_lot_64,2,OGGETTI IN LEGNO | OGGETTI IN LATTA
http://w3id.org/zac/88140_lot_8,2,OGGETTI IN LEGNO | SCATOLE
http://w3id.org/zac/88141_lot_106,2,MOBILI | EMAIL; SILBER; BRONZE; ZINN
http://w3id.org/zac/88141_lot_108,2,EMAIL; SILBER; BRONZE; ZINN | MOBILI
http://w3id.org/zac/88141_lot_115,2,EMAIL; SILBER; BRONZE; ZINN | OGGETTI IN LEGNO
http://w3id.org/zac/88141_lot_25,2,OGGETTI IN RAME | PORCELLANE
http://w3id.org/zac/88141_lot_35,2,EMAIL; SILBER; BRONZE; ZINN | PORCELLANE
http://w3id.org/zac/88141_lot_37,2,PIATTI | VETRI
http://w3id.org/zac/88141_lot_55,2,OGGETTI IN ORO | PORCELLANE
http://w3id.org/zac/88141_lot_56,2,OGGETTI IN ORO | PORCELLANE
http://w3id.org/zac/88141_lot_75,2,OGGETTI VARI | PORCELLANE
http://w3id.org/zac/88141_lot_78,2,OGGETTI VARI | PORCELLANE
http://w3id.org/zac/88141_lot_I3,2,MAIOLICHE | PORCELLANE
http://w3id.org/zac/88141_lot_III,2,MOBILI | SCATOLE
http://w3id.org/zac/88142_lot_1001,2,MAIOLICHE | STAMPE E INCISIONI
http://w3id.org/zac/88142_lot_208,2,OGGETTI IN LATTA | PORCELLANE
http://w3id.org/zac/88142_lot_3,2,OGGETTI IN RAME | STAMPE E INCISIONI
http://w3id.org/zac/88142_lot_38,2,LIBRI | OGGETTI VARI
http://w3id.org/zac/88142_lot_55,2,OGGETTI IN LATTA | TERRECOTTE
http://w3id.org/zac/88142_lot_67,2,MAIOLICHE | OGGETTI IN LATTA
http://w3id.org/zac/88142_lot_845,2,ACQUERELLI | DISEGNI
http://w3id.org/zac/88143_lot_131,2,Bilder; Portrats | STAMPE E INCISIONI
http://w3id.org/zac/88143_lot_188,2,CORNICI | Bilder; Portrats
http://w3id.org/zac/88143_lot_19,2,Medaillons; Plaketten; Busten; Statuetten | MEDAGLIE
http://w3id.org/zac/88143_lot_357,2,ARMI | MEDAGLIE
http://w3id.org/zac/88143_lot_381,2,FOTOGRAFIE | OGGETTI IN FERRO
http://w3id.org/zac/88143_lot_463,2,ARMI | PORCELLANE
http://w3id.org/zac/88143_lot_677,2,LIBRI | STAMPE E INCISIONI
http://w3id.org/zac/88143_lot_8,2,Bilder; Portrats | MEDAGLIE
http://w3id.org/zac/88144_lot_13,2,AUTOGRAFI | MEDAGLIE
http://w3id.org/zac/88144_lot_140,2,ARMI | Portraits; estampes; affiches
http://w3id.org/zac/88144_lot_18,2,AUTOGRAFI | MEDAGLIE
http://w3id.org/zac/88144_lot_181,2,LIBRI | PIATTI
http://w3id.org/zac/88144_lot_2,2,AUTOGRAFI | Medailles; monnaies
http://w3id.org/zac/88144_lot_371,2,ARMI | MONETE
http://w3id.org/zac/88144_lot_40,2,LIBRI | Portraits; estampes; affiches
http://w3id.org/zac/88144_lot_5,2,AUTOGRAFI | GIOIELLI
http://w3id.org/zac/88144_lot_50,2,OGGETTI IN PELTRO | STAMPE E INCISIONI
http://w3id.org/zac/88146_lot_16,2,CORNICI | OGGETTI IN LEGNO
http://w3id.org/zac/88146_lot_3,2,CORNICI | OGGETTI VARI
http://w3id.org/zac/88147_lot_104,2,ARREDAMENTI | MARMI
http://w3id.org/zac/88147_lot_135,2,OGGETTI IN LEGNO | OGGETTI LITURGICI
http://w3id.org/zac/88147_lot_14,2,MAIOLICHE | OGGETTI VARI
http://w3id.org/zac/88147_lot_17,2,ARMI | MOBILI
http://w3id.org/zac/88147_lot_6,2,MOBILI | MINIATURE
http://w3id.org/zac/88147_lot_7,2,MOBILI | MINIATUREN; SILHOUETTEN; WAPPEN FACHER
http://w3id.org/zac/88148_lot_19,2,ARGENTI | MOBILI
http://w3id.org/zac/88148_lot_3,2,ARGENTI | MOBILI
http://w3id.org/zac/88148_lot_4,2,MARMI | MOBILI
http://w3id.org/zac/88148_lot_5,2,MOBILI | MARMI
http://w3id.org/zac/88149_lot_3,2,LAMPADE | DISEGNI
http://w3id.org/zac/88150_lot_11,2,DIPINTI | Dosen; Miniaturen
http://w3id.org/zac/88150_lot_14,2,CRISTALLI | OGGETTI IN LEGNO
http://w3id.org/zac/88150_lot_16,2,DIPINTI | Dosen; Miniaturen
http://w3id.org/zac/88150_lot_17,2,DIPINTI | Dosen; Miniaturen
http://w3id.org/zac/88150_lot_24,2,DIPINTI | OGGETTI IN METALLO
http://w3id.org/zac/88150_lot_26,2,DIPINTI | OGGETTI IN ORO
http://w3id.org/zac/88150_lot_5,2,CRISTALLI | Dosen; Miniaturen
http://w3id.org/zac/88152_lot_17,2,CORNICI | STAMPE E INCISIONI
http://w3id.org/zac/88152_lot_22,2,CORNICI | ANTICHITA'
http://w3id.org/zac/88152_lot_9,2,Kupferstiche; Lithographien | KUPFERSTICHE; LITHOGRAPHIEN | STAMPE E INCISIONI
http://w3id.org/zac/88156_lot_2,2,OGGETTI IN LEGNO | OGGETTI VARI
http://w3id.org/zac/88156_lot_4,2,CORNICI | DIPINTI
http://w3id.org/zac/88156_lot_53,2,OGGETTI IN RAME | OGGETTI VARI
http://w3id.org/zac/88161_lot_287,2,CORNICI | VETRI
http://w3id.org/zac/88163_lot_2,2,OGGETTI IN RAME | OGGETTI IN LEGNO
http://w3id.org/zac/88167_lot_259,2,OGGETTI IN LATTA | PIATTI
http://w3id.org/zac/88167_lot_260,2,ABITI | PIATTI
http://w3id.org/zac/88167_lot_261,2,OGGETTI VARI | OGGETTI IN LATTA
http://w3id.org/zac/88167_lot_48,2,OGGETTI IN PIOMBO | STAMPE E INCISIONI
http://w3id.org/zac/88167_lot_6,2,Stoffe; Stickereien | PIATTI
http://w3id.org/zac/88167_lot_66,2,AVORI | MEDAGLIE
http://w3id.org/zac/88167_lot_7,2,CORNICI | SCATOLE
http://w3id.org/zac/88173_lot_10,2,OGGETTI IN METALLO | PORCELLANE
http://w3id.org/zac/88173_lot_15,2,OGGETTI IN METALLO | PORCELLANE
http://w3id.org/zac/88173_lot_17,2,Bronze; Email; Waffen | PORCELLANE
http://w3id.org/zac/88173_lot_23,2,CERAMICHE | PORCELLANE
http://w3id.org/zac/88173_lot_24,2,PORCELLANE | VASI
http://w3id.org/zac/88173_lot_266,2,PORCELLANE | VASI
http://w3id.org/zac/88173_lot_29,2,PORCELLANE | VASI
http://w3id.org/zac/88173_lot_34,2,CERAMICHE | SMALTI
http://w3id.org/zac/88174_lot_12,2,OGGETTI D'ARTE | TESSUTI
http://w3id.org/zac/88174_lot_4,2,CORNICI | ARGENTI
http://w3id.org/zac/88174_lot_7,2,OGGETTI D'ARTE | SCATOLE
http://w3id.org/zac/88175_lot_2,2,OGGETTI IN LEGNO | OGGETTI IN RAME
http://w3id.org/zac/88175_lot_3,2,CORNICI | OGGETTI IN LEGNO
http://w3id.org/zac/88177_lot_11,2,DIPINTI | Teppiche; Stoffe | TEPPICHE; STOFFE
http://w3id.org/zac/88177_lot_12,2,DIPINTI | LIBRI
http://w3id.org/zac/88177_lot_17,2,MOBILI | Teppiche; Stoffe | TEPPICHE; STOFFE
http://w3id.org/zac/88177_lot_18,2,MOBILI | TEPPICHE; STOFFE | Teppiche; Stoffe
http://w3id.org/zac/88177_lot_19,2,CERAMICHE | MOBILI
http://w3id.org/zac/88177_lot_20,2,CERAMICHE | MOBILI
http://w3id.org/zac/88177_lot_21,2,CERAMICHE | MOBILI
http://w3id.org/zac/88177_lot_25,2,MOBILI | LIBRI
http://w3id.org/zac/88177_lot_6,2,CERAMICHE | DIPINTI
http://w3id.org/zac/88179_lot_10,2,OGGETTI IN LEGNO | PORZELLAN; FAYENCEN; GLAS
http://w3id.org/zac/88179_lot_12,2,OGGETTI IN LEGNO | PORZELLAN; FAYENCEN; GLAS
http://w3id.org/zac/88179_lot_16,2,ARBEITEN IN STEIN; HOLZ | PORZELLAN; FAYENCEN; GLAS
http://w3id.org/zac/88179_lot_17,2,ARBEITEN IN STEIN; HOLZ | PORZELLAN; FAYENCEN; GLAS
http://w3id.org/zac/88179_lot_19,2,LAMPADE | PORZELLAN; FAYENCEN; GLAS
http://w3id.org/zac/88179_lot_25,2,CORNICI | PORZELLAN; FAYENCEN; GLAS
http://w3id.org/zac/88181_lot_3,2,CORNICI | TAPPETI
http://w3id.org/zac/88183_lot_2,2,OGGETTI IN LEGNO | OGGETTI VARI
http://w3id.org/zac/88184_lot_20,2,CORNICI | OGGETTI IN RAME
http://w3id.org/zac/88187_lot_11,2,CORNICI | STAMPE E INCISIONI
http://w3id.org/zac/88187_lot_13,2,CORNICI | STAMPE E INCISIONI
http://w3id.org/zac/88187_lot_14,2,CORNICI | OGGETTI IN RAME
http://w3id.org/zac/88187_lot_15,2,CORNICI | STAMPE E INCISIONI
http://w3id.org/zac/88187_lot_4,2,CORNICI | PORCELLANE
http://w3id.org/zac/88187_lot_8,2,ARMI | CORNICI
http://w3id.org/zac/88187_lot_9,2,CORNICI | OGGETTI IN RAME
http://w3id.org/zac/88192_lot_1,2,Kupferstiche; Lithographien; Radierungen | OTTONI
http://w3id.org/zac/88192_lot_5,2,MERLETTI | Kupferstiche; Lithographien; Radierungen
http://w3id.org/zac/88192_lot_6,2,Muinzen; Medaillen; Siegel | Kupferstiche; Lithographien; Radierungen
http://w3id.org/zac/88197_lot_10,2,ARMI | OGGETTI D'ARTE
http://w3id.org/zac/88197_lot_14,2,MOBILI | OGGETTI D'ARTE
http://w3id.org/zac/88197_lot_20,2,MOBILI | OGGETTI D'ARTE
http://w3id.org/zac/88198_lot_13,2,STEINZEUG; FAYENCEN | PIATTI | Steinzeug; Fayencen
http://w3id.org/zac/88198_lot_17,2,MUNZEN; MEDAILLEN | Munzen; Medaillen | VETRI
http://w3id.org/zac/88198_lot_19,2,Munzen; Medaillen | MUNZEN; MEDAILLEN | PIATTI
http://w3id.org/zac/88198_lot_20,2,MUNZEN; MEDAILLEN | Munzen; Medaillen | PIATTI
http://w3id.org/zac/88198_lot_21,2,Munzen; Medaillen | MUNZEN; MEDAILLEN | PIATTI
http://w3id.org/zac/88198_lot_24,2,MAIOLICHE | Tassen; Teller; Kannen; Figuren
http://w3id.org/zac/88198_lot_240,2,VASI | Porzellan; Bronze
http://w3id.org/zac/88198_lot_248,2,POLTRONE | Porzellan; Bronze
http://w3id.org/zac/88198_lot_25,2,DIPINTI | MAIOLICHE
http://w3id.org/zac/88198_lot_259,2,OGGETTI VARI | SCATOLE
http://w3id.org/zac/88198_lot_296,2,OGGETTI IN ORO | Porzellan; Bronze
http://w3id.org/zac/88198_lot_517,2,MINIATUREN; SILHOUETTEN; STICHE | STRUMENTI MUSICALI
http://w3id.org/zac/88205_lot_2,2,OGGETTI IN METALLO | OGGETTI IN LEGNO
http://w3id.org/zac/88205_lot_4,2,OGGETTI IN LEGNO | STAMPE E INCISIONI
http://w3id.org/zac/88205_lot_7,2,OGGETTI IN LEGNO | OGGETTI IN RAME
http://w3id.org/zac/88209_lot_10,2,ACQUEFORTI | PORCELLANE
http://w3id.org/zac/88209_lot_15,2,ACQUEFORTI | PORCELLANE
http://w3id.org/zac/88209_lot_18,2,MODERNE MOBEL; GEMALDE; KUNSTGEWERBE | STAMPE E INCISIONI
http://w3id.org/zac/88209_lot_181,2,VETRI | PIATTI
http://w3id.org/zac/88209_lot_23,2,OGGETTI IN LEGNO | STAMPE E INCISIONI
http://w3id.org/zac/88209_lot_6,2,OGGETTI IN LEGNO | PORCELLANE
http://w3id.org/zac/88209_lot_75,2,CORNICI | MAIOLICHE
http://w3id.org/zac/88209_lot_8,2,ACQUEFORTI | PORCELLANE
http://w3id.org/zac/88210_lot_I,2,OGGETTI IN LEGNO | OGGETTI VARI
http://w3id.org/zac/88215_lot_I,2,CORNICI | DIPINTI
http://w3id.org/zac/88219_lot_13,2,LIBRI | Radierungen; Stiche
http://w3id.org/zac/88219_lot_25,2,ACQUEFORTI | LIBRI
http://w3id.org/zac/88219_lot_3,2,LIBRI | MAIOLICHE
http://w3id.org/zac/88219_lot_33,2,OGGETTI IN RAME | Radierungen; Stiche
http://w3id.org/zac/88219_lot_35,2,LIBRI | Radierungen; Stiche
http://w3id.org/zac/88219_lot_5,2,LIBRI | Holzskulpturen; Broncen
http://w3id.org/zac/88219_lot_607,2,ACQUEFORTI | STAMPE E INCISIONI
http://w3id.org/zac/88219_lot_7,2,DISEGNI | LIBRI
http://w3id.org/zac/88219_lot_9,2,LIBRI | Radierungen; Stiche
http://w3id.org/zac/88223_lot_195,2,TAPPETI | VASI
http://w3id.org/zac/88223_lot_335,2,MINIATURE | TAPPETI
http://w3id.org/zac/88224_lot_19,2,ARMI | ACQUERELLI
http://w3id.org/zac/88224_lot_550,2,OGGETTI IN RAME | PORCELLANE
http://w3id.org/zac/88225_lot_120,2,ACQUERELLI | MOBILI
http://w3id.org/zac/88225_lot_125,2,AQUARELLE; HANDZEICHNUNGEN | Aquarelle; Handzeichnungen | VETRI
http://w3id.org/zac/88225_lot_16,2,Kupferstiche; Radierungen | Silber; Gold
http://w3id.org/zac/88225_lot_2,2,AQUARELLE; HANDZEICHNUNGEN | Aquarelle; Handzeichnungen | Kupferstiche; Radierungen
http://w3id.org/zac/88225_lot_23,2,Kupferstiche; Radierungen | TERRECOTTE
http://w3id.org/zac/88225_lot_26,2,Kupferstiche; Radierungen | PORCELLANE
http://w3id.org/zac/88225_lot_33,2,Aquarelle; Handzeichnungen | AQUARELLE; HANDZEICHNUNGEN | Kupferstiche; Radierungen
http://w3id.org/zac/88225_lot_35,2,MOBILI | Kupferstiche; Radierungen
http://w3id.org/zac/88225_lot_45,2,MOBILI | Kupferstiche; Radierungen
http://w3id.org/zac/88225_lot_60,2,Kupferstiche; Radierungen | MOBILI
http://w3id.org/zac/88225_lot_7,2,GIOIELLI | Kupferstiche; Radierungen
http://w3id.org/zac/88225_lot_750,2,OGGETTI IN LATTA | Silber; Gold
http://w3id.org/zac/88225_lot_85,2,MOBILI | Kupferstiche; Radierungen
http://w3id.org/zac/88225_lot_887,2,ARREDAMENTI | MOBILI
http://w3id.org/zac/88225_lot_90,2,MOBILI | Kupferstiche; Radierungen
http://w3id.org/zac/88225_lot_95,2,Kupferstiche; Radierungen | MOBILI
http://w3id.org/zac/88227_lot_8,2,OGGETTI IN LEGNO | STAMPE E INCISIONI
http://w3id.org/zac/88228_lot_3,2,ACQUEFORTI | STAMPE E INCISIONI
http://w3id.org/zac/88228_lot_340,2,ACQUEFORTI | OGGETTI IN METALLO
http://w3id.org/zac/88228_lot_6,2,OGGETTI IN RAME | STAMPE E INCISIONI
http://w3id.org/zac/88228_lot_8,2,ACQUEFORTI | STAMPE E INCISIONI
http://w3id.org/zac/88231_lot_1,2,OGGETTI IN RAME | STEINZEUG; FAYENCE | Steinzeug; Fayence
http://w3id.org/zac/88231_lot_100,2,MINIATUREN; DOSEN | Miniaturen; Dosen | PORCELLANE
http://w3id.org/zac/88231_lot_105,2,CORNICI | MOBILI
http://w3id.org/zac/88231_lot_122,2,CORNICI | ARREDAMENTI
http://w3id.org/zac/88231_lot_14,2,Miniaturen; Dosen | MINIATUREN; DOSEN | OGGETTI IN RAME
http://w3id.org/zac/88231_lot_17,2,STAMPE E INCISIONI | PORCELLANE
http://w3id.org/zac/88231_lot_180,2,Steinzeug; Fayence | STEINZEUG; FAYENCE | PIATTI
http://w3id.org/zac/88231_lot_194,2,OGGETTI VARI | STEINZEUG; FAYENCE | Steinzeug; Fayence
http://w3id.org/zac/88231_lot_23,2,OGGETTI IN RAME | STEINZEUG; FAYENCE | Steinzeug; Fayence
http://w3id.org/zac/88231_lot_28,2,ACQUERELLI | MINIATUREN; DOSEN | Miniaturen; Dosen
http://w3id.org/zac/88231_lot_29,2,AQUARELLE; HANDZEICHNUNGEN | ACQUERELLI | Aquarelle; Handzeichnungen
http://w3id.org/zac/88231_lot_320,2,MOBILI | VASI
http://w3id.org/zac/88231_lot_333,2,OGGETTI IN ORO | VASI
http://w3id.org/zac/88231_lot_35,2,MINIATURE | OGGETTI IN ORO
http://w3id.org/zac/88231_lot_400,2,OGGETTI VARI | Silber; Gold
http://w3id.org/zac/88231_lot_469,2,MINIATUREN; DOSEN | Miniaturen; Dosen | MINIATURE
http://w3id.org/zac/88231_lot_479,2,MINIATURE | OGGETTI IN ORO
http://w3id.org/zac/88231_lot_509,2,OGGETTI IN LATTA | OGGETTI VARI
http://w3id.org/zac/88231_lot_559,2,CRISTALLI | MOBILI
http://w3id.org/zac/88231_lot_600,2,BRONZI | MOBILI
http://w3id.org/zac/88231_lot_65,2,OGGETTI IN ORO | Silber; Gold
http://w3id.org/zac/88231_lot_7,2,MOBILI | OGGETTI IN RAME
http://w3id.org/zac/88231_lot_75,2,CORNICI | MOBILI
http://w3id.org/zac/88231_lot_90,2,MOBILI | Silber; Gold
http://w3id.org/zac/88231_lot_96,2,CORNICI | Silber; Gold
http://w3id.org/zac/88232_lot_1,2,Teppiche; Pelze; Mobel; Antiquitaten; Kunstgegenstande | TERRECOTTE
http://w3id.org/zac/88232_lot_15,2,OGGETTI IN LEGNO | TERRECOTTE
http://w3id.org/zac/88233_lot_100,2,OGGETTI IN LEGNO | OGGETTI IN ORO
http://w3id.org/zac/88233_lot_11,2,CORNICI | OGGETTI IN LEGNO
http://w3id.org/zac/88233_lot_140,2,OGGETTI IN ORO | OGGETTI IN LEGNO
http://w3id.org/zac/88233_lot_167,2,CORNICI | OGGETTI IN ORO
http://w3id.org/zac/88233_lot_17,2,CORNICI | ACQUERELLI
http://w3id.org/zac/88233_lot_200,2,MAIOLICHE | OGGETTI IN LEGNO
http://w3id.org/zac/88233_lot_22,2,Dosen; Silhouetten | OGGETTI IN RAME
http://w3id.org/zac/88233_lot_28,2,DISEGNI | STAMPE E INCISIONI
http://w3id.org/zac/88233_lot_300,2,OGGETTI IN LEGNO | OGGETTI IN ORO
http://w3id.org/zac/88233_lot_32,2,STAMPE E INCISIONI | PORCELLANE
http://w3id.org/zac/88233_lot_37,2,OGGETTI IN LEGNO | STAMPE E INCISIONI
http://w3id.org/zac/88233_lot_38,2,ACQUERELLI | OGGETTI IN RAME
http://w3id.org/zac/88233_lot_450,2,OGGETTI IN LEGNO | Silber; Gold
http://w3id.org/zac/88233_lot_55,2,ACQUERELLI | OGGETTI IN LEGNO
http://w3id.org/zac/88233_lot_615,2,OGGETTI IN LEGNO | OTTONI
http://w3id.org/zac/88233_lot_70,2,DISEGNI | PORCELLANE
http://w3id.org/zac/88233_lot_72,2,DISEGNI | OGGETTI IN LEGNO
http://w3id.org/zac/88233_lot_75,2,OTTONI | OGGETTI IN LEGNO
http://w3id.org/zac/88234_lot_395,2,Stickereien; Teppiche | Porzellan; Glas; Majoliken; Metall
http://w3id.org/zac/88235_lot_6,2,BRONZI | OGGETTI IN LEGNO
http://w3id.org/zac/88237_lot_1,2,ACQUERELLI | OGGETTI D'ARTE ORIENTALE
http://w3id.org/zac/88237_lot_100,2,ACQUEFORTI | TEXTILIEN; TEPPICHE | Textilien; Teppiche
http://w3id.org/zac/88237_lot_105,2,Kupferstiche; Radierungen; Lithographien | Textilien; Teppiche | TEXTILIEN; TEPPICHE
http://w3id.org/zac/88237_lot_11,2,ACQUERELLI | Miniaturen; Silhouetten
http://w3id.org/zac/88237_lot_132,2,CORNICI | Einrichtungsgegenstande; Mobel
http://w3id.org/zac/88237_lot_17,2,ACQUERELLI | OGGETTI D'ARTE ORIENTALE
http://w3id.org/zac/88237_lot_195,2,CORNICI | TEXTILIEN; TEPPICHE | Textilien; Teppiche
http://w3id.org/zac/88237_lot_200,2,CORNICI | TEXTILIEN; TEPPICHE | Textilien; Teppiche
http://w3id.org/zac/88237_lot_220,2,Einrichtungsgegenstande; Mobel | OGGETTI IN RAME
http://w3id.org/zac/88237_lot_235,2,OGGETTI IN LEGNO | TEXTILIEN; TEPPICHE | Textilien; Teppiche
http://w3id.org/zac/88237_lot_238,2,CORNICI | VASI
http://w3id.org/zac/88237_lot_24,2,ACQUERELLI | Einrichtungsgegenstande; Mobel
http://w3id.org/zac/88237_lot_29,2,Miniaturen; Silhouetten | TERRECOTTE
http://w3id.org/zac/88237_lot_300,2,Einrichtungsgegenstande; Mobel | VASI
http://w3id.org/zac/88237_lot_325,2,Miniaturen; Silhouetten | TERRECOTTE
http://w3id.org/zac/88237_lot_34,2,ARMI | Aquarelle; Handzeichnungen; Stahlstiche
http://w3id.org/zac/88237_lot_35,2,Aquarelle; Handzeichnungen; Stahlstiche | Einrichtungsgegenstande; Mobel
http://w3id.org/zac/88237_lot_36,2,Aquarelle; Handzeichnungen; Stahlstiche | TERRECOTTE
http://w3id.org/zac/88237_lot_368,2,OGGETTI VARI | TERRECOTTE
http://w3id.org/zac/88237_lot_39,2,ARMI | OGGETTI VARI
http://w3id.org/zac/88237_lot_390,2,Einrichtungsgegenstande; Mobel | TERRECOTTE
http://w3id.org/zac/88237_lot_4,2,ARMI | ACQUERELLI
http://w3id.org/zac/88237_lot_44,2,ARMI | OGGETTI D'ARTE ORIENTALE
http://w3id.org/zac/88237_lot_440,2,Einrichtungsgegenstande; Mobel | OGGETTI IN ORO
http://w3id.org/zac/88237_lot_45,2,OGGETTI D'ARTE ORIENTALE | Miniaturen; Silhouetten
http://w3id.org/zac/88237_lot_459,2,OGGETTI VARI | TERRECOTTE
http://w3id.org/zac/88237_lot_46,2,OGGETTI D'ARTE ORIENTALE | TERRECOTTE
http://w3id.org/zac/88237_lot_55,2,OGGETTI D'ARTE ORIENTALE | Textilien; Teppiche | TEXTILIEN; TEPPICHE
http://w3id.org/zac/88237_lot_550,2,Einrichtungsgegenstande; Mobel | SCATOLE
http://w3id.org/zac/88237_lot_60,2,ARGENTI | OGGETTI D'ARTE ORIENTALE
http://w3id.org/zac/88237_lot_70,2,Einrichtungsgegenstande; Mobel | OGGETTI D'ARTE ORIENTALE
http://w3id.org/zac/88237_lot_75,2,OGGETTI IN LEGNO | Textilien; Teppiche | TEXTILIEN; TEPPICHE
http://w3id.org/zac/88237_lot_79,2,ARMI | OGGETTI D'ARTE ORIENTALE
http://w3id.org/zac/88237_lot_85,2,OGGETTI D'ARTE ORIENTALE | Textilien; Teppiche | TEXTILIEN; TEPPICHE
http://w3id.org/zac/88237_lot_95,2,Einrichtungsgegenstande; Mobel | Kupferstiche; Radierungen; Lithographien
http://w3id.org/zac/88239_lot_5,2,DIPINTI | Kunstblatter; Bucher; Antiquitaten; Kunstgegenstande; Mobel
http://w3id.org/zac/88240_lot_3,2,OGGETTI IN LEGNO | PIATTI
http://w3id.org/zac/88242_lot_16,2,ANTICHITA' | DISEGNI
http://w3id.org/zac/88242_lot_48,2,ANTICHITA' | DISEGNI
http://w3id.org/zac/88246_lot_8,2,CAMINI | OGGETTI VARI
http://w3id.org/zac/88247_lot_11,2,Kupferstiche; Radierungen | MAIOLICHE
http://w3id.org/zac/88247_lot_115,2,CORNICI | Möbel | möbel
http://w3id.org/zac/88247_lot_150,2,CORNICI | möbel | Möbel
http://w3id.org/zac/88247_lot_18,2,OGGETTI D'ARTE ORIENTALE | Handzeichnungen; Aquarelle
http://w3id.org/zac/88247_lot_22,2,OGGETTI D'ARTE ORIENTALE | Eisen; Zinn; Messing; Kupfer; Waffen
http://w3id.org/zac/88247_lot_275,2,möbel | Möbel | MAIOLICHE
http://w3id.org/zac/88247_lot_300,2,Möbel | möbel | OGGETTI VARI
http://w3id.org/zac/88247_lot_32,2,Handzeichnungen; Aquarelle | OGGETTI IN LEGNO
http://w3id.org/zac/88247_lot_50,2,MAIOLICHE | Handzeichnungen; Aquarelle
http://w3id.org/zac/88247_lot_58,2,möbel | Möbel | Handzeichnungen; Aquarelle
http://w3id.org/zac/88247_lot_60,2,möbel | Handzeichnungen; Aquarelle | Möbel
http://w3id.org/zac/88247_lot_65,2,Möbel | möbel | Handzeichnungen; Aquarelle
http://w3id.org/zac/88247_lot_75,2,MAIOLICHE | Handzeichnungen; Aquarelle
http://w3id.org/zac/88247_lot_82,2,Handzeichnungen; Aquarelle | Möbel | möbel
http://w3id.org/zac/88247_lot_85,2,Handzeichnungen; Aquarelle | Möbel | möbel
http://w3id.org/zac/88247_lot_9,2,Eisen; Zinn; Messing; Kupfer; Waffen | Kupferstiche; Radierungen
http://w3id.org/zac/88247_lot_90,2,Möbel | möbel | STAMPE E INCISIONI
http://w3id.org/zac/88248_lot_I,2,OGGETTI VARI | VASI
http://w3id.org/zac/88249_lot_511,2,DISEGNI | Hntiquitaten; Kunitgegenitande
http://w3id.org/zac/88250_lot_2,2,CORNICI | SCULTURE
http://w3id.org/zac/88250_lot_4,2,CORNICI | OGGETTI IN LEGNO
http://w3id.org/zac/88250_lot_64,2,CORNICI | SCULTURE
http://w3id.org/zac/88251_lot_437,2,CORNICI | MAIOLICHE
http://w3id.org/zac/88256_lot_10,2,ACQUEFORTI | Aquarelle; Handzeichnungen; Pastelle
http://w3id.org/zac/88256_lot_100,2,ACQUEFORTI | Einrichtungsgegenstande; Mobel
http://w3id.org/zac/88256_lot_130,2,ACQUERELLI | Einrichtungsgegenstande; Mobel
http://w3id.org/zac/88256_lot_135,2,Aquarelle; Handzeichnungen; Pastelle | Miniaturen; Silhouetten
http://w3id.org/zac/88256_lot_150,2,Aquarelle; Handzeichnungen; Pastelle | Miniaturen; Silhouetten
http://w3id.org/zac/88256_lot_16,2,ACQUEFORTI | Einrichtungsgegenstande; Mobel
http://w3id.org/zac/88256_lot_160,2,Aquarelle; Handzeichnungen; Pastelle | Einrichtungsgegenstande; Mobel
http://w3id.org/zac/88256_lot_179,2,Aquarelle; Handzeichnungen; Pastelle | DISEGNI
http://w3id.org/zac/88256_lot_190,2,Einrichtungsgegenstande; Mobel | OGGETTI IN LEGNO
http://w3id.org/zac/88256_lot_20,2,Aquarelle; Handzeichnungen; Pastelle | ACQUEFORTI
http://w3id.org/zac/88256_lot_23,2,ACQUEFORTI | MAIOLICHE
http://w3id.org/zac/88256_lot_250,2,CORNICI | Einrichtungsgegenstande; Mobel
http://w3id.org/zac/88256_lot_26,2,ACQUEFORTI | MAIOLICHE
http://w3id.org/zac/88256_lot_27,2,ACQUEFORTI | MAIOLICHE
http://w3id.org/zac/88256_lot_29,2,ACQUEFORTI | Einrichtungsgegenstande; Mobel
http://w3id.org/zac/88256_lot_33,2,ACQUEFORTI | Glas; Kristall
http://w3id.org/zac/88256_lot_35,2,Einrichtungsgegenstande; Mobel | OGGETTI IN RAME
http://w3id.org/zac/88256_lot_380,2,Elfenbein; Perlmutter; Schildpatt | OGGETTI IN LEGNO
http://w3id.org/zac/88256_lot_41,2,ACQUEFORTI | Miniaturen; Silhouetten
http://w3id.org/zac/88256_lot_430,2,Einrichtungsgegenstande; Mobel | Miniaturen; Silhouetten
http://w3id.org/zac/88256_lot_45,2,ACQUEFORTI | Einrichtungsgegenstande; Mobel
http://w3id.org/zac/88256_lot_55,2,ACQUEFORTI | Miniaturen; Silhouetten
http://w3id.org/zac/88256_lot_60,2,Einrichtungsgegenstande; Mobel | OGGETTI IN RAME
http://w3id.org/zac/88256_lot_7,2,ACQUEFORTI | Schmucksachen; Uhren
http://w3id.org/zac/88256_lot_70,2,ACQUEFORTI | MOBILI
http://w3id.org/zac/88256_lot_85,2,ACQUEFORTI | Einrichtungsgegenstande; Mobel
http://w3id.org/zac/88256_lot_9,2,ACQUEFORTI | Miniaturen; Silhouetten
http://w3id.org/zac/88258_lot_10,2,ACQUERELLI | BRONZI
http://w3id.org/zac/88258_lot_7,2,Bronze; Glas; Ton | ACQUERELLI
http://w3id.org/zac/88258_lot_9,2,ACQUERELLI | Antiquitaten; Kunstgegenstande
http://w3id.org/zac/88259_lot_13,2,Aquarelle; Drucksachen | OGGETTI IN LEGNO
http://w3id.org/zac/88261_lot_3,2,MINIATURE | OGGETTI IN LATTA
http://w3id.org/zac/88261_lot_337,2,MINIATURE | SCULTURE
http://w3id.org/zac/88261_lot_66,2,DISEGNI | STAMPE E INCISIONI
http://w3id.org/zac/88265_lot_1030,2,DIPINTI | MINIATURE
http://w3id.org/zac/88265_lot_109,2,CERAMICHE | OGGETTI IN LATTA
http://w3id.org/zac/88265_lot_1200,2,PIATTI | SCULTURE
http://w3id.org/zac/88265_lot_130,2,OGGETTI IN LATTA | OGGETTI IN METALLO
http://w3id.org/zac/88265_lot_15,2,OGGETTI IN METALLO | SCULTURE
http://w3id.org/zac/88265_lot_157,2,OGGETTI VARI | OGGETTI IN METALLO
http://w3id.org/zac/88265_lot_160,2,OGGETTI VARI | SCULTURE
http://w3id.org/zac/88265_lot_230,2,TESSUTI | SCULTURE
http://w3id.org/zac/88265_lot_27,2,CERAMICHE | OGGETTI VARI
http://w3id.org/zac/88265_lot_29,2,CERAMICHE | MOBILI
http://w3id.org/zac/88265_lot_31,2,CERAMICHE | OGGETTI VARI
http://w3id.org/zac/88265_lot_310,2,MOBILI | TESSUTI
http://w3id.org/zac/88265_lot_395,2,OGGETTI VARI | VETRI
http://w3id.org/zac/88265_lot_42,2,OGGETTI VARI | SCULTURE
http://w3id.org/zac/88265_lot_46,2,BRONZI | CERAMICHE
http://w3id.org/zac/88265_lot_47,2,CERAMICHE | SCULTURE
http://w3id.org/zac/88265_lot_48,2,CERAMICHE | OGGETTI VARI
http://w3id.org/zac/88265_lot_490,2,OGGETTI IN METALLO | STRUMENTI MUSICALI
http://w3id.org/zac/88265_lot_53,2,OGGETTI IN FERRO | VASI
http://w3id.org/zac/88265_lot_730,2,MOBILI | OGGETTI VARI
http://w3id.org/zac/88265_lot_801,2,DIPINTI | MOBILI
http://w3id.org/zac/88265_lot_81,2,OROLOGI | OGGETTI VARI
http://w3id.org/zac/88265_lot_820,2,BRONZI | SCOMPARTI
http://w3id.org/zac/88265_lot_83,2,OGGETTI IN LATTA | OGGETTI VARI
http://w3id.org/zac/88265_lot_928,2,OROLOGI | TESSUTI
http://w3id.org/zac/88265_lot_94,2,OGGETTI VARI | OGGETTI IN LATTA
http://w3id.org/zac/88266_lot_10,2,STRUMENTI MUSICALI | STAMPE E INCISIONI
http://w3id.org/zac/88266_lot_101,2,OGGETTI VARI | STAMPE E INCISIONI
http://w3id.org/zac/88266_lot_102,2,BRONZI | MINIATURE
http://w3id.org/zac/88266_lot_108,2,DIPINTI | SCULTURE
http://w3id.org/zac/88266_lot_109,2,DIPINTI | SCULTURE
http://w3id.org/zac/88266_lot_112,2,OGGETTI D'ARTE | SCULTURE
http://w3id.org/zac/88266_lot_117,2,OGGETTI D'ARTE | SCULTURE
http://w3id.org/zac/88266_lot_118,2,OGGETTI IN ORO | SCULTURE
http://w3id.org/zac/88266_lot_119,2,OGGETTI IN ORO | SCULTURE
http://w3id.org/zac/88266_lot_123,2,OGGETTI D'ARTE | SCULTURE
http://w3id.org/zac/88266_lot_126,2,OGGETTI IN LEGNO | SCULTURE
http://w3id.org/zac/88266_lot_128,2,OGGETTI IN ORO | OGGETTI D'ARTE
http://w3id.org/zac/88266_lot_13,2,OGGETTI D'ARTE | OGGETTI IN ORO
http://w3id.org/zac/88266_lot_16,2,OGGETTI VARI | OGGETTI IN LATTA
http://w3id.org/zac/88266_lot_166,2,OGGETTI VARI | VASI
http://w3id.org/zac/88266_lot_172,2,OGGETTI VARI | OGGETTI D'ARTE
http://w3id.org/zac/88266_lot_196,2,OGGETTI VARI | TESSUTI
http://w3id.org/zac/88266_lot_30,2,CERAMICHE | SCULTURE
http://w3id.org/zac/88266_lot_34,2,CERAMICHE | OGGETTI VARI
http://w3id.org/zac/88266_lot_4,2,OGGETTI VARI | SCULTURE
http://w3id.org/zac/88266_lot_42,2,CERAMICHE | OGGETTI VARI
http://w3id.org/zac/88266_lot_46,2,CERAMICHE | SCULTURE
http://w3id.org/zac/88266_lot_93,2,OGGETTI VARI | TESSUTI
http://w3id.org/zac/88266_lot_94,2,OTTONI | OGGETTI VARI
http://w3id.org/zac/88266_lot_97,2,OGGETTI IN RAME | OGGETTI VARI
http://w3id.org/zac/88266_lot_II,2,CERAMICHE | DIPINTI
http://w3id.org/zac/88278_lot_106,2,OGGETTI VARI | OGGETTI IN LEGNO
http://w3id.org/zac/88278_lot_2,2,OGGETTI IN RAME | OGGETTI IN LEGNO
http://w3id.org/zac/88278_lot_3,2,OGGETTI VARI | OGGETTI IN LEGNO
http://w3id.org/zac/88282_lot_10,2,MAIOLICHE | Glaser mit Tiefschnitt; Zwischengoldglas
http://w3id.org/zac/88282_lot_14,2,MAIOLICHE | MOBILI
http://w3id.org/zac/88282_lot_15,2,MAIOLICHE | OGGETTI IN FERRO
http://w3id.org/zac/88282_lot_16,2,Messing; Bronze | VETRI
http://w3id.org/zac/88282_lot_18,2,Edelmetall; Goldschmiedearbeiten | MAIOLICHE
http://w3id.org/zac/88282_lot_230,2,OGGETTI IN ORO | OGGETTI IN RAME
http://w3id.org/zac/88282_lot_300,2,Glaser mit Tiefschnitt; Zwischengoldglas | OGGETTI VARI
http://w3id.org/zac/88282_lot_330,2,Edelmetall; Goldschmiedearbeiten | OGGETTI VARI
http://w3id.org/zac/88282_lot_356,2,OTTONI | SMALTI
http://w3id.org/zac/88282_lot_40,2,ARREDAMENTI | MAIOLICHE
http://w3id.org/zac/88282_lot_45,2,Gurtlerarbeiten; Astronomische Gerate | MAIOLICHE
http://w3id.org/zac/88282_lot_47,2,MAIOLICHE | OGGETTI IN LATTA
http://w3id.org/zac/88282_lot_6,2,MOBILI | TERRECOTTE
http://w3id.org/zac/88282_lot_620,2,MOBILI | VETRI
http://w3id.org/zac/88282_lot_8,2,OGGETTI IN FERRO | TERRECOTTE
http://w3id.org/zac/88291_lot_69,2,TERRECOTTE | SCOMPARTI
http://w3id.org/zac/88293_lot_16,2,BAULI | MOBILI
http://w3id.org/zac/88293_lot_2,2,MOBILI | SCULTURE
http://w3id.org/zac/88293_lot_3,2,BAULI | SCULTURE
http://w3id.org/zac/88296_lot_1,2,OGGETTI IN METALLO | STAMPE E INCISIONI
http://w3id.org/zac/88296_lot_39,2,BIGIOTTERIA | OGGETTI IN RAME
http://w3id.org/zac/88296_lot_800,2,ANTICHITA' | ACQUEFORTI
http://w3id.org/zac/88296_lot_96,2,MINIATURE | OGGETTI IN RAME
http://w3id.org/zac/88296_lot_I,2,ANTICHITA' | CORNICI
http://w3id.org/zac/88300_lot_27,2,FOTOGRAFIE | OGGETTI IN LEGNO
http://w3id.org/zac/88302_lot_14,2,Antiquitaten; Mobel | VASI
http://w3id.org/zac/88302_lot_15,2,Antiquitaten; Mobel | OGGETTI VARI
http://w3id.org/zac/88302_lot_18,2,Antiquitaten; Mobel | OGGETTI VARI
http://w3id.org/zac/88302_lot_21,2,Antiquitaten; Mobel | OGGETTI LACCATI
http://w3id.org/zac/88302_lot_26,2,Antiquitaten; Mobel | OGGETTI IN LEGNO
http://w3id.org/zac/88302_lot_3,2,CORNICI | Antiquitaten; Mobel
http://w3id.org/zac/88302_lot_30,2,Antiquitaten; Mobel | STAMPE E INCISIONI
http://w3id.org/zac/88302_lot_32,2,ACQUEFORTI | Antiquitaten; Mobel
http://w3id.org/zac/88302_lot_37,2,Antiquitaten; Mobel | OGGETTI IN LEGNO
http://w3id.org/zac/88302_lot_5,2,DIPINTI | Antiquitaten; Mobel
http://w3id.org/zac/88302_lot_6,2,Antiquitaten; Mobel | OGGETTI IN LEGNO
http://w3id.org/zac/88302_lot_7,2,Antiquitaten; Mobel | VASI
http://w3id.org/zac/88312_lot_1,2,FAYENCE; MAJOLIKA; STEINZEUG | Fayence; Majolika; Steinzeug | VASI
http://w3id.org/zac/88312_lot_16,2,OGGETTI VARI | PORCELLANE
http://w3id.org/zac/88312_lot_I2,2,ARGENTI | FAYENCE; MAJOLIKA; STEINZEUG | Fayence; Majolika; Steinzeug
http://w3id.org/zac/88312_lot_I4,2,CERAMICHE | OGGETTI VARI
http://w3id.org/zac/88313_lot_I,2,COPPE | OGGETTI VARI
http://w3id.org/zac/88318_lot_41,2,OGGETTI IN LEGNO | OGGETTI LITURGICI
http://w3id.org/zac/88320_lot_150,2,CAMINI | OGGETTI IN LEGNO
http://w3id.org/zac/88320_lot_48,2,OGGETTI IN METALLO | VETRI
http://w3id.org/zac/88321_lot_12,2,TESSUTI | STAMPE E INCISIONI
http://w3id.org/zac/88321_lot_13,2,ARTI GRAFICHE | STAMPE E INCISIONI
http://w3id.org/zac/88321_lot_14,2,ARTI GRAFICHE | STAMPE E INCISIONI
http://w3id.org/zac/88321_lot_18,2,ARTI GRAFICHE | STAMPE E INCISIONI
http://w3id.org/zac/88321_lot_21,2,ARTI GRAFICHE | SCULTURE
http://w3id.org/zac/88321_lot_22,2,SCULTURE | STAMPE E INCISIONI
http://w3id.org/zac/88321_lot_I,2,GOLD; SILBER | Gold; Silber | STEIN; METALL
http://w3id.org/zac/88322_lot_14,2,DIPINTI | OGGETTI IN LATTA
http://w3id.org/zac/88322_lot_19,2,Kupferstiche; Radierungen; Holzschnitte; Schabkunstblatter | OGGETTI IN RAME
http://w3id.org/zac/88322_lot_24,2,DIPINTI | STAMPE E INCISIONI
http://w3id.org/zac/88322_lot_26,2,DIPINTI | OGGETTI IN LATTA
http://w3id.org/zac/88322_lot_29,2,OGGETTI IN RAME | Zinn; Messing
http://w3id.org/zac/88322_lot_300,2,OGGETTI IN RAME | Zinn; Messing
http://w3id.org/zac/88322_lot_35,2,Kupferstiche; Radierungen; Holzschnitte; Schabkunstblatter | OGGETTI IN LEGNO
http://w3id.org/zac/88322_lot_40,2,Miniaturen; Silhouetten | VETRI
http://w3id.org/zac/88322_lot_45,2,Miniaturen; Silhouetten | OGGETTI IN RAME
http://w3id.org/zac/88322_lot_55,2,OGGETTI IN LATTA | OGGETTI IN LEGNO
http://w3id.org/zac/88322_lot_696,2,OGGETTI IN LEGNO | OGGETTI IN LATTA
http://w3id.org/zac/88322_lot_70,2,Kupferstiche; Radierungen; Holzschnitte; Schabkunstblatter | Zinn; Messing
http://w3id.org/zac/88322_lot_85,2,STAMPE E INCISIONI | PIATTI
http://w3id.org/zac/88322_lot_878,2,VETRI | VASI
http://w3id.org/zac/88322_lot_888,2,OGGETTI IN ORO | VETRI
http://w3id.org/zac/88322_lot_890,2,ARGENTI | VETRI
http://w3id.org/zac/88322_lot_90,2,Kupferstiche; Radierungen; Holzschnitte; Schabkunstblatter | Zinn; Messing
http://w3id.org/zac/88322_lot_I,2,CORNICI | OGGETTI IN RAME
http://w3id.org/zac/88324_lot_1,2,OGGETTI IN LATTA | TERRECOTTE
http://w3id.org/zac/88324_lot_125,2,Mobel; Uhren | MOBEL; UHREN | PORCELLANE
http://w3id.org/zac/88324_lot_14,2,CERAMICHE | PIATTI
http://w3id.org/zac/88324_lot_140,2,GOBELINS; TEPPICHE; TEXTILIEN | Gobelins; Teppiche; Textilien | PORCELLANE
http://w3id.org/zac/88324_lot_188,2,PORCELLANE | VETRI
http://w3id.org/zac/88324_lot_19,2,GOBELINS; TEPPICHE; TEXTILIEN | Gobelins; Teppiche; Textilien | OGGETTI IN LATTA
http://w3id.org/zac/88324_lot_270,2,Mobel; Uhren | MOBEL; UHREN | PORCELLANE
http://w3id.org/zac/88324_lot_300,2,Mobel; Uhren | MOBEL; UHREN | OGGETTI IN ORO
http://w3id.org/zac/88324_lot_313,2,PORCELLANE | PIATTI
http://w3id.org/zac/88324_lot_352,2,MAIOLICHE | OGGETTI IN LATTA
http://w3id.org/zac/88324_lot_40,2,OGGETTI IN LATTA | VASI
http://w3id.org/zac/88324_lot_400,2,GOBELINS; TEPPICHE; TEXTILIEN | Gobelins; Teppiche; Textilien | OGGETTI IN LEGNO
http://w3id.org/zac/88324_lot_441,2,OGGETTI VARI | PLACCHETTE
http://w3id.org/zac/88324_lot_45,2,Mobel; Uhren | MOBEL; UHREN | PIATTI
http://w3id.org/zac/88324_lot_510,2,ARAZZI | MOBEL; UHREN | Mobel; Uhren
http://w3id.org/zac/88324_lot_521,2,CORNICI | SPECCHI
http://w3id.org/zac/88325_lot_120,2,MOBILI | OGGETTI IN METALLO
http://w3id.org/zac/88325_lot_15,2,CORNICI | VETRI
http://w3id.org/zac/88325_lot_255,2,MOBILI | TESSUTI
http://w3id.org/zac/88327_lot_110,2,Handzeichnungen; Aquarelle | TESSUTI
http://w3id.org/zac/88327_lot_130,2,Handzeichnungen; Aquarelle | Sculpturen; Mobel
http://w3id.org/zac/88327_lot_135,2,Handzeichnungen; Aquarelle | Schmuck; Silber
http://w3id.org/zac/88327_lot_140,2,CORNICI | Sculpturen; Mobel
http://w3id.org/zac/88327_lot_150,2,ACQUERELLI | TESSUTI
http://w3id.org/zac/88327_lot_16,2,ACQUEFORTI | PORCELLANE
http://w3id.org/zac/88327_lot_17,2,Holzschnitte; Kupferstiche; Radierungen | Zinn; Messing; Kupfer; Bronzen
http://w3id.org/zac/88327_lot_194,2,CORNICI | OGGETTI VARI
http://w3id.org/zac/88327_lot_200,2,CORNICI | PORCELLANE
http://w3id.org/zac/88327_lot_21,2,Holzschnitte; Kupferstiche; Radierungen | Steinzeug; Fayencen | STEINZEUG; FAYENCEN
http://w3id.org/zac/88327_lot_215,2,CORNICI | OGGETTI IN LEGNO
http://w3id.org/zac/88327_lot_223,2,ARREDAMENTI | OGGETTI IN LEGNO
http://w3id.org/zac/88327_lot_24,2,Holzschnitte; Kupferstiche; Radierungen | OGGETTI IN RAME
http://w3id.org/zac/88327_lot_28,2,ACQUEFORTI | Steinzeug; Fayencen | STEINZEUG; FAYENCEN
http://w3id.org/zac/88327_lot_300,2,CORNICI | Miniaturen; Silhouetten
http://w3id.org/zac/88327_lot_391,2,OGGETTI IN LATTA | VASI
http://w3id.org/zac/88327_lot_400,2,MAIOLICHE | Sculpturen; Mobel
http://w3id.org/zac/88327_lot_42,2,ACQUEFORTI | Steinzeug; Fayencen | STEINZEUG; FAYENCEN
http://w3id.org/zac/88327_lot_486,2,MAIOLICHE | PORCELLANE
http://w3id.org/zac/88327_lot_528,2,LAMPADE | OGGETTI IN ORO
http://w3id.org/zac/88327_lot_650,2,OGGETTI IN RAME | Sculpturen; Mobel
http://w3id.org/zac/88327_lot_72,2,OGGETTI IN RAME | Sculpturen; Mobel
http://w3id.org/zac/88327_lot_9,2,Handzeichnungen; Aquarelle | OGGETTI IN RAME
http://w3id.org/zac/88327_lot_90,2,ACQUERELLI | Sculpturen; Mobel
http://w3id.org/zac/88328_lot_18,2,CORNICI | OGGETTI IN LEGNO
http://w3id.org/zac/88328_lot_2,2,CORNICI | OGGETTI IN LEGNO
http://w3id.org/zac/88328_lot_I7,2,CORNICI | OGGETTI IN LEGNO
http://w3id.org/zac/88336_lot_11,2,Gemalde; Kunstblatter | PORCELLANE
http://w3id.org/zac/88336_lot_12,2,OGGETTI IN METALLO | PORCELLANE
http://w3id.org/zac/88336_lot_13,2,Gemalde; Kunstblatter | OGGETTI IN LEGNO
http://w3id.org/zac/88336_lot_23,2,Gemalde; Kunstblatter | PORCELLANE
http://w3id.org/zac/88336_lot_24,2,Gemalde; Kunstblatter | PORCELLANE
http://w3id.org/zac/88336_lot_26,2,Gemalde; Kunstblatter | PORCELLANE
http://w3id.org/zac/88336_lot_44,2,OGGETTI IN LEGNO | PORCELLANE
http://w3id.org/zac/88336_lot_5,2,OGGETTI IN LEGNO | PORCELLANE
http://w3id.org/zac/88336_lot_53,2,OGGETTI IN LEGNO | PORCELLANE
http://w3id.org/zac/88336_lot_55,2,OGGETTI IN LEGNO | SCATOLE
http://w3id.org/zac/88336_lot_6,2,CORNICI | PORCELLANE
http://w3id.org/zac/88336_lot_7,2,Gemalde; Kunstblatter | PORCELLANE
http://w3id.org/zac/88336_lot_8,2,OGGETTI IN LEGNO | PORCELLANE
http://w3id.org/zac/88336_lot_9,2,Gemalde; Kunstblatter | PORCELLANE
http://w3id.org/zac/88342_lot_10,2,Gemalde; Miniaturen; Farbstiche | PORCELLANE
http://w3id.org/zac/88342_lot_105,2,Bronze; Messing; Kupfer; Eisen | Stein; Terracotta; Elfenbein
http://w3id.org/zac/88342_lot_1100,2,TESSUTI | Spiegel; Leuchter; Konsolen; Wanddekorationen
http://w3id.org/zac/88342_lot_1250,2,Kredenz; Sekretare; Kommoden | Spiegel; Leuchter; Konsolen; Wanddekorationen
http://w3id.org/zac/88342_lot_1300,2,Bronze; Messing; Kupfer; Eisen | Gemalde; Miniaturen; Farbstiche
http://w3id.org/zac/88342_lot_140,2,OROLOGI | OGGETTI IN RAME
http://w3id.org/zac/88342_lot_1460,2,OGGETTI IN LEGNO | Spiegel; Leuchter; Konsolen; Wanddekorationen
http://w3id.org/zac/88342_lot_15,2,ABITI | PORCELLANE
http://w3id.org/zac/88342_lot_152,2,OTTONI | PORCELLANE
http://w3id.org/zac/88342_lot_16,2,OGGETTI IN LEGNO | PORCELLANE
http://w3id.org/zac/88342_lot_166,2,Bronze; Messing; Kupfer; Eisen | Gemalde; Miniaturen; Farbstiche
http://w3id.org/zac/88342_lot_182,2,Bronze; Messing; Kupfer; Eisen | SCULTURE
http://w3id.org/zac/88342_lot_210,2,OGGETTI VARI | Stuhle; Banke
http://w3id.org/zac/88342_lot_22,2,BRONZI | PIATTI
http://w3id.org/zac/88342_lot_25,2,SCATOLE | Stein; Terracotta; Elfenbein
http://w3id.org/zac/88342_lot_250,2,Gemalde; Miniaturen; Farbstiche | Stuhle; Banke
http://w3id.org/zac/88342_lot_281,2,MOBILI | PORCELLANE
http://w3id.org/zac/88342_lot_30,2,BIANCHERIA | Gemalde; Miniaturen; Farbstiche
http://w3id.org/zac/88342_lot_300,2,MAIOLICHE | TESSUTI
http://w3id.org/zac/88342_lot_3100,2,Kredenz; Sekretare; Kommoden | SPECCHI
http://w3id.org/zac/88342_lot_318,2,OGGETTI IN LEGNO | Spiegel; Leuchter; Konsolen; Wanddekorationen
http://w3id.org/zac/88342_lot_32,2,PIATTI | Truhen; Schranke
http://w3id.org/zac/88342_lot_33,2,OGGETTI IN ORO | PORCELLANE
http://w3id.org/zac/88342_lot_35,2,PORCELLANE | SPECCHI
http://w3id.org/zac/88342_lot_350,2,OROLOGI | PORCELLANE
http://w3id.org/zac/88342_lot_352,2,OGGETTI IN LEGNO | SPECCHI
http://w3id.org/zac/88342_lot_3700,2,MOBILI | Vertafelungen; Zimmereinrichtungen; Turen
http://w3id.org/zac/88342_lot_3800,2,OROLOGI | SCULTURE
http://w3id.org/zac/88342_lot_400,2,ABITI | OROLOGI
http://w3id.org/zac/88342_lot_4100,2,MAIOLICHE | Gemalde; Miniaturen; Farbstiche
http://w3id.org/zac/88342_lot_4160,2,CORNICI | MAIOLICHE
http://w3id.org/zac/88342_lot_429,2,OROLOGI | OGGETTI IN LEGNO
http://w3id.org/zac/88342_lot_44,2,OGGETTI IN LEGNO | OROLOGI
http://w3id.org/zac/88342_lot_45,2,BRONZI | TESSUTI
http://w3id.org/zac/88342_lot_46,2,OGGETTI IN LEGNO | PORCELLANE
http://w3id.org/zac/88342_lot_460,2,Gemalde; Miniaturen; Farbstiche | SPECCHI
http://w3id.org/zac/88342_lot_48,2,Gemalde; Miniaturen; Farbstiche | OTTONI
http://w3id.org/zac/88342_lot_49,2,Gemalde; Miniaturen; Farbstiche | SCATOLE
http://w3id.org/zac/88342_lot_5,2,OGGETTI IN LEGNO | TESSUTI
http://w3id.org/zac/88342_lot_520,2,Gemalde; Miniaturen; Farbstiche | OGGETTI IN LEGNO
http://w3id.org/zac/88342_lot_5600,2,MAIOLICHE | OGGETTI IN LEGNO
http://w3id.org/zac/88342_lot_565,2,OGGETTI IN LEGNO | TESSUTI
http://w3id.org/zac/88342_lot_580,2,MOBILI | TESSUTI
http://w3id.org/zac/88342_lot_59,2,TESSUTI | PORCELLANE
http://w3id.org/zac/88342_lot_60,2,Stuhle; Banke | PORCELLANE
http://w3id.org/zac/88342_lot_610,2,Bronze; Messing; Kupfer; Eisen | TESSUTI
http://w3id.org/zac/88342_lot_67,2,OGGETTI IN FERRO | PORCELLANE
http://w3id.org/zac/88342_lot_68,2,TESSUTI | PORCELLANE
http://w3id.org/zac/88342_lot_69,2,OGGETTI IN FERRO | OGGETTI IN ORO
http://w3id.org/zac/88342_lot_78,2,OGGETTI IN METALLO | SCULTURE
http://w3id.org/zac/88342_lot_800,2,OGGETTI IN LEGNO | STAMPE E INCISIONI
http://w3id.org/zac/88342_lot_81,2,OGGETTI VARI | VASI
http://w3id.org/zac/88342_lot_850,2,Stein; Terracotta; Elfenbein | PORCELLANE
http://w3id.org/zac/88342_lot_89,2,OGGETTI IN LEGNO | TESSUTI
http://w3id.org/zac/88342_lot_90,2,OGGETTI IN LEGNO | PORCELLANE
http://w3id.org/zac/88342_lot_950,2,Bronze; Messing; Kupfer; Eisen | OGGETTI IN FERRO
http://w3id.org/zac/88346_lot_100,2,ARMI | Stein; Steinzeug; Steingut
http://w3id.org/zac/88346_lot_121,2,CERAMICHE | PIATTI
http://w3id.org/zac/88346_lot_146,2,LIBRI | PORCELLANE
http://w3id.org/zac/88346_lot_15,2,PORCELLANE | VETRI
http://w3id.org/zac/88346_lot_185,2,BANDIERE | CERAMICHE
http://w3id.org/zac/88346_lot_19,2,ARMI | OGGETTI IN LATTA
http://w3id.org/zac/88346_lot_195,2,CERAMICHE | OGGETTI IN ORO
http://w3id.org/zac/88346_lot_196,2,CERAMICHE | OGGETTI IN ORO
http://w3id.org/zac/88346_lot_197,2,CERAMICHE | OGGETTI IN ORO
http://w3id.org/zac/88346_lot_20,2,DIPINTI | TERRECOTTE
http://w3id.org/zac/88346_lot_203,2,CERAMICHE | OGGETTI VARI
http://w3id.org/zac/88346_lot_205,2,CERAMICHE | OGGETTI IN ORO
http://w3id.org/zac/88346_lot_210,2,BRONZI | CERAMICHE
http://w3id.org/zac/88346_lot_220,2,CERAMICHE | OGGETTI IN ORO
http://w3id.org/zac/88346_lot_223,2,CERAMICHE | VASI
http://w3id.org/zac/88346_lot_225,2,CERAMICHE | FOTOGRAFIE
http://w3id.org/zac/88346_lot_227,2,CERAMICHE | VASI
http://w3id.org/zac/88346_lot_229,2,CERAMICHE | STAMPE E INCISIONI
http://w3id.org/zac/88346_lot_231,2,CERAMICHE | PIATTI
http://w3id.org/zac/88346_lot_237,2,CERAMICHE | OGGETTI VARI
http://w3id.org/zac/88346_lot_24,2,MERLETTI | TERRECOTTE
http://w3id.org/zac/88346_lot_259,2,CERAMICHE | PIATTI
http://w3id.org/zac/88346_lot_31,2,OGGETTI IN LATTA | Stein; Steinzeug; Steingut
http://w3id.org/zac/88346_lot_310,2,MERLETTI | OGGETTI IN LEGNO
http://w3id.org/zac/88346_lot_36,2,MAIOLICHE | PORCELLANE
http://w3id.org/zac/88346_lot_560,2,CERAMICHE | Kupfer; Bronze; Messing; Eisen; Zinn
http://w3id.org/zac/88346_lot_7,2,CORNICI | TERRECOTTE
http://w3id.org/zac/88346_lot_76,2,CERAMICHE | OGGETTI IN LATTA
http://w3id.org/zac/88346_lot_800,2,ARTI GRAFICHE | Stein; Steinzeug; Steingut
http://w3id.org/zac/88346_lot_960,2,Mobiliar; Ausstattungsgerat | VASI
http://w3id.org/zac/88349_lot_1,2,SPECCHI | VETRI
http://w3id.org/zac/88349_lot_12,2,TERRECOTTE | PORCELLANE
http://w3id.org/zac/88349_lot_13,2,MOBILI | Irdengut; Steinzeug; Steingut
http://w3id.org/zac/88349_lot_15,2,MOBILI | OGGETTI VARI
http://w3id.org/zac/88349_lot_18,2,ARREDAMENTI | TERRECOTTE
http://w3id.org/zac/88349_lot_2,2,VETRI | STAMPE E INCISIONI
http://w3id.org/zac/88349_lot_3,2,STAMPE E INCISIONI | VETRI
http://w3id.org/zac/88349_lot_35,2,OROLOGI | TERRECOTTE
http://w3id.org/zac/88349_lot_4,2,Irdengut; Steinzeug; Steingut | STAMPE E INCISIONI
http://w3id.org/zac/88349_lot_42,2,MOBILI | TERRECOTTE
http://w3id.org/zac/88349_lot_6,2,MOBILI | STAMPE E INCISIONI
http://w3id.org/zac/88349_lot_8,2,Irdengut; Steinzeug; Steingut | VETRI
http://w3id.org/zac/88351_lot_10,2,Kupferstiche; Radierungen; Lithographien | Handzeichnungen; Aquarelle
http://w3id.org/zac/88351_lot_12,2,Handzeichnungen; Aquarelle | Kupferstiche; Radierungen; Lithographien
http://w3id.org/zac/88351_lot_120,2,ARREDAMENTI | Einrichtungsgegenstande; Mobel
http://w3id.org/zac/88351_lot_16,2,OGGETTI IN RAME | VETRI
http://w3id.org/zac/88351_lot_165,2,ARREDAMENTI | Einrichtungsgegenstande; Mobel
http://w3id.org/zac/88351_lot_2,2,OGGETTI IN RAME | STAMPE E INCISIONI
http://w3id.org/zac/88351_lot_21,2,OGGETTI D'ARTE ORIENTALE | STAMPE E INCISIONI
http://w3id.org/zac/88351_lot_220,2,OGGETTI D'ARTE ORIENTALE | PORCELLANE
http://w3id.org/zac/88351_lot_27,2,OGGETTI IN RAME | VETRI
http://w3id.org/zac/88351_lot_30,2,PORCELLANE | STAMPE E INCISIONI
http://w3id.org/zac/88351_lot_38,2,OGGETTI IN RAME | VETRI
http://w3id.org/zac/88351_lot_44,2,GIOIELLI | STAMPE E INCISIONI
http://w3id.org/zac/88351_lot_515,2,VETRI | Schmuck; Munzen
http://w3id.org/zac/88351_lot_516,2,MINIATURE | OGGETTI IN ORO
http://w3id.org/zac/88351_lot_65,2,Einrichtungsgegenstande; Mobel | Kupferstiche; Radierungen; Lithographien
http://w3id.org/zac/88351_lot_70,2,TESSUTI | STAMPE E INCISIONI
http://w3id.org/zac/88351_lot_75,2,CORNICI | Handzeichnungen; Aquarelle
http://w3id.org/zac/88351_lot_9,2,Einrichtungsgegenstande; Mobel | Kupferstiche; Radierungen; Lithographien
http://w3id.org/zac/88351_lot_95,2,Einrichtungsgegenstande; Mobel | Handzeichnungen; Aquarelle
http://w3id.org/zac/88352_lot_100,2,OGGETTI IN ORO | PORCELLANE
http://w3id.org/zac/88352_lot_2,2,Alabaster; Irdengut; Steinzeug; Steingut | ARAZZI
http://w3id.org/zac/88352_lot_229,2,Glas; Arbeiten in Elfenbein | PORCELLANE
http://w3id.org/zac/88352_lot_35,2,ARREDAMENTI | Majolika; Fayence
http://w3id.org/zac/88352_lot_41,2,CORNICI | OGGETTI IN ORO
http://w3id.org/zac/88352_lot_557,2,OGGETTI LITURGICI | OGGETTI IN ORO
http://w3id.org/zac/88352_lot_690,2,MINIATURE | PORCELLANE
http://w3id.org/zac/88352_lot_9,2,Alabaster; Irdengut; Steinzeug; Steingut | Majolika; Fayence
http://w3id.org/zac/88352_lot_90,2,PIATTI | PORCELLANE
http://w3id.org/zac/88352_lot_96,2,OGGETTI VARI | PORCELLANE
http://w3id.org/zac/88356_lot_213,2,CORNICI | OGGETTI VARI
http://w3id.org/zac/88360_lot_36,2,Gemalde; Originalradierungen; Holzschnitte; Stiche | Teppiche; Stoffe; Mobel; Antiquitaten; Kunstgegenstande
http://w3id.org/zac/88362_lot_167,2,Stoffe; Stickereien; Teppiche | SCULTURE
http://w3id.org/zac/88362_lot_21,2,DIPINTI | Silhouetten; Miniaturen; Dosen
http://w3id.org/zac/88362_lot_31,2,LAMPADE | Silber; Schmucksticke
http://w3id.org/zac/88362_lot_333,2,MAIOLICHE | Porzellan; Fayence | PORZELLAN; FAYENCE
http://w3id.org/zac/88362_lot_344,2,MINIATURE | MAIOLICHE
http://w3id.org/zac/88362_lot_35,2,Stoffe; Stickereien; Teppiche | Silber; Schmucksticke
http://w3id.org/zac/88362_lot_36,2,Silber; Schmucksticke | Stoffe; Stickereien; Teppiche
http://w3id.org/zac/88362_lot_37,2,Stoffe; Stickereien; Teppiche | Silber; Schmucksticke
http://w3id.org/zac/88362_lot_40,2,OGGETTI IN LEGNO | Silber; Schmucksticke
http://w3id.org/zac/88362_lot_43,2,Holz; Mobel | Silber; Schmucksticke
http://w3id.org/zac/88362_lot_47,2,Holz; Mobel | Silhouetten; Miniaturen; Dosen
http://w3id.org/zac/88363_lot_11,2,MOBILI | PORZELLAN; FAYENCE | Porzellan; Fayence
http://w3id.org/zac/88363_lot_12,2,MOBILI | Porzellan; Fayence | PORZELLAN; FAYENCE
http://w3id.org/zac/88363_lot_13,2,MOBILI | Porzellan; Fayence | PORZELLAN; FAYENCE
http://w3id.org/zac/88363_lot_14,2,OGGETTI VARI | PORZELLAN; FAYENCE | Porzellan; Fayence
http://w3id.org/zac/88363_lot_15,2,OGGETTI IN ORO | Porzellan; Fayence | PORZELLAN; FAYENCE
http://w3id.org/zac/88363_lot_4,2,MOBILI | PORZELLAN; FAYENCE | Porzellan; Fayence
http://w3id.org/zac/88363_lot_5,2,MOBILI | PORZELLAN; FAYENCE | Porzellan; Fayence
http://w3id.org/zac/88364_lot_2,2,Antiquitaten; Kunstgegenstände | OGGETTI VARI
http://w3id.org/zac/88367_lot_168,2,MOBILI | OGGETTI IN LEGNO
http://w3id.org/zac/88367_lot_35,2,MOBILI | STAMPE E INCISIONI
http://w3id.org/zac/88367_lot_37,2,Fayence; Steinzeug; Majolika | STAMPE E INCISIONI
http://w3id.org/zac/88367_lot_40,2,MOBILI | STAMPE E INCISIONI
http://w3id.org/zac/88367_lot_41,2,MOBILI | STAMPE E INCISIONI
http://w3id.org/zac/88367_lot_42,2,MOBILI | STAMPE E INCISIONI
http://w3id.org/zac/88367_lot_43,2,BASTONI | STAMPE E INCISIONI
http://w3id.org/zac/88367_lot_45,2,MOBILI | STAMPE E INCISIONI
http://w3id.org/zac/88371_lot_39,2,OGGETTI IN PIOMBO | STAMPE E INCISIONI
http://w3id.org/zac/88373_lot_10,2,ACQUEFORTI | OGGETTI IN RAME
http://w3id.org/zac/88373_lot_12,2,ACQUEFORTI | OGGETTI IN RAME
http://w3id.org/zac/88373_lot_200,2,ACQUEFORTI | ACQUERELLI
http://w3id.org/zac/88373_lot_2000,2,ACQUERELLI | FOTOGRAFIE
http://w3id.org/zac/88373_lot_235,2,FOTOGRAFIE | STAMPE E INCISIONI
http://w3id.org/zac/88373_lot_300,2,ACQUEFORTI | OGGETTI IN PIOMBO
http://w3id.org/zac/88373_lot_35,2,OGGETTI IN PIOMBO | STAMPE E INCISIONI
http://w3id.org/zac/88373_lot_394,2,ACQUEFORTI | OGGETTI IN PIOMBO
http://w3id.org/zac/88373_lot_40,2,ACQUEFORTI | STAMPE E INCISIONI
http://w3id.org/zac/88373_lot_600,2,ACQUEFORTI | OGGETTI IN FERRO
http://w3id.org/zac/88374_lot_19,2,MOBILI | OGGETTI IN METALLO
http://w3id.org/zac/88374_lot_226,2,OGGETTI VARI | VETRI
http://w3id.org/zac/88374_lot_25,2,MOBILI | OGGETTI IN METALLO
http://w3id.org/zac/88374_lot_30,2,MOBILI | OGGETTI IN METALLO
http://w3id.org/zac/88374_lot_32,2,MOBILI | VETRI
http://w3id.org/zac/88374_lot_665,2,OGGETTI VARI | PORCELLANE
http://w3id.org/zac/88376_lot_1052,2,OGGETTI IN LEGNO | Textilien; Teppiche; Stickereien
http://w3id.org/zac/88377_lot_12,2,HOLZSKULPTUREN; PERSISCHE TEPPICHE | SILBERNE GERATE; CHINESISCHES PORZELLAN; ELFENBEINMINIATUREN; SPITZEN; FACHERSAMMLUNG
http://w3id.org/zac/88377_lot_13,2,HOLZSKULPTUREN; PERSISCHE TEPPICHE | SILBERNE GERATE; CHINESISCHES PORZELLAN; ELFENBEINMINIATUREN; SPITZEN; FACHERSAMMLUNG
http://w3id.org/zac/88377_lot_14,2,HOLZSKULPTUREN; PERSISCHE TEPPICHE | OGGETTI IN ORO
http://w3id.org/zac/88377_lot_16,2,HOLZSKULPTUREN; PERSISCHE TEPPICHE | SILBERNE GERATE; CHINESISCHES PORZELLAN; ELFENBEINMINIATUREN; SPITZEN; FACHERSAMMLUNG
http://w3id.org/zac/88377_lot_17,2,HOLZSKULPTUREN; PERSISCHE TEPPICHE | SILBERNE GERATE; CHINESISCHES PORZELLAN; ELFENBEINMINIATUREN; SPITZEN; FACHERSAMMLUNG
http://w3id.org/zac/88377_lot_19,2,HOLZSKULPTUREN; PERSISCHE TEPPICHE | SILBERNE GERATE; CHINESISCHES PORZELLAN; ELFENBEINMINIATUREN; SPITZEN; FACHERSAMMLUNG
http://w3id.org/zac/88377_lot_20,2,MOBILI | HOLZSKULPTUREN; PERSISCHE TEPPICHE
http://w3id.org/zac/88377_lot_21,2,HOLZSKULPTUREN; PERSISCHE TEPPICHE | SILBERNE GERATE; CHINESISCHES PORZELLAN; ELFENBEINMINIATUREN; SPITZEN; FACHERSAMMLUNG
http://w3id.org/zac/88377_lot_23,2,HOLZSKULPTUREN; PERSISCHE TEPPICHE | SILBERNE GERATE; CHINESISCHES PORZELLAN; ELFENBEINMINIATUREN; SPITZEN; FACHERSAMMLUNG
http://w3id.org/zac/88377_lot_24,2,HOLZSKULPTUREN; PERSISCHE TEPPICHE | SILBERNE GERATE; CHINESISCHES PORZELLAN; ELFENBEINMINIATUREN; SPITZEN; FACHERSAMMLUNG
http://w3id.org/zac/88377_lot_25,2,MERLETTI | SILBERNE GERATE; CHINESISCHES PORZELLAN; ELFENBEINMINIATUREN; SPITZEN; FACHERSAMMLUNG
http://w3id.org/zac/88377_lot_8,2,HOLZSKULPTUREN; PERSISCHE TEPPICHE | SILBERNE GERATE; CHINESISCHES PORZELLAN; ELFENBEINMINIATUREN; SPITZEN; FACHERSAMMLUNG
http://w3id.org/zac/88377_lot_I,2,HOLZSKULPTUREN; PERSISCHE TEPPICHE | SILBERNE GERATE; CHINESISCHES PORZELLAN; ELFENBEINMINIATUREN; SPITZEN; FACHERSAMMLUNG
http://w3id.org/zac/88379_lot_13,2,Bronze; Messing; Zinn; Eisen | BRONZE; MESSING; ZINN; EISEN | VASI
http://w3id.org/zac/88379_lot_192,2,OGGETTI IN FERRO | Vertafelungen; Turen; Mobel
http://w3id.org/zac/88379_lot_202,2,MAIOLICHE | OGGETTI IN FERRO
http://w3id.org/zac/88379_lot_52,2,DISEGNI | VETRI
http://w3id.org/zac/88379_lot_I,2,LIBRI | OGGETTI IN RAME
http://w3id.org/zac/88385_lot_337,2,FAYENCE; MAJOLIKA | Fayence; Majolika | MAIOLICHE
http://w3id.org/zac/88385_lot_I,2,Mobel; Holzarbeiten; Kassetten; Skulpturen | Steingut; Irdenware
http://w3id.org/zac/88393_lot_138,2,CAMINI | DIPINTI
http://w3id.org/zac/88394_lot_17,2,MOBILI | TERRECOTTE
http://w3id.org/zac/88394_lot_195,2,Gobelins; Verduren; Perserteppiche; Textilien; Stickereien | SCULTURE
http://w3id.org/zac/88394_lot_301,2,GIOIELLI | MOBILI
http://w3id.org/zac/88394_lot_667,2,MAIOLICHE | PORCELLANE
http://w3id.org/zac/88395_lot_269,2,MARMI | OGGETTI IN LEGNO
http://w3id.org/zac/88396_lot_1,2,LAMPADE | DIPINTI
http://w3id.org/zac/88396_lot_12,2,LAMPADE | DIPINTI
http://w3id.org/zac/88396_lot_128,2,MAIOLICHE | DIPINTI
http://w3id.org/zac/88396_lot_13,2,CORNICI | LAMPADE
http://w3id.org/zac/88396_lot_130,2,DIPINTI | MAIOLICHE
http://w3id.org/zac/88396_lot_136,2,DIPINTI | MAIOLICHE
http://w3id.org/zac/88396_lot_176,2,DIPINTI | MAIOLICHE
http://w3id.org/zac/88396_lot_205,2,DIPINTI | MAIOLICHE
http://w3id.org/zac/88396_lot_256,2,OGGETTI VARI | VETRI
http://w3id.org/zac/88396_lot_262,2,OGGETTI VARI | VETRI
http://w3id.org/zac/88396_lot_36,2,DIPINTI | SCATOLE
http://w3id.org/zac/88396_lot_4,2,AVORI | DIPINTI
http://w3id.org/zac/88396_lot_45,2,CORNICI | DIPINTI
http://w3id.org/zac/88396_lot_474,2,ARGENTI | PORCELLANE
http://w3id.org/zac/88396_lot_51,2,DIPINTI | ZINN; KUPFER; MESSING; BRONZE
http://w3id.org/zac/88396_lot_540,2,MOBILI | ZINN; KUPFER; MESSING; BRONZE
http://w3id.org/zac/88396_lot_541,2,CANDELABRI | SCOMPARTI
http://w3id.org/zac/88396_lot_547,2,CORNICI | MOBILI
http://w3id.org/zac/88396_lot_548,2,Kaminuhr; Kandelabern | LAMPADE
http://w3id.org/zac/88396_lot_55,2,DIPINTI | Kaminuhr; Kandelabern
http://w3id.org/zac/88396_lot_550,2,Kaminuhr; Kandelabern | LAMPADE
http://w3id.org/zac/88396_lot_56,2,CORNICI | DIPINTI
http://w3id.org/zac/88396_lot_57,2,CORNICI | DIPINTI
http://w3id.org/zac/88396_lot_636,2,MOBILI | SCOMPARTI
http://w3id.org/zac/88396_lot_644,2,LAMPADE | SCOMPARTI
http://w3id.org/zac/88396_lot_648,2,OGGETTI D'ARTE POPOLARE | SCOMPARTI
http://w3id.org/zac/88396_lot_651,2,DIPINTI | SCOMPARTI
http://w3id.org/zac/88396_lot_654,2,MERLETTI | SCOMPARTI
http://w3id.org/zac/88396_lot_661,2,ARREDAMENTI | CANDELABRI
http://w3id.org/zac/88397_lot_2,2,OGGETTI IN LEGNO | STAMPE E INCISIONI
http://w3id.org/zac/88397_lot_4,2,CORNICI | STAMPE E INCISIONI
http://w3id.org/zac/88398_lot_11,2,Bronze; Glas; Fayence | BRONZI
http://w3id.org/zac/88398_lot_12,2,Mobel; Gobelins; Teppiche; Skulpturen | OGGETTI IN LEGNO
http://w3id.org/zac/88398_lot_21,2,Bronze; Glas; Fayence | Mobel; Gobelins; Teppiche; Skulpturen
http://w3id.org/zac/88398_lot_25,2,Mobel; Gobelins; Teppiche; Skulpturen | OGGETTI IN LEGNO
http://w3id.org/zac/88399_lot_2,2,Oelgemalde; Aquarelle | OGGETTI IN LEGNO
http://w3id.org/zac/88399_lot_3,2,Oelgemalde; Aquarelle | SCOMPARTI
http://w3id.org/zac/88400_lot_148,2,OGGETTI IN LEGNO | TESSUTI
http://w3id.org/zac/88400_lot_37,2,Fayencen; Steingut | FAYENCEN; STEINGUT | TESSUTI
http://w3id.org/zac/88400_lot_94,2,OGGETTI IN RAME | VASI
http://w3id.org/zac/88401_lot_1500,2,MAIOLICHE | OGGETTI IN LATTA
http://w3id.org/zac/88401_lot_17,2,BASTONI | CERAMICHE
http://w3id.org/zac/88401_lot_18,2,BASTONI | OGGETTI IN METALLO
http://w3id.org/zac/88401_lot_20,2,OGGETTI IN METALLO | VETRI
http://w3id.org/zac/88401_lot_3,2,MAIOLICHE | OGGETTI IN LATTA
http://w3id.org/zac/88401_lot_31,2,COPPE | VETRI
http://w3id.org/zac/88401_lot_32,2,COPPE | VETRI
http://w3id.org/zac/88401_lot_36,2,VASI | VETRI
http://w3id.org/zac/88401_lot_4,2,MAIOLICHE | OGGETTI IN METALLO
http://w3id.org/zac/88401_lot_5,2,OGGETTI IN METALLO | VETRI
http://w3id.org/zac/88401_lot_6,2,CERAMICHE | SCATOLE
http://w3id.org/zac/88401_lot_60,2,MAIOLICHE | OGGETTI IN METALLO
http://w3id.org/zac/88401_lot_7,2,MAIOLICHE | OGGETTI IN METALLO
http://w3id.org/zac/88401_lot_79,2,OGGETTI IN METALLO | VETRI
http://w3id.org/zac/88403_lot_3,2,CORNICI | OGGETTI IN LEGNO
http://w3id.org/zac/88408_lot_160,2,OGGETTI VARI | OGGETTI IN FERRO
http://w3id.org/zac/88408_lot_161,2,OGGETTI IN FERRO | TERRECOTTE
http://w3id.org/zac/88408_lot_162,2,OGGETTI IN FERRO | OGGETTI VARI
http://w3id.org/zac/88408_lot_163,2,ARMI | OGGETTI VARI
http://w3id.org/zac/88408_lot_3,2,TERRECOTTE | TELER; SCHUSSELN; TERRINEN; SCHALEN; TASSEN
http://w3id.org/zac/88408_lot_516,2,OGGETTI VARI | OTTONI
http://w3id.org/zac/88408_lot_581,2,CORNICI | OGGETTI VARI
http://w3id.org/zac/88408_lot_61,2,OGGETTI VARI | TERRECOTTE
http://w3id.org/zac/88408_lot_66,2,OGGETTI VARI | TERRECOTTE
http://w3id.org/zac/88408_lot_8,2,OGGETTI VARI | TERRECOTTE
http://w3id.org/zac/88409_lot_20,2,Bucher; Kunstblatter | ACQUEFORTI
http://w3id.org/zac/88409_lot_277,2,OGGETTI IN LEGNO | TEPPICHE; TEXTILIEN | Teppiche; Textilien
http://w3id.org/zac/88409_lot_855,2,Bucher; Kunstblatter | FOTOGRAFIE
http://w3id.org/zac/88409_lot_I,2,Bucher; Kunstblatter | HOLZ; ELFENBEIN | Holz; Elfenbein
http://w3id.org/zac/88411_lot_18,2,OGGETTI IN RAME | OGGETTI IN METALLO
http://w3id.org/zac/88411_lot_229,2,CORNICI | OGGETTI IN LEGNO
http://w3id.org/zac/88412_lot_17,2,KLEINKUNST; MINIATUREN; TEXTILIEN | PORCELLANE
http://w3id.org/zac/88412_lot_20,2,KLEINKUNST; MINIATUREN; TEXTILIEN | PORCELLANE
http://w3id.org/zac/88412_lot_22,2,OGGETTI IN LEGNO | PORCELLANE
http://w3id.org/zac/88412_lot_24,2,KLEINKUNST; MINIATUREN; TEXTILIEN | PORCELLANE
http://w3id.org/zac/88412_lot_27,2,KLEINKUNST; MINIATUREN; TEXTILIEN | PORCELLANE
http://w3id.org/zac/88412_lot_28,2,KLEINKUNST; MINIATUREN; TEXTILIEN | PORCELLANE
http://w3id.org/zac/88412_lot_31,2,KLEINKUNST; MINIATUREN; TEXTILIEN | PORCELLANE
http://w3id.org/zac/88412_lot_37,2,OGGETTI VARI | PORCELLANE
http://w3id.org/zac/88412_lot_40,2,KLEINKUNST; MINIATUREN; TEXTILIEN | PORCELLANE
http://w3id.org/zac/88412_lot_42,2,KLEINKUNST; MINIATUREN; TEXTILIEN | PORCELLANE
http://w3id.org/zac/88412_lot_43,2,KLEINKUNST; MINIATUREN; TEXTILIEN | PORCELLANE
http://w3id.org/zac/88413_lot_10,2,CERAMICHE | OGGETTI IN ORO
http://w3id.org/zac/88413_lot_12,2,CERAMICHE | OGGETTI IN FERRO
http://w3id.org/zac/88413_lot_13,2,CERAMICHE | VASI
http://w3id.org/zac/88413_lot_17,2,CERAMICHE | OGGETTI IN ORO
http://w3id.org/zac/88413_lot_257,2,ARREDAMENTI | OGGETTI D'ARTE ORIENTALE
http://w3id.org/zac/88413_lot_3,2,CERAMICHE | OGGETTI IN ORO
http://w3id.org/zac/88413_lot_450,2,OGGETTI IN LEGNO | VASI
http://w3id.org/zac/88413_lot_5,2,CERAMICHE | VASI
http://w3id.org/zac/88413_lot_7,2,CERAMICHE | VASI
http://w3id.org/zac/88413_lot_I2,2,OGGETTI IN METALLO | SCATOLE
http://w3id.org/zac/88413_lot_I4,2,CERAMICHE | OGGETTI IN METALLO
http://w3id.org/zac/88413_lot_I7,2,CERAMICHE | OGGETTI IN METALLO
http://w3id.org/zac/88413_lot_II,2,CERAMICHE | OGGETTI IN FERRO
http://w3id.org/zac/88414_lot_I,2,CAMINI | VETRI
http://w3id.org/zac/88415_lot_12,2,OGGETTI D'ARTE ORIENTALE | OGGETTI IN LEGNO
http://w3id.org/zac/88415_lot_15,2,OGGETTI D'ARTE ORIENTALE | SCATOLE
http://w3id.org/zac/88415_lot_21,2,BANDIERE | OGGETTI D'ARTE ORIENTALE
http://w3id.org/zac/88415_lot_26,2,ARREDAMENTI | OGGETTI D'ARTE ORIENTALE
http://w3id.org/zac/88415_lot_27,2,OGGETTI D'ARTE ORIENTALE | OGGETTI IN LEGNO
http://w3id.org/zac/88415_lot_28,2,Dritter Tag | OGGETTI D'ARTE ORIENTALE
http://w3id.org/zac/88415_lot_3,2,COPPE | OGGETTI D'ARTE ORIENTALE
http://w3id.org/zac/88415_lot_37,2,Dritter Tag | OGGETTI IN LEGNO
http://w3id.org/zac/88415_lot_39,2,CORNICI | OGGETTI D'ARTE ORIENTALE
http://w3id.org/zac/88415_lot_4,2,OGGETTI D'ARTE ORIENTALE | OGGETTI IN RAME
http://w3id.org/zac/88416_lot_172,2,OGGETTI IN PELLE | OGGETTI IN ORO
http://w3id.org/zac/88416_lot_18,2,ARGENTI | Terracotta; Steingut
http://w3id.org/zac/88416_lot_2,2,MOBEL; EINRICHTUNGSGEGENSTANDE | Mobel; Einrichtungsgegenstande | VETRI
http://w3id.org/zac/88416_lot_2041,2,ARGENTI | Mobel; Einrichtungsgegenstande | MOBEL; EINRICHTUNGSGEGENSTANDE
http://w3id.org/zac/88416_lot_228,2,ARGENTI | MOBEL; EINRICHTUNGSGEGENSTANDE | Mobel; Einrichtungsgegenstande
http://w3id.org/zac/88416_lot_28,2,ARGENTI | OGGETTI IN LEGNO
http://w3id.org/zac/88416_lot_30,2,ARGENTI | Terracotta; Steingut
http://w3id.org/zac/88416_lot_4,2,Bronze; Messing; Kupfer | BRONZE; MESSING; KUPFER | OGGETTI IN ORO
http://w3id.org/zac/88416_lot_6,2,OGGETTI IN ORO | OGGETTI IN FERRO
http://w3id.org/zac/88416_lot_666,2,BRONZE; MESSING; KUPFER | Bronze; Messing; Kupfer | OGGETTI IN FERRO
http://w3id.org/zac/88416_lot_I,2,ARGENTI | Mobel; Einrichtungsgegenstande | MOBEL; EINRICHTUNGSGEGENSTANDE
http://w3id.org/zac/88417_lot_10,2,OGGETTI IN ORO | SCULTURE
http://w3id.org/zac/88417_lot_1015,2,Fayence; Porzellan; Glas | PIATTI
http://w3id.org/zac/88417_lot_1164,2,TAPPETI | Stickereien; Teppiche
http://w3id.org/zac/88417_lot_1178,2,VETRI | SCOMPARTI
http://w3id.org/zac/88417_lot_12,2,OGGETTI IN ORO | SCULTURE
http://w3id.org/zac/88417_lot_141,2,CORNICI | OGGETTI IN PIOMBO
http://w3id.org/zac/88417_lot_16,2,CORNICI | OGGETTI IN ORO
http://w3id.org/zac/88417_lot_20,2,OGGETTI IN ORO | SCULTURE
http://w3id.org/zac/88417_lot_23,2,OGGETTI IN ORO | OGGETTI IN PIOMBO
http://w3id.org/zac/88417_lot_26,2,OGGETTI IN ORO | STAMPE E INCISIONI
http://w3id.org/zac/88417_lot_308,2,CORNICI | OGGETTI VARI
http://w3id.org/zac/88417_lot_430,2,CORNICI | SCULTURE
http://w3id.org/zac/88417_lot_472,2,CORNICI | OGGETTI IN PIOMBO
http://w3id.org/zac/88417_lot_537,2,OGGETTI IN PIOMBO | SCULTURE
http://w3id.org/zac/88417_lot_588,2,ARGENTI | SCULTURE
http://w3id.org/zac/88417_lot_590,2,OGGETTI IN PIOMBO | SCULTURE
http://w3id.org/zac/88417_lot_668,2,OGGETTI IN PIOMBO | SCULTURE
http://w3id.org/zac/88417_lot_669,2,STAMPE E INCISIONI | SCULTURE
http://w3id.org/zac/88417_lot_671,2,OGGETTI IN PIOMBO | SCULTURE
http://w3id.org/zac/88417_lot_672,2,FOTOGRAFIE | SCULTURE
http://w3id.org/zac/88417_lot_7,2,CORNICI | OGGETTI IN ORO
http://w3id.org/zac/88417_lot_8,2,BRONZI | OGGETTI IN ORO
http://w3id.org/zac/88417_lot_85,2,CORNICI | OGGETTI IN ORO
http://w3id.org/zac/88417_lot_87,2,CORNICI | STAMPE E INCISIONI
http://w3id.org/zac/88417_lot_88,2,OGGETTI IN ORO | STAMPE E INCISIONI
http://w3id.org/zac/88417_lot_89,2,CORNICI | STAMPE E INCISIONI
http://w3id.org/zac/88417_lot_90,2,CORNICI | STAMPE E INCISIONI
http://w3id.org/zac/88417_lot_91,2,ARGENTI | STAMPE E INCISIONI
http://w3id.org/zac/88417_lot_92,2,OGGETTI IN ORO | STAMPE E INCISIONI
http://w3id.org/zac/88420_lot_2,2,MINIATURE | OGGETTI IN LEGNO
http://w3id.org/zac/88420_lot_76,2,OGGETTI VARI | OGGETTI IN LEGNO
http://w3id.org/zac/88422_lot_22,2,OGGETTI IN LEGNO | OGGETTI D'ARTE
http://w3id.org/zac/88422_lot_25,2,OGGETTI IN LEGNO | PORCELLANE
http://w3id.org/zac/88422_lot_29,2,PORCELLANE | VETRI
http://w3id.org/zac/88422_lot_34,2,OGGETTI IN LEGNO | PORCELLANE
http://w3id.org/zac/88422_lot_91,2,MAIOLICHE | OGGETTI IN LEGNO
http://w3id.org/zac/88423_lot_10,2,MOBILI | OGGETTI IN LEGNO
http://w3id.org/zac/88423_lot_21,2,OGGETTI IN PIOMBO | POLTRONE
http://w3id.org/zac/88423_lot_5,2,ACQUEFORTI | MOBILI
http://w3id.org/zac/88424_lot_22,2,GEMALDE; ZEICHNUNGEN; AQUARELLE; MINIATUREN | Textilien; Teppiche | TEXTILIEN; TEPPICHE
http://w3id.org/zac/88424_lot_25,2,MOBILI | TEXTILIEN; TEPPICHE | Textilien; Teppiche
http://w3id.org/zac/88424_lot_26,2,CORNICI | MOBILI
http://w3id.org/zac/88424_lot_27,2,MOBILI | MINIATURE
http://w3id.org/zac/88424_lot_32,2,MINIATURE | MOBILI
http://w3id.org/zac/88424_lot_37,2,CORNICI | MINIATURE
http://w3id.org/zac/88427_lot_1001,2,CANDELABRI | SCULTURE
http://w3id.org/zac/88427_lot_109,2,OGGETTI VARI | OGGETTI IN LEGNO
http://w3id.org/zac/88427_lot_606,2,OGGETTI IN LATTA | Silber; Bronze; Kupfer; Zinn
http://w3id.org/zac/88427_lot_616,2,BRONZI | MOBILI
http://w3id.org/zac/88427_lot_619,2,OGGETTI IN LATTA | OGGETTI VARI
http://w3id.org/zac/88427_lot_66,2,OGGETTI IN LEGNO | SCULTURE
http://w3id.org/zac/88427_lot_686,2,CERAMICHE | MOBILI
http://w3id.org/zac/88430_lot_6,2,OGGETTI D'ARTE ORIENTALE | OGGETTI IN METALLO
http://w3id.org/zac/88435_lot_100,2,BASTONI | Textilien; Gobelins
http://w3id.org/zac/88435_lot_I,2,CORNICI | CAMINI
http://w3id.org/zac/88436_lot_12,2,AQUARELLE; HANDZEICHNUNGEN | Aquarelle; Handzeichnungen | KUPFERSTICHE; SCHABKUNSTBLATTER; FARBENDRUCKE
http://w3id.org/zac/88436_lot_16,2,Aquarelle; Handzeichnungen | AQUARELLE; HANDZEICHNUNGEN | KUPFERSTICHE; SCHABKUNSTBLATTER; FARBENDRUCKE
http://w3id.org/zac/88436_lot_18,2,Aquarelle; Handzeichnungen | AQUARELLE; HANDZEICHNUNGEN | STAMPE E INCISIONI
http://w3id.org/zac/88436_lot_2,2,AQUARELLE; HANDZEICHNUNGEN | Aquarelle; Handzeichnungen | KUPFERSTICHE; SCHABKUNSTBLATTER; FARBENDRUCKE
http://w3id.org/zac/88436_lot_20,2,AQUARELLE; HANDZEICHNUNGEN | Aquarelle; Handzeichnungen | OGGETTI IN RAME
http://w3id.org/zac/88436_lot_21,2,Aquarelle; Handzeichnungen | AQUARELLE; HANDZEICHNUNGEN | ANTICHITA'
http://w3id.org/zac/88436_lot_23,2,AQUARELLE; HANDZEICHNUNGEN | Aquarelle; Handzeichnungen | KUPFERSTICHE; SCHABKUNSTBLATTER; FARBENDRUCKE
http://w3id.org/zac/88436_lot_24,2,AQUARELLE; HANDZEICHNUNGEN | Aquarelle; Handzeichnungen | KUPFERSTICHE; SCHABKUNSTBLATTER; FARBENDRUCKE
http://w3id.org/zac/88436_lot_27,2,AQUARELLE; HANDZEICHNUNGEN | Aquarelle; Handzeichnungen | OGGETTI IN RAME
http://w3id.org/zac/88436_lot_30,2,AQUARELLE; HANDZEICHNUNGEN | Aquarelle; Handzeichnungen | KUPFERSTICHE; SCHABKUNSTBLATTER; FARBENDRUCKE
http://w3id.org/zac/88436_lot_31,2,Aquarelle; Handzeichnungen | AQUARELLE; HANDZEICHNUNGEN | KUPFERSTICHE; SCHABKUNSTBLATTER; FARBENDRUCKE
http://w3id.org/zac/88436_lot_32,2,Aquarelle; Handzeichnungen | CORNICI | AQUARELLE; HANDZEICHNUNGEN
http://w3id.org/zac/88436_lot_38,2,CORNICI | KUPFERSTICHE; SCHABKUNSTBLATTER; FARBENDRUCKE
http://w3id.org/zac/88436_lot_39,2,Aquarelle; Handzeichnungen | AQUARELLE; HANDZEICHNUNGEN | KUPFERSTICHE; SCHABKUNSTBLATTER; FARBENDRUCKE
http://w3id.org/zac/88436_lot_6,2,KUPFERSTICHE; SCHABKUNSTBLATTER; FARBENDRUCKE | OGGETTI IN LEGNO
http://w3id.org/zac/88436_lot_7,2,AQUARELLE; HANDZEICHNUNGEN | Aquarelle; Handzeichnungen | KUPFERSTICHE; SCHABKUNSTBLATTER; FARBENDRUCKE
http://w3id.org/zac/88436_lot_9,2,AQUARELLE; HANDZEICHNUNGEN | Aquarelle; Handzeichnungen | KUPFERSTICHE; SCHABKUNSTBLATTER; FARBENDRUCKE
http://w3id.org/zac/88438_lot_3,2,OGGETTI IN METALLO | OGGETTI IN LEGNO
http://w3id.org/zac/88438_lot_9,2,OGGETTI IN LEGNO | OGGETTI IN RAME
http://w3id.org/zac/88441_lot_2,2,ARREDAMENTI | POLTRONE
http://w3id.org/zac/88442_lot_13,2,OGGETTI IN RAME | OGGETTI IN LEGNO
http://w3id.org/zac/88442_lot_17,2,OGGETTI IN RAME | STAMPE E INCISIONI
http://w3id.org/zac/88442_lot_19,2,OGGETTI IN LEGNO | OGGETTI IN RAME
http://w3id.org/zac/88443_lot_9,2,OGGETTI VARI | OGGETTI IN LEGNO
http://w3id.org/zac/88444_lot_1,2,DIPINTI | OGGETTI D'ARTE
http://w3id.org/zac/88444_lot_111,2,MOBILI | SCOMPARTI
http://w3id.org/zac/88444_lot_37,2,OGGETTI IN LEGNO | TESSUTI
http://w3id.org/zac/88444_lot_39,2,OGGETTI IN LEGNO | TESSUTI
http://w3id.org/zac/88444_lot_419,2,OGGETTI IN LATTA | PORCELLANE
http://w3id.org/zac/88444_lot_42,2,OGGETTI D'ARTE | OGGETTI IN LEGNO
http://w3id.org/zac/88445_lot_12,2,DIPINTI | Porzellan; Fayence; Steingut
http://w3id.org/zac/88447_lot_1,2,Gold; Silber; Zinn | OGGETTI IN ORO
http://w3id.org/zac/88447_lot_14,2,OGGETTI IN ORO | STAMPE E INCISIONI
http://w3id.org/zac/88447_lot_5,2,Gold; Silber; Zinn | OGGETTI IN ORO
http://w3id.org/zac/88447_lot_834,2,Gold; Silber; Zinn | VASI
http://w3id.org/zac/88447_lot_842,2,Gold; Silber; Zinn | OGGETTI IN METALLO
http://w3id.org/zac/88448_lot_73,2,OGGETTI VARI | VASI
http://w3id.org/zac/88452_lot_6,2,ARGENTI | DIPINTI
http://w3id.org/zac/88453_lot_341,2,MOBILI | SCULTURE
http://w3id.org/zac/88453_lot_365,2,BAULI | SCULTURE
http://w3id.org/zac/88454_lot_2,2,CORNICI | TESSUTI
http://w3id.org/zac/88457_lot_666,2,Gobelins; Perserteppiche | PORCELLANE
http://w3id.org/zac/88457_lot_866,2,GLAS; KERAMIK | Gobelins; Perserteppiche | Glas; Keramik
http://w3id.org/zac/88458_lot_2,2,OGGETTI IN LEGNO | OGGETTI IN METALLO
http://w3id.org/zac/88458_lot_3,2,OGGETTI IN LEGNO | OGGETTI IN RAME
http://w3id.org/zac/88461_lot_10,2,CORNICI | OROLOGI
http://w3id.org/zac/88461_lot_511,2,ARMI | VETRI
http://w3id.org/zac/88461_lot_65,2,Holz; Elfenbein | HOLZ; ELFENBEIN | OGGETTI IN LEGNO
http://w3id.org/zac/88462_lot_1257,2,CERAMICHE | OGGETTI IN ORO
http://w3id.org/zac/88462_lot_131,2,CERAMICHE | SPECCHI
http://w3id.org/zac/88462_lot_248,2,OGGETTI IN LEGNO | SCULTURE
http://w3id.org/zac/88462_lot_34,2,OGGETTI D'ARTE ORIENTALE | TESSUTI
http://w3id.org/zac/88462_lot_41,2,OGGETTI IN ORO | STAMPE E INCISIONI
http://w3id.org/zac/88462_lot_42,2,OGGETTI LACCATI | OGGETTI IN ORO
http://w3id.org/zac/88462_lot_44,2,KUPFERSTICHE; FARBDRUCKE | TESSUTI
http://w3id.org/zac/88462_lot_45,2,KUPFERSTICHE; FARBDRUCKE | OGGETTI D'ARTE ORIENTALE
http://w3id.org/zac/88462_lot_46,2,OGGETTI D'ARTE ORIENTALE | TESSUTI
http://w3id.org/zac/88462_lot_47,2,KUPFERSTICHE; FARBDRUCKE | SCATOLE
http://w3id.org/zac/88462_lot_52,2,STAMPE E INCISIONI | TESSUTI
http://w3id.org/zac/88462_lot_53,2,KUPFERSTICHE; FARBDRUCKE | TESSUTI
http://w3id.org/zac/88462_lot_71,2,OGGETTI D'ARTE ORIENTALE | PIATTI
http://w3id.org/zac/88462_lot_724,2,CERAMICHE | VASI
http://w3id.org/zac/88462_lot_735,2,CERAMICHE | VASI
http://w3id.org/zac/88462_lot_98,2,OGGETTI D'ARTE ORIENTALE | SCOMPARTI
http://w3id.org/zac/88463_lot_106,2,DIPINTI | OGGETTI IN LEGNO
http://w3id.org/zac/88463_lot_606,2,AVORI | OGGETTI IN LEGNO
http://w3id.org/zac/88463_lot_666,2,GIOIELLI | OGGETTI D'ARTE ORIENTALE
http://w3id.org/zac/88466_lot_235,2,OGGETTI IN LEGNO | TEXTILIEN; TEPPICHE | Textilien; Teppiche
http://w3id.org/zac/88466_lot_275,2,TEXTILIEN; TEPPICHE | Textilien; Teppiche | TAPPETI
http://w3id.org/zac/88466_lot_677,2,OGGETTI IN ORO | PORCELLANE
http://w3id.org/zac/88466_lot_9,2,PIATTI | PORCELLANE
http://w3id.org/zac/88467_lot_109,2,OGGETTI IN LATTA | OGGETTI IN ORO
http://w3id.org/zac/88467_lot_399,2,CORNICI | ACQUERELLI
http://w3id.org/zac/88467_lot_4,2,OGGETTI IN ORO | Porzellane; Fayencen; Steingut
http://w3id.org/zac/88467_lot_6,2,OGGETTI IN ORO | VETRI
http://w3id.org/zac/88467_lot_665,2,Bronze; Messing | CAMINI
http://w3id.org/zac/88467_lot_764,2,Briefmarkensammlungen; Munzen | ARGENTI
http://w3id.org/zac/88467_lot_82,2,CORNICI | OGGETTI IN ORO
http://w3id.org/zac/88467_lot_832,2,Mobel; Spiegel; Saulen | OGGETTI IN LEGNO
http://w3id.org/zac/88468_lot_2,2,OGGETTI IN LEGNO | STAMPE E INCISIONI
http://w3id.org/zac/88468_lot_3,2,OGGETTI IN LEGNO | STAMPE E INCISIONI
http://w3id.org/zac/88472_lot_12,2,CORNICI | VETRI
http://w3id.org/zac/88472_lot_659,2,OGGETTI D'ARTE ORIENTALE | PIATTI
http://w3id.org/zac/88473_lot_8,2,BAULI | OGGETTI VARI
http://w3id.org/zac/88474_lot_210,2,OGGETTI IN LATTA | TESSUTI
http://w3id.org/zac/88474_lot_225,2,MAIOLICHE | TESSUTI
http://w3id.org/zac/88474_lot_3,2,Arbeiten in Silber und Gold; Dosen; Schmudk | TESSUTI
http://w3id.org/zac/88474_lot_4,2,ARTI GRAFICHE | OGGETTI IN ORO
http://w3id.org/zac/88474_lot_54,2,Arbeiten in Silber und Gold; Dosen; Schmudk | TESSUTI
http://w3id.org/zac/88476_lot_2,2,CORNICI | STAMPE E INCISIONI
http://w3id.org/zac/88476_lot_3,2,CORNICI | STAMPE E INCISIONI
http://w3id.org/zac/88476_lot_4,2,CORNICI | STAMPE E INCISIONI
http://w3id.org/zac/88477_lot_2,2,CRISTALLI | OGGETTI IN LEGNO
http://w3id.org/zac/88477_lot_36,2,CORNICI | ARMI
http://w3id.org/zac/88477_lot_886,2,CRISTALLI | PIATTI
http://w3id.org/zac/88480_lot_11,2,ACQUERELLI | STAMPE E INCISIONI
http://w3id.org/zac/88480_lot_14,2,ACQUERELLI | OGGETTI VARI
http://w3id.org/zac/88480_lot_3,2,ACQUERELLI | STAMPE E INCISIONI
http://w3id.org/zac/88480_lot_4,2,ACQUERELLI | STAMPE E INCISIONI
http://w3id.org/zac/88480_lot_5,2,ACQUERELLI | STAMPE E INCISIONI
http://w3id.org/zac/88480_lot_8,2,ACQUERELLI | STAMPE E INCISIONI
http://w3id.org/zac/88480_lot_9,2,ACQUERELLI | STAMPE E INCISIONI
http://w3id.org/zac/88482_lot_18,2,LAMPADE | VETRI
http://w3id.org/zac/88482_lot_22,2,LAMPADE | VETRI
http://w3id.org/zac/88482_lot_25,2,OGGETTI IN ORO | VETRI
http://w3id.org/zac/88482_lot_30,2,VETRI | PORZELLAN; STEINZEUG; FAYENCE
http://w3id.org/zac/88482_lot_31,2,PORZELLAN; STEINZEUG; FAYENCE | VETRI
http://w3id.org/zac/88482_lot_33,2,VETRI | PORZELLAN; STEINZEUG; FAYENCE
http://w3id.org/zac/88482_lot_34,2,VETRI | PORZELLAN; STEINZEUG; FAYENCE
http://w3id.org/zac/88482_lot_36,2,PIATTI | PORZELLAN; STEINZEUG; FAYENCE
http://w3id.org/zac/88482_lot_40,2,OGGETTI VARI | PORZELLAN; STEINZEUG; FAYENCE
http://w3id.org/zac/88482_lot_46,2,OGGETTI IN RAME | PORZELLAN; STEINZEUG; FAYENCE
http://w3id.org/zac/88482_lot_47,2,OGGETTI IN RAME | PORZELLAN; STEINZEUG; FAYENCE
http://w3id.org/zac/88482_lot_48,2,OGGETTI IN RAME | PIATTI
http://w3id.org/zac/88482_lot_49,2,OGGETTI IN RAME | PORZELLAN; STEINZEUG; FAYENCE
http://w3id.org/zac/88482_lot_51,2,PIATTI | PORZELLAN; STEINZEUG; FAYENCE
http://w3id.org/zac/88482_lot_54,2,OGGETTI IN RAME | PORZELLAN; STEINZEUG; FAYENCE
http://w3id.org/zac/88482_lot_751,2,VETRI | VASI
http://w3id.org/zac/88483_lot_1013,2,CRISTALLI | TAPPETI
http://w3id.org/zac/88483_lot_1014,2,CRISTALLI | TAPPETI
http://w3id.org/zac/88483_lot_1015,2,CRISTALLI | TAPPETI
http://w3id.org/zac/88483_lot_363,2,ACQUERELLI | CORNICI
http://w3id.org/zac/88483_lot_568,2,OGGETTI D'ARTE ORIENTALE | VASI
http://w3id.org/zac/88483_lot_606,2,MARMI | PORCELLANE
http://w3id.org/zac/88484_lot_2,2,OGGETTI IN LEGNO | OGGETTI IN ORO
http://w3id.org/zac/88484_lot_20,2,Glas; Marmor; Holz; Elfenbein | OGGETTI IN LEGNO
http://w3id.org/zac/88484_lot_25,2,Glas; Marmor; Holz; Elfenbein | OGGETTI IN LEGNO
http://w3id.org/zac/88484_lot_30,2,OGGETTI IN LEGNO | PORZELLAN; FAYENCE | Porzellan; Fayence
http://w3id.org/zac/88485_lot_30,2,OGGETTI IN ORO | PORZELLAN; FAYENCE | Porzellan; Fayence
http://w3id.org/zac/88485_lot_342,2,CORNICI | OGGETTI IN ORO
http://w3id.org/zac/88485_lot_41,2,CORNICI | OGGETTI IN ORO
http://w3id.org/zac/88487_lot_1079,2,OGGETTI IN LATTA | OGGETTI VARI
http://w3id.org/zac/88487_lot_190,2,CORNICI | OGGETTI IN RAME
http://w3id.org/zac/88487_lot_334,2,MINIATURE | OGGETTI D'ARTE ORIENTALE
http://w3id.org/zac/88487_lot_36,2,CRISTALLI | CORNICI
http://w3id.org/zac/88487_lot_4,2,CORNICI | MINIATURE
http://w3id.org/zac/88487_lot_669,2,CRISTALLI | OGGETTI VARI
http://w3id.org/zac/88488_lot_12,2,Mobel; Teppiche | MOBEL; TEPPICHE | OGGETTI IN ORO
http://w3id.org/zac/88488_lot_13,2,MOBEL; TEPPICHE | Mobel; Teppiche | OGGETTI IN ORO
http://w3id.org/zac/88488_lot_17,2,Mobel; Teppiche | MOBEL; TEPPICHE | OGGETTI IN ORO
http://w3id.org/zac/88488_lot_19,2,MINIATURE | MOBEL; TEPPICHE | Mobel; Teppiche
http://w3id.org/zac/88488_lot_20,2,Mobel; Teppiche | MOBEL; TEPPICHE | OGGETTI VARI
http://w3id.org/zac/88488_lot_21,2,CANDELABRI | Mobel; Teppiche | MOBEL; TEPPICHE
http://w3id.org/zac/88488_lot_26,2,Mobel; Teppiche | MOBEL; TEPPICHE | OGGETTI IN ORO
http://w3id.org/zac/88488_lot_28,2,Mobel; Teppiche | MOBEL; TEPPICHE | OGGETTI VARI
http://w3id.org/zac/88488_lot_29,2,BIANCHERIA | Mobel; Teppiche | MOBEL; TEPPICHE
http://w3id.org/zac/88488_lot_31,2,MOBEL; TEPPICHE | Mobel; Teppiche | OGGETTI IN ORO
http://w3id.org/zac/88488_lot_32,2,Mobel; Teppiche | MOBEL; TEPPICHE | OGGETTI VARI
http://w3id.org/zac/88488_lot_34,2,MOBEL; TEPPICHE | Mobel; Teppiche | OGGETTI IN ORO
http://w3id.org/zac/88488_lot_35,2,BIANCHERIA | Mobel; Teppiche | MOBEL; TEPPICHE
http://w3id.org/zac/88488_lot_36,2,MOBEL; TEPPICHE | Mobel; Teppiche | OGGETTI IN ORO
http://w3id.org/zac/88488_lot_40,2,MOBEL; TEPPICHE | Mobel; Teppiche | OGGETTI LACCATI
http://w3id.org/zac/88488_lot_42,2,MOBEL; TEPPICHE | Mobel; Teppiche | OGGETTI IN LEGNO
http://w3id.org/zac/88488_lot_5,2,MOBEL; TEPPICHE | Mobel; Teppiche | OGGETTI IN METALLO
http://w3id.org/zac/88488_lot_8,2,MOBEL; TEPPICHE | Mobel; Teppiche | STAMPE E INCISIONI
http://w3id.org/zac/88489_lot_2,2,CORNICI | ACQUEFORTI
http://w3id.org/zac/88492_lot_I,2,LIBRI | TESSUTI
http://w3id.org/zac/88495_lot_12,2,DISEGNI | OGGETTI IN RAME
http://w3id.org/zac/88495_lot_13,2,DISEGNI | OGGETTI IN RAME
http://w3id.org/zac/88495_lot_15,2,OGGETTI IN LEGNO | OGGETTI IN RAME
http://w3id.org/zac/88495_lot_16,2,HANDZEICHNUNGEN; KUPFERSTICHE | OGGETTI IN RAME
http://w3id.org/zac/88495_lot_17,2,HANDZEICHNUNGEN; KUPFERSTICHE | OGGETTI IN RAME
http://w3id.org/zac/88495_lot_18,2,OGGETTI IN RAME | STAMPE E INCISIONI
http://w3id.org/zac/88495_lot_193,2,OGGETTI IN RAME | STAMPE E INCISIONI
http://w3id.org/zac/88495_lot_20,2,OGGETTI IN RAME | STAMPE E INCISIONI
http://w3id.org/zac/88495_lot_21,2,DISEGNI | OGGETTI IN RAME
http://w3id.org/zac/88495_lot_22,2,DISEGNI | OGGETTI IN RAME
http://w3id.org/zac/88495_lot_23,2,OGGETTI IN LEGNO | OGGETTI IN RAME
http://w3id.org/zac/88495_lot_24,2,HANDZEICHNUNGEN; KUPFERSTICHE | OGGETTI IN RAME
http://w3id.org/zac/88495_lot_29,2,OGGETTI IN METALLO | OGGETTI IN RAME
http://w3id.org/zac/88495_lot_3,2,OGGETTI IN LEGNO | OGGETTI IN RAME
http://w3id.org/zac/88495_lot_30,2,OGGETTI IN RAME | STAMPE E INCISIONI
http://w3id.org/zac/88495_lot_33,2,OGGETTI IN RAME | OGGETTI IN LEGNO
http://w3id.org/zac/88495_lot_35,2,OGGETTI IN RAME | OGGETTI IN LEGNO
http://w3id.org/zac/88495_lot_36,2,OGGETTI IN LEGNO | OGGETTI IN RAME
http://w3id.org/zac/88495_lot_39,2,OGGETTI IN LEGNO | OGGETTI IN RAME
http://w3id.org/zac/88495_lot_40,2,OGGETTI IN RAME | OGGETTI IN LEGNO
http://w3id.org/zac/88495_lot_6,2,DISEGNI | OGGETTI IN RAME
http://w3id.org/zac/88495_lot_8,2,OGGETTI IN RAME | OGGETTI IN LEGNO
http://w3id.org/zac/88499_lot_221,2,CORNICI | OGGETTI IN ORO
http://w3id.org/zac/88499_lot_224,2,CORNICI | OGGETTI IN ORO
http://w3id.org/zac/88499_lot_28,2,CORNICI | OGGETTI IN ORO
http://w3id.org/zac/88499_lot_41,2,CORNICI | Silber; Gold; Schmuck
http://w3id.org/zac/88499_lot_457,2,Elfenbeinschnitzereien; Dosen | SCATOLE
http://w3id.org/zac/88499_lot_512,2,Bronzen; Uhren | CORNICI
http://w3id.org/zac/88499_lot_563,2,ARGENTI | OGGETTI D'ARTE ORIENTALE
http://w3id.org/zac/88499_lot_8,2,CORNICI | OGGETTI IN ORO
http://w3id.org/zac/88500_lot_8,2,CORNICI | OGGETTI IN LEGNO
http://w3id.org/zac/88500_lot_83,2,DIPINTI | PORCELLANE
http://w3id.org/zac/88503_lot_2,2,DIPINTI | Kopfbedeckungen; Kopfschmuck
http://w3id.org/zac/88503_lot_3,2,Kopfbedeckungen; Kopfschmuck | DIPINTI
http://w3id.org/zac/88503_lot_4,2,Kopfbedeckungen; Kopfschmuck | DIPINTI
http://w3id.org/zac/88503_lot_5,2,Kopfbedeckungen; Kopfschmuck | DIPINTI
http://w3id.org/zac/88503_lot_6,2,DIPINTI | Kopfbedeckungen; Kopfschmuck
http://w3id.org/zac/88503_lot_7,2,DIPINTI | Kopfbedeckungen; Kopfschmuck
http://w3id.org/zac/88503_lot_8,2,Kopfbedeckungen; Kopfschmuck | DIPINTI
http://w3id.org/zac/88503_lot_9,2,DIPINTI | Kopfbedeckungen; Kopfschmuck
http://w3id.org/zac/88504_lot_12,2,ANTICHITA' | DIPINTI
http://w3id.org/zac/88504_lot_21,2,ANTICHITA' | DIPINTI
http://w3id.org/zac/88504_lot_22,2,ANTICHITA' | OGGETTI VARI
http://w3id.org/zac/88504_lot_24,2,ANTICHITA' | OGGETTI IN LEGNO
http://w3id.org/zac/88504_lot_28,2,ANTICHITA' | OGGETTI IN LEGNO
http://w3id.org/zac/88504_lot_29,2,ANTICHITA' | OGGETTI IN LEGNO
http://w3id.org/zac/88504_lot_31,2,ANTICHITA' | OGGETTI IN LEGNO
http://w3id.org/zac/88504_lot_7,2,ANTICHITA' | DIPINTI
http://w3id.org/zac/88504_lot_8,2,ANTICHITA' | DIPINTI
http://w3id.org/zac/88505_lot_696,2,OGGETTI IN LATTA | SCATOLE
http://w3id.org/zac/88505_lot_8,2,CORNICI | STAMPE E INCISIONI
http://w3id.org/zac/88505_lot_9,2,OGGETTI IN RAME | STAMPE E INCISIONI
http://w3id.org/zac/88508_lot_204,2,CORNICI | SCOMPARTI
http://w3id.org/zac/88509_lot_34,2,CORNICI | Yade-Sammlung
http://w3id.org/zac/88510_lot_100,2,OGGETTI VARI | VETRI
http://w3id.org/zac/88510_lot_292,2,BRONZI | VASI
http://w3id.org/zac/88513_lot_3,2,LIBRI | OGGETTI IN LEGNO
http://w3id.org/zac/88516_lot_238,2,CORNICI | ARREDAMENTI
http://w3id.org/zac/88517_lot_2,2,OGGETTI IN LEGNO | Teppiche; Mobel; Edelmetalle; Schmuck
http://w3id.org/zac/88519_lot_10,2,DIPINTI | OGGETTI IN LEGNO
http://w3id.org/zac/88519_lot_12,2,DIPINTI | OGGETTI IN LEGNO
http://w3id.org/zac/88519_lot_14,2,DIPINTI | OGGETTI IN LEGNO
http://w3id.org/zac/88519_lot_22,2,DIPINTI | OGGETTI IN LEGNO
http://w3id.org/zac/88519_lot_25,2,DIPINTI | OGGETTI IN RAME
http://w3id.org/zac/88519_lot_26,2,DIPINTI | OGGETTI IN LEGNO
http://w3id.org/zac/88519_lot_28,2,DIPINTI | OGGETTI IN LEGNO
http://w3id.org/zac/88519_lot_29,2,DIPINTI | OGGETTI VARI
http://w3id.org/zac/88519_lot_37,2,DIPINTI | OGGETTI IN LEGNO
http://w3id.org/zac/88519_lot_38,2,DIPINTI | OGGETTI IN LEGNO
http://w3id.org/zac/88519_lot_4,2,DIPINTI | OGGETTI IN RAME
http://w3id.org/zac/88519_lot_40,2,DIPINTI | OGGETTI IN RAME
http://w3id.org/zac/88519_lot_41,2,DIPINTI | OGGETTI IN LEGNO
http://w3id.org/zac/88519_lot_42,2,DIPINTI | OGGETTI IN LEGNO
http://w3id.org/zac/88519_lot_46,2,DIPINTI | OGGETTI IN RAME
http://w3id.org/zac/88519_lot_5,2,DIPINTI | OGGETTI IN LEGNO
http://w3id.org/zac/88519_lot_6,2,DIPINTI | OGGETTI IN LEGNO
http://w3id.org/zac/88519_lot_7,2,DIPINTI | OGGETTI IN RAME
http://w3id.org/zac/88521_lot_10,2,ARGENTI | OGGETTI IN LATTA
http://w3id.org/zac/88521_lot_13,2,OGGETTI IN LATTA | SCATOLE
http://w3id.org/zac/88521_lot_14,2,OGGETTI IN LATTA | PIATTI
http://w3id.org/zac/88521_lot_206,2,MAIOLICHE | OGGETTI VARI
http://w3id.org/zac/88521_lot_22,2,OGGETTI IN LATTA | SCATOLE
http://w3id.org/zac/88521_lot_3,2,OGGETTI IN LATTA | PORCELLANE
http://w3id.org/zac/88521_lot_4,2,ACQUERELLI | OGGETTI IN LATTA
http://w3id.org/zac/88521_lot_462,2,Gold; Silber; Schmuckgegenstande | OGGETTI VARI
http://w3id.org/zac/88521_lot_5,2,OGGETTI IN LATTA | Stoffe; Decken; Teppiche
http://w3id.org/zac/88526_lot_347,2,LAMPADE | Textilien; Mobel; Holzplastik; Bronzen; Ostasiatika
http://w3id.org/zac/88526_lot_407,2,OGGETTI D'ARTE ORIENTALE | OGGETTI IN LATTA
http://w3id.org/zac/88526_lot_422,2,OGGETTI D'ARTE ORIENTALE | VASI
http://w3id.org/zac/88526_lot_I,2,HANDZEICHNUNGEN; GRAPHIK | Handzeichnungen; Graphik | OGGETTI IN LEGNO
http://w3id.org/zac/88528_lot_3,2,CORNICI | OGGETTI IN RAME
http://w3id.org/zac/88528_lot_5,2,MOBILI | OGGETTI IN ORO
http://w3id.org/zac/88528_lot_8,2,CORNICI | OGGETTI VARI
http://w3id.org/zac/88531_lot_2,2,DIPINTI | OGGETTI IN LEGNO
http://w3id.org/zac/88532_lot_10,2,DIPINTI | OGGETTI VARI
http://w3id.org/zac/88532_lot_20,2,DIPINTI | PORZELLAN; FAYENCE; KUNSTGEWERBLICHE ARBEITEN
http://w3id.org/zac/88532_lot_25,2,DIPINTI | PORZELLAN; FAYENCE; KUNSTGEWERBLICHE ARBEITEN
http://w3id.org/zac/88532_lot_3,2,DIPINTI | PORZELLAN; FAYENCE; KUNSTGEWERBLICHE ARBEITEN
http://w3id.org/zac/88532_lot_31,2,DIPINTI | PORZELLAN; FAYENCE; KUNSTGEWERBLICHE ARBEITEN
http://w3id.org/zac/88532_lot_32,2,DIPINTI | PORZELLAN; FAYENCE; KUNSTGEWERBLICHE ARBEITEN
http://w3id.org/zac/88532_lot_37,2,DIPINTI | PORZELLAN; FAYENCE; KUNSTGEWERBLICHE ARBEITEN
http://w3id.org/zac/88532_lot_38,2,DIPINTI | PORZELLAN; FAYENCE; KUNSTGEWERBLICHE ARBEITEN
http://w3id.org/zac/88532_lot_39,2,DIPINTI | PORZELLAN; FAYENCE; KUNSTGEWERBLICHE ARBEITEN
http://w3id.org/zac/88532_lot_4,2,DIPINTI | PORZELLAN; FAYENCE; KUNSTGEWERBLICHE ARBEITEN
http://w3id.org/zac/88532_lot_409,2,DIPINTI | OGGETTI IN ORO
http://w3id.org/zac/88532_lot_41,2,DIPINTI | PORZELLAN; FAYENCE; KUNSTGEWERBLICHE ARBEITEN
http://w3id.org/zac/88532_lot_44,2,DIPINTI | PORZELLAN; FAYENCE; KUNSTGEWERBLICHE ARBEITEN
http://w3id.org/zac/88532_lot_6,2,DIPINTI | PORZELLAN; FAYENCE; KUNSTGEWERBLICHE ARBEITEN
http://w3id.org/zac/88535_lot_606,2,SCULTURE | PIATTI
http://w3id.org/zac/88535_lot_666,2,OGGETTI D'ARTE | SCULTURE
http://w3id.org/zac/88535_lot_968,2,MINIATURE | PORCELLANE
http://w3id.org/zac/88536_lot_452,2,CORNICI | ACQUEFORTI
http://w3id.org/zac/88542_lot_3,2,OGGETTI IN RAME | VASI
http://w3id.org/zac/88543_lot_10,2,OGGETTI D'ARTE ORIENTALE | OGGETTI IN METALLO
http://w3id.org/zac/88543_lot_11,2,ARTI GRAFICHE | OGGETTI D'ARTE ORIENTALE
http://w3id.org/zac/88543_lot_13,2,OGGETTI D'ARTE ORIENTALE | OGGETTI IN LEGNO
http://w3id.org/zac/88543_lot_15,2,ACQUEFORTI | OGGETTI D'ARTE ORIENTALE
http://w3id.org/zac/88543_lot_16,2,ARTI GRAFICHE | OGGETTI D'ARTE ORIENTALE
http://w3id.org/zac/88543_lot_17,2,ARTI GRAFICHE | OGGETTI D'ARTE ORIENTALE
http://w3id.org/zac/88543_lot_19,2,ARTI GRAFICHE | OGGETTI D'ARTE ORIENTALE
http://w3id.org/zac/88543_lot_20,2,ARTI GRAFICHE | OGGETTI D'ARTE ORIENTALE
http://w3id.org/zac/88543_lot_23,2,OGGETTI D'ARTE ORIENTALE | STAMPE E INCISIONI
http://w3id.org/zac/88543_lot_24,2,ARTI GRAFICHE | OGGETTI D'ARTE ORIENTALE
http://w3id.org/zac/88543_lot_25,2,ARTI GRAFICHE | OGGETTI D'ARTE ORIENTALE
http://w3id.org/zac/88543_lot_26,2,ARTI GRAFICHE | OGGETTI D'ARTE ORIENTALE
http://w3id.org/zac/88543_lot_28,2,ARTI GRAFICHE | OGGETTI D'ARTE ORIENTALE
http://w3id.org/zac/88546_lot_14,2,ARGENTI | OGGETTI D'ARTE
http://w3id.org/zac/88546_lot_16,2,ARGENTI | OGGETTI D'ARTE
http://w3id.org/zac/88546_lot_240,2,Mobel; Uhren | MOBEL; UHREN | STAMPE E INCISIONI
http://w3id.org/zac/88546_lot_51,2,DIPINTI | OGGETTI IN LATTA
http://w3id.org/zac/88547_lot_19,2,VETRI | PORCELLANE
http://w3id.org/zac/88547_lot_2,2,OGGETTI IN ORO | Porzellan; Gruppen; Figuren; Geschirr
http://w3id.org/zac/88547_lot_21,2,PORCELLANE | Porzellan; Gruppen; Figuren; Geschirr
http://w3id.org/zac/88547_lot_7,2,Porzellan; Gruppen; Figuren; Geschirr | SPECCHI
http://w3id.org/zac/88550_lot_101,2,DIPINTI | OGGETTI IN RAME
http://w3id.org/zac/88550_lot_15,2,DIPINTI | OGGETTI IN LEGNO
http://w3id.org/zac/88550_lot_3,2,DISEGNI | DIPINTI
http://w3id.org/zac/88550_lot_36,2,DIPINTI | OGGETTI IN LEGNO
http://w3id.org/zac/88550_lot_4,2,MINIATURE | OGGETTI IN LEGNO
http://w3id.org/zac/88550_lot_41,2,MOBILI | STAMPE E INCISIONI
http://w3id.org/zac/88550_lot_428,2,Stoffe; Stickereien | SCOMPARTI
http://w3id.org/zac/88550_lot_440,2,CERAMICHE | PORCELLANE
http://w3id.org/zac/88550_lot_450,2,CERAMICHE | PORCELLANE
http://w3id.org/zac/88550_lot_5,2,BRONZI | DIPINTI
http://w3id.org/zac/88550_lot_51,2,ARREDAMENTI | DIPINTI
http://w3id.org/zac/88550_lot_975,2,DIPINTI | Plastik; Bronzen
http://w3id.org/zac/88550_lot_994,2,BRONZI | CORNICI
http://w3id.org/zac/88550_lot_I,2,DIPINTI | OGGETTI IN LEGNO
http://w3id.org/zac/88551_lot_496,2,CORNICI | OGGETTI IN PIOMBO
http://w3id.org/zac/88553_lot_16,2,OGGETTI IN ORO | OGGETTI VARI
http://w3id.org/zac/88553_lot_17,2,OGGETTI VARI | OGGETTI IN FERRO
http://w3id.org/zac/88554_lot_239,2,DIPINTI | MINIATURE
http://w3id.org/zac/88554_lot_332,2,CORNICI | DIPINTI
http://w3id.org/zac/88554_lot_4,2,DIPINTI | MOBILI
http://w3id.org/zac/88557_lot_10,2,CANDELABRI | OGGETTI VARI
http://w3id.org/zac/88557_lot_12,2,OGGETTI D'ARTE ORIENTALE | STAMPE E INCISIONI
http://w3id.org/zac/88557_lot_14,2,BASTONI | OGGETTI D'ARTE ORIENTALE
http://w3id.org/zac/88557_lot_15,2,LAMPADE | VASI
http://w3id.org/zac/88557_lot_16,2,OGGETTI IN LEGNO | VASI
http://w3id.org/zac/88557_lot_19,2,ARREDAMENTI | PIATTI
http://w3id.org/zac/88557_lot_2,2,OGGETTI IN LEGNO | STAMPE E INCISIONI
http://w3id.org/zac/88557_lot_20,2,MINIATURE | OGGETTI IN METALLO
http://w3id.org/zac/88557_lot_21,2,OGGETTI IN ORO | OGGETTI LACCATI
http://w3id.org/zac/88557_lot_24,2,OGGETTI VARI | OGGETTI IN ORO
http://w3id.org/zac/88557_lot_27,2,OGGETTI VARI | STAMPE E INCISIONI
http://w3id.org/zac/88557_lot_29,2,SPECCHI | VASI
http://w3id.org/zac/88557_lot_3,2,OGGETTI D'ARTE ORIENTALE | OGGETTI IN LEGNO
http://w3id.org/zac/88557_lot_686,2,ARREDAMENTI | CORNICI
http://w3id.org/zac/88557_lot_7,2,OGGETTI D'ARTE ORIENTALE | OGGETTI VARI
http://w3id.org/zac/88557_lot_8,2,BAULI | OGGETTI VARI
http://w3id.org/zac/88560_lot_163,2,OGGETTI IN LEGNO | OGGETTI VARI
http://w3id.org/zac/88561_lot_15,2,OGGETTI IN PIOMBO | STAMPE E INCISIONI
http://w3id.org/zac/88561_lot_16,2,OGGETTI IN PIOMBO | STAMPE E INCISIONI
http://w3id.org/zac/88561_lot_17,2,OGGETTI IN LEGNO | STAMPE E INCISIONI
http://w3id.org/zac/88561_lot_18,2,OGGETTI IN RAME | STAMPE E INCISIONI
http://w3id.org/zac/88561_lot_9,2,FOTOGRAFIE | OGGETTI VARI
http://w3id.org/zac/88563_lot_100,2,GIOIELLI | OGGETTI IN LEGNO
http://w3id.org/zac/88563_lot_175,2,GIOIELLI | OGGETTI VARI
http://w3id.org/zac/88563_lot_19,2,Elfenbein; Metalle | OGGETTI IN RAME
http://w3id.org/zac/88563_lot_26,2,Elfenbein; Metalle | OGGETTI IN LEGNO
http://w3id.org/zac/88563_lot_360,2,GIOIELLI | OGGETTI LITURGICI
http://w3id.org/zac/88563_lot_402,2,GIOIELLI | OGGETTI LITURGICI
http://w3id.org/zac/88563_lot_8,2,Elfenbein; Metalle | OGGETTI IN LEGNO
http://w3id.org/zac/88565_lot_116,2,CORNICI | BRONZI
http://w3id.org/zac/88565_lot_128,2,OGGETTI D'ARTE ORIENTALE | MOBILI
http://w3id.org/zac/88565_lot_134,2,BRONZI | MOBILI
http://w3id.org/zac/88565_lot_2,2,Elfenbein; Miniaturen; Kleinkunst | MOBILI
http://w3id.org/zac/88565_lot_28,2,BRONZI | Elfenbein; Miniaturen; Kleinkunst
http://w3id.org/zac/88565_lot_37,2,Elfenbein; Miniaturen; Kleinkunst | SMALTI
http://w3id.org/zac/88565_lot_89,2,MOBILI | Elfenbein; Miniaturen; Kleinkunst
http://w3id.org/zac/88571_lot_233,2,CORNICI | OGGETTI IN LEGNO
http://w3id.org/zac/88571_lot_250,2,Kupferstiche; Zeichnungen | MOBILI
http://w3id.org/zac/88571_lot_4,2,CORNICI | OGGETTI IN LEGNO
http://w3id.org/zac/88571_lot_479,2,OGGETTI VARI | PORCELLANE
http://w3id.org/zac/88571_lot_578,2,Kristalle; Glassachen | Pelze; Felle; Decken
http://w3id.org/zac/88571_lot_592,2,OGGETTI VARI | Silber; Bronzen; Marmor Kunstgegenstande
http://w3id.org/zac/88576_lot_11,2,DIPINTI | PORCELLANE
http://w3id.org/zac/88576_lot_6,2,DIPINTI | PIATTI
http://w3id.org/zac/88577_lot_156,2,OGGETTI IN PIOMBO | OGGETTI IN LEGNO
http://w3id.org/zac/88577_lot_5,2,OGGETTI IN LEGNO | OGGETTI IN PIOMBO
http://w3id.org/zac/88583_lot_3,2,ACQUEFORTI | STAMPE E INCISIONI
http://w3id.org/zac/88588_lot_16,2,DISEGNI | OGGETTI IN LEGNO
http://w3id.org/zac/88588_lot_17,2,DISEGNI | OGGETTI IN LEGNO
http://w3id.org/zac/88588_lot_2,2,OGGETTI IN LEGNO | OGGETTI IN PIOMBO
http://w3id.org/zac/88588_lot_8,2,DISEGNI | OGGETTI IN LEGNO
http://w3id.org/zac/88591_lot_2,2,ACQUEFORTI | FOTOGRAFIE
http://w3id.org/zac/88595_lot_4,2,CERAMICHE | TESSUTI
http://w3id.org/zac/88595_lot_64,2,MOBILI | OGGETTI VARI
http://w3id.org/zac/88595_lot_7,2,CERAMICHE | OGGETTI VARI
http://w3id.org/zac/88595_lot_8,2,DISEGNI | VASI
http://w3id.org/zac/88600_lot_11,2,Arbeiten in Elfenbein; Perlmutter; Miniaturen | ACQUEFORTI
http://w3id.org/zac/88602_lot_17,2,ARGENTI | OGGETTI VARI
http://w3id.org/zac/88602_lot_6,2,MAIOLICHE | OGGETTI IN METALLO
http://w3id.org/zac/88602_lot_77,2,ARGENTI | MOBILI
http://w3id.org/zac/88602_lot_78,2,ARGENTI | MOBILI
http://w3id.org/zac/88602_lot_8,2,SCULTURE | SCATOLE
http://w3id.org/zac/88605_lot_12,2,MOBILI | OGGETTI VARI
http://w3id.org/zac/88605_lot_16,2,Holzplastik; Kultgegenstande | OGGETTI VARI
http://w3id.org/zac/88605_lot_18,2,MOBILI | OGGETTI VARI
http://w3id.org/zac/88605_lot_20,2,OGGETTI D'ARTE ORIENTALE | OGGETTI VARI
http://w3id.org/zac/88605_lot_21,2,OGGETTI VARI | VASI
http://w3id.org/zac/88605_lot_22,2,OGGETTI VARI | VASI
http://w3id.org/zac/88605_lot_23,2,OGGETTI VARI | VASI
http://w3id.org/zac/88605_lot_24,2,Alte Waffen; Musikinstrumente | VASI
http://w3id.org/zac/88605_lot_25,2,Alte Waffen; Musikinstrumente | OGGETTI D'ARTE ORIENTALE
http://w3id.org/zac/88605_lot_26,2,Alte Waffen; Musikinstrumente | VASI
http://w3id.org/zac/88605_lot_300,2,OGGETTI IN LEGNO | OGGETTI VARI
http://w3id.org/zac/88605_lot_70,2,Holzplastik; Kultgegenstande | OGGETTI IN LEGNO
http://w3id.org/zac/88606_lot_1208,2,ARMI | Ausgrabungen; Keramik; Glas
http://w3id.org/zac/88606_lot_I,2,ARAZZI | Schlosser; SchloBteile; Schlusselschilder; Turgriffe; Turklopfer; Turbander
http://w3id.org/zac/88607_lot_16,2,ARREDAMENTI | TAPPETI
http://w3id.org/zac/88607_lot_21,2,OGGETTI VARI | Teppiche; Textilien | TEPPICHE; TEXTILIEN
http://w3id.org/zac/88607_lot_230,2,Holzschnitzereien; Sculpturen; Kirchenkunst | OGGETTI VARI
http://w3id.org/zac/88607_lot_24,2,OGGETTI VARI | PORCELLANE
http://w3id.org/zac/88607_lot_9,2,OGGETTI VARI | VASI
http://w3id.org/zac/88609_lot_1,2,OGGETTI IN METALLO | OGGETTI LACCATI
http://w3id.org/zac/88609_lot_10,2,OGGETTI D'ARTE ORIENTALE | OGGETTI IN METALLO
http://w3id.org/zac/88609_lot_11,2,ARMI | OGGETTI LACCATI
http://w3id.org/zac/88609_lot_110,2,OGGETTI LACCATI | OGGETTI IN METALLO
http://w3id.org/zac/88609_lot_113,2,OGGETTI IN METALLO | TAPPETI
http://w3id.org/zac/88609_lot_120,2,OGGETTI IN METALLO | TAPPETI
http://w3id.org/zac/88609_lot_13,2,OGGETTI D'ARTE ORIENTALE | OGGETTI LACCATI
http://w3id.org/zac/88609_lot_135,2,OGGETTI IN METALLO | TESSUTI
http://w3id.org/zac/88609_lot_136,2,OGGETTI IN METALLO | OGGETTI VARI
http://w3id.org/zac/88609_lot_14,2,OGGETTI D'ARTE ORIENTALE | VETRI
http://w3id.org/zac/88609_lot_145,2,OGGETTI D'ARTE ORIENTALE | OGGETTI IN METALLO
http://w3id.org/zac/88609_lot_16,2,OGGETTI IN METALLO | OGGETTI LACCATI
http://w3id.org/zac/88609_lot_1600,2,OGGETTI D'ARTE ORIENTALE | TAPPETI
http://w3id.org/zac/88609_lot_165,2,OGGETTI LACCATI | TAPPETI
http://w3id.org/zac/88609_lot_18,2,ARMI | DIPINTI
http://w3id.org/zac/88609_lot_200,2,OGGETTI IN METALLO | TAPPETI
http://w3id.org/zac/88609_lot_21,2,ARMI | OGGETTI IN PELLE
http://w3id.org/zac/88609_lot_220,2,OGGETTI LACCATI | TAPPETI
http://w3id.org/zac/88609_lot_225,2,ARMI | OGGETTI IN ORO
http://w3id.org/zac/88609_lot_230,2,MOBILI | TAPPETI
http://w3id.org/zac/88609_lot_260,2,ARMI | TESSUTI
http://w3id.org/zac/88609_lot_265,2,TAPPETI | TESSUTI
http://w3id.org/zac/88609_lot_270,2,BIANCHERIA | TESSUTI
http://w3id.org/zac/88609_lot_28,2,ARMI | MOBILI
http://w3id.org/zac/88609_lot_300,2,MOBILI | DIPINTI
http://w3id.org/zac/88609_lot_340,2,OGGETTI LACCATI | TAPPETI
http://w3id.org/zac/88609_lot_36,2,OGGETTI D'ARTE ORIENTALE | OGGETTI VARI
http://w3id.org/zac/88609_lot_360,2,VASI | TAPPETI
http://w3id.org/zac/88609_lot_370,2,OGGETTI IN METALLO | OGGETTI IN LEGNO
http://w3id.org/zac/88609_lot_4,2,OGGETTI LACCATI | TAPPETI
http://w3id.org/zac/88609_lot_43,2,MOBILI | OGGETTI IN METALLO
http://w3id.org/zac/88609_lot_430,2,OGGETTI IN LEGNO | TAPPETI
http://w3id.org/zac/88609_lot_45,2,ARMI | OGGETTI IN METALLO
http://w3id.org/zac/88609_lot_460,2,OGGETTI IN METALLO | TAPPETI
http://w3id.org/zac/88609_lot_48,2,ARMI | OGGETTI IN METALLO
http://w3id.org/zac/88609_lot_480,2,DIPINTI | TAPPETI
http://w3id.org/zac/88609_lot_505,2,OGGETTI IN METALLO | TESSUTI
http://w3id.org/zac/88609_lot_51,2,ARMI | MOBILI
http://w3id.org/zac/88609_lot_516,2,OGGETTI IN METALLO | TAPPETI
http://w3id.org/zac/88609_lot_56,2,ARMI | OGGETTI IN METALLO
http://w3id.org/zac/88609_lot_60,2,OGGETTI IN METALLO | TESSUTI
http://w3id.org/zac/88609_lot_68,2,ARMI | VASI
http://w3id.org/zac/88609_lot_9,2,OGGETTI D'ARTE ORIENTALE | OGGETTI IN METALLO
http://w3id.org/zac/88609_lot_96,2,OGGETTI IN METALLO | TAPPETI
http://w3id.org/zac/88612_lot_19,2,DIPINTI | OGGETTI IN LEGNO
http://w3id.org/zac/88613_lot_3,2,Decken; Stickereien; Teppiche; Uhren; Mobel | OGGETTI LACCATI
http://w3id.org/zac/88615_lot_10,2,DISEGNI | OGGETTI IN LEGNO
http://w3id.org/zac/88615_lot_11,2,DISEGNI | OGGETTI IN PIOMBO
http://w3id.org/zac/88615_lot_12,2,DISEGNI | OGGETTI IN PIOMBO
http://w3id.org/zac/88615_lot_14,2,DISEGNI | OGGETTI IN LEGNO
http://w3id.org/zac/88615_lot_15,2,DISEGNI | OGGETTI IN PIOMBO
http://w3id.org/zac/88615_lot_187,2,CAMINI | OGGETTI IN LEGNO
http://w3id.org/zac/88615_lot_19,2,DISEGNI | OGGETTI IN PIOMBO
http://w3id.org/zac/88615_lot_20,2,DISEGNI | OGGETTI IN LEGNO
http://w3id.org/zac/88615_lot_25,2,DISEGNI | OGGETTI IN RAME
http://w3id.org/zac/88615_lot_27,2,DISEGNI | OGGETTI IN PIOMBO
http://w3id.org/zac/88615_lot_3,2,DIPINTI | OGGETTI IN PIOMBO
http://w3id.org/zac/88615_lot_30,2,DISEGNI | OGGETTI IN LEGNO
http://w3id.org/zac/88615_lot_9,2,CORNICI | DISEGNI
http://w3id.org/zac/88616_lot_5,2,ANTICHITA' | OGGETTI IN RAME
http://w3id.org/zac/88618_lot_11,2,CERAMICHE | OGGETTI IN LEGNO
http://w3id.org/zac/88618_lot_12,2,CERAMICHE | LAMPADE
http://w3id.org/zac/88618_lot_13,2,CERAMICHE | OGGETTI IN LATTA
http://w3id.org/zac/88618_lot_46,2,CORNICI | OGGETTI IN ORO
http://w3id.org/zac/88618_lot_6,2,CERAMICHE | BRONZE; KUPFER; MESSING; ZINN; TEXTILIEN; FAYENCE-SCHUSSELN
http://w3id.org/zac/88618_lot_8,2,CORNICI | PIATTI
http://w3id.org/zac/88623_lot_17,2,ARGENTI | Ton; Irdengut; Steinzeug
http://w3id.org/zac/88623_lot_24,2,OGGETTI VARI | Ton; Irdengut; Steinzeug
http://w3id.org/zac/88623_lot_605,2,OGGETTI VARI | SCULTURE
http://w3id.org/zac/88623_lot_I,2,DIPINTI | SCATOLE
http://w3id.org/zac/88626_lot_2,2,OGGETTI IN LEGNO | OGGETTI IN PIOMBO
http://w3id.org/zac/88627_lot_2,2,OGGETTI VARI | OGGETTI IN LEGNO
http://w3id.org/zac/88630_lot_43,2,DIPINTI | MAIOLICHE
http://w3id.org/zac/88630_lot_8,2,ARREDAMENTI | TERRECOTTE
http://w3id.org/zac/88630_lot_9,2,DIPINTI | OGGETTI VARI
http://w3id.org/zac/88633_lot_1,2,Mobel; Teppiche | MOBEL; TEPPICHE | SPECCHI
http://w3id.org/zac/88633_lot_135,2,Gemalde; Hand zeichnungen | MOBEL; TEPPICHE | Mobel; Teppiche
http://w3id.org/zac/88633_lot_176,2,OGGETTI VARI | SCOMPARTI
http://w3id.org/zac/88633_lot_192,2,ARAZZI | Mobel; Teppiche | MOBEL; TEPPICHE
http://w3id.org/zac/88633_lot_285,2,MOBEL; TEPPICHE | Mobel; Teppiche | PIATTI
http://w3id.org/zac/88633_lot_312,2,CORNICI | Mobel; Teppiche | MOBEL; TEPPICHE
http://w3id.org/zac/88633_lot_60,2,Mobel; Teppiche | Gemalde; Hand zeichnungen | MOBEL; TEPPICHE
http://w3id.org/zac/88635_lot_134,2,FOTOGRAFIE | OGGETTI IN LEGNO
http://w3id.org/zac/88635_lot_2,2,CORNICI | OGGETTI IN LEGNO
http://w3id.org/zac/88636_lot_1,2,ARGENTI | Kupferstiche; Radierungen
http://w3id.org/zac/88636_lot_10,2,ACQUEFORTI | ARGENTI
http://w3id.org/zac/88636_lot_11,2,ACQUEFORTI | ARGENTI
http://w3id.org/zac/88636_lot_12,2,ARGENTI | Kupferstiche; Radierungen
http://w3id.org/zac/88636_lot_17,2,ARGENTI | Kupferstiche; Radierungen
http://w3id.org/zac/88636_lot_18,2,ARGENTI | Kupferstiche; Radierungen
http://w3id.org/zac/88636_lot_19,2,ARGENTI | Kupferstiche; Radierungen
http://w3id.org/zac/88636_lot_2,2,ARGENTI | Kupferstiche; Radierungen
http://w3id.org/zac/88636_lot_276,2,Kupferstiche; Radierungen | PIATTI
http://w3id.org/zac/88636_lot_3,2,ARGENTI | Kupferstiche; Radierungen
http://w3id.org/zac/88636_lot_53,2,Aquarelle; Handzeichnungen | AQUARELLE; HANDZEICHNUNGEN | DISEGNI
http://w3id.org/zac/88636_lot_8,2,ARGENTI | Kupferstiche; Radierungen
http://w3id.org/zac/88636_lot_9,2,ACQUEFORTI | ARGENTI
http://w3id.org/zac/88638_lot_18,2,MOBILI | TEPPICHE; FLAMISCHER WANDTEPPICH
http://w3id.org/zac/88638_lot_315,2,VASI | TAPPETI
http://w3id.org/zac/88638_lot_9,2,TAPPETI | TEPPICHE; FLAMISCHER WANDTEPPICH
http://w3id.org/zac/88642_lot_1,2,AVORI | SCATOLE
http://w3id.org/zac/88642_lot_15,2,TASCHENUHREN ROKOKO; CHATELAINEN | SCATOLE
http://w3id.org/zac/88642_lot_17,2,AVORI | SCATOLE
http://w3id.org/zac/88642_lot_19,2,OGGETTI IN METALLO | SCATOLE
http://w3id.org/zac/88642_lot_2,2,CERAMICHE | SCATOLE
http://w3id.org/zac/88646_lot_1,2,PORZELLAN; BRONZEN; GLAS | STAMPE E INCISIONI
http://w3id.org/zac/88646_lot_26,2,MOBEL; HOLZSCHNITZEREIEN; PORZELLAN; FAYENCEN | PIATTI
http://w3id.org/zac/88646_lot_31,2,MOBEL; HOLZSCHNITZEREIEN; PORZELLAN; FAYENCEN | OGGETTI IN ORO
http://w3id.org/zac/88646_lot_40,2,BRONZI | OGGETTI IN ORO
http://w3id.org/zac/88646_lot_56,2,OGGETTI IN ORO | PORCELLANE
http://w3id.org/zac/88648_lot_249,2,CORNICI | MOBILI
http://w3id.org/zac/88648_lot_340,2,MOBILI | DIPINTI
http://w3id.org/zac/88650_lot_165,2,OGGETTI IN RAME | OGGETTI IN LEGNO
http://w3id.org/zac/88650_lot_2,2,OGGETTI IN LEGNO | OGGETTI VARI
http://w3id.org/zac/88650_lot_62,2,OGGETTI IN RAME | OGGETTI IN LEGNO
http://w3id.org/zac/88652_lot_12,2,CERAMICHE | OGGETTI IN ORO
http://w3id.org/zac/88652_lot_120,2,BRONZI | OGGETTI IN ORO
http://w3id.org/zac/88652_lot_130,2,DIPINTI | PLACCHETTE
http://w3id.org/zac/88652_lot_150,2,GIOIELLI | SCATOLE
http://w3id.org/zac/88652_lot_17,2,BRONZI | Irdengut; Steinzeug; Steingut
http://w3id.org/zac/88652_lot_176,2,OGGETTI IN LATTA | TESSUTI
http://w3id.org/zac/88652_lot_19,2,Irdengut; Steinzeug; Steingut | PORCELLANE
http://w3id.org/zac/88652_lot_190,2,Gobelin; Knupfteppiche | OGGETTI IN LATTA
http://w3id.org/zac/88652_lot_2,2,Irdengut; Steinzeug; Steingut | Gobelin; Knupfteppiche
http://w3id.org/zac/88652_lot_202,2,OGGETTI IN LATTA | TERRECOTTE
http://w3id.org/zac/88652_lot_22,2,MAIOLICHE | OGGETTI IN LATTA
http://w3id.org/zac/88652_lot_23,2,DIPINTI | OGGETTI IN LATTA
http://w3id.org/zac/88652_lot_231,2,OGGETTI IN METALLO | TESSUTI
http://w3id.org/zac/88652_lot_32,2,MAIOLICHE | PLACCHETTE
http://w3id.org/zac/88652_lot_338,2,OGGETTI IN LATTA | OGGETTI VARI
http://w3id.org/zac/88652_lot_34,2,CERAMICHE | MAIOLICHE
http://w3id.org/zac/88652_lot_36,2,ARGENTI | PIATTI
http://w3id.org/zac/88652_lot_38,2,CERAMICHE | OGGETTI IN LATTA
http://w3id.org/zac/88652_lot_39,2,MAIOLICHE | OGGETTI IN LATTA
http://w3id.org/zac/88652_lot_41,2,CERAMICHE | VETRI
http://w3id.org/zac/88652_lot_44,2,BRONZI | MAIOLICHE
http://w3id.org/zac/88652_lot_460,2,ARGENTI | OGGETTI IN LEGNO
http://w3id.org/zac/88652_lot_492,2,DIPINTI | VETRI
http://w3id.org/zac/88652_lot_50,2,MAIOLICHE | OGGETTI IN LATTA
http://w3id.org/zac/88652_lot_500,2,OGGETTI IN RAME | OGGETTI IN ORO
http://w3id.org/zac/88652_lot_54,2,MAIOLICHE | MOBILI
http://w3id.org/zac/88652_lot_65,2,ARGENTI | MAIOLICHE
http://w3id.org/zac/88652_lot_80,2,VETRI | PORCELLANE
http://w3id.org/zac/88652_lot_9,2,BRONZI | Irdengut; Steinzeug; Steingut
http://w3id.org/zac/88654_lot_125,2,LAMPADE | OGGETTI IN LEGNO
http://w3id.org/zac/88655_lot_1,2,Miniaturen; Dosen; Silhouetten | OGGETTI IN LATTA
http://w3id.org/zac/88655_lot_10,2,OGGETTI IN LATTA | VASI
http://w3id.org/zac/88655_lot_14,2,VASI | TESSUTI
http://w3id.org/zac/88655_lot_202,2,Miniaturen; Dosen; Silhouetten | OGGETTI IN LATTA
http://w3id.org/zac/88655_lot_22,2,OGGETTI IN LATTA | TESSUTI
http://w3id.org/zac/88655_lot_269,2,LAMPADE | PORZELLAN; FAYENCE | Porzellan; Fayence
http://w3id.org/zac/88655_lot_27,2,MAIOLICHE | VETRI
http://w3id.org/zac/88655_lot_271,2,VETRI | PIATTI
http://w3id.org/zac/88655_lot_272,2,PIATTI | VETRI
http://w3id.org/zac/88655_lot_3,2,OGGETTI IN LATTA | TESSUTI
http://w3id.org/zac/88655_lot_I,2,OGGETTI IN LEGNO | PIATTI
http://w3id.org/zac/88657_lot_10,2,MOBILIAR; PORZELLAN; FAYENCE; METALLARBEITEN | MERLETTI
http://w3id.org/zac/88657_lot_11,2,MERLETTI | MOBILIAR; PORZELLAN; FAYENCE; METALLARBEITEN
http://w3id.org/zac/88657_lot_12,2,MOBILIAR; PORZELLAN; FAYENCE; METALLARBEITEN | VASI
http://w3id.org/zac/88657_lot_19,2,OGGETTI VARI | VASI
http://w3id.org/zac/88657_lot_2,2,OGGETTI IN LEGNO | SCATOLE
http://w3id.org/zac/88657_lot_21,2,MOBILIAR; PORZELLAN; FAYENCE; METALLARBEITEN | VASI
http://w3id.org/zac/88657_lot_22,2,ARREDAMENTI | MOBILIAR; PORZELLAN; FAYENCE; METALLARBEITEN
http://w3id.org/zac/88657_lot_23,2,MOBILIAR; PORZELLAN; FAYENCE; METALLARBEITEN | OGGETTI IN ORO
http://w3id.org/zac/88657_lot_3,2,MERLETTI | MOBILIAR; PORZELLAN; FAYENCE; METALLARBEITEN
http://w3id.org/zac/88657_lot_4,2,MOBILIAR; PORZELLAN; FAYENCE; METALLARBEITEN | VASI
http://w3id.org/zac/88657_lot_5,2,MERLETTI | MOBILIAR; PORZELLAN; FAYENCE; METALLARBEITEN
http://w3id.org/zac/88657_lot_8,2,MERLETTI | SPECCHI
http://w3id.org/zac/88660_lot_1,2,OGGETTI VARI | TESSUTI
http://w3id.org/zac/88660_lot_25,2,TESSUTI | SILBER; GLAS; PORZELLAN
http://w3id.org/zac/88660_lot_30,2,CORNICI | TESSUTI
http://w3id.org/zac/88660_lot_I,2,STAMPE E INCISIONI | SILBER; GLAS; PORZELLAN
http://w3id.org/zac/88661_lot_10,2,Holzplastik; Perserteppiche; Gemalde | OGGETTI VARI
http://w3id.org/zac/88661_lot_13,2,ANTIQUITATEN; GEMALDE | VASI DA FARMACIA
http://w3id.org/zac/88661_lot_15,2,ANTIQUITATEN; GEMALDE | Holzplastik; Perserteppiche; Gemalde
http://w3id.org/zac/88661_lot_18,2,ANTIQUITATEN; GEMALDE | MOBILI
http://w3id.org/zac/88661_lot_22,2,ANTIQUITATEN; GEMALDE | OGGETTI IN LEGNO
http://w3id.org/zac/88661_lot_6,2,ANTIQUITATEN; GEMALDE | Holzplastik; Perserteppiche; Gemalde
http://w3id.org/zac/88663_lot_I,2,STAMPE E INCISIONI | VASI
http://w3id.org/zac/88665_lot_17,2,CERAMICHE | TEPPICHE; TEXTILIEN | Teppiche; Textilien
http://w3id.org/zac/88665_lot_2,2,CERAMICHE | DIPINTI
http://w3id.org/zac/88665_lot_22,2,CERAMICHE | Fayencen; Porzellan
http://w3id.org/zac/88665_lot_227,2,MOBILI | OGGETTI IN LEGNO
http://w3id.org/zac/88665_lot_26,2,OGGETTI IN METALLO | Ton; Steinzeug; Glas
http://w3id.org/zac/88665_lot_29,2,CERAMICHE | Fayencen; Porzellan
http://w3id.org/zac/88665_lot_432,2,DIPINTI | OGGETTI VARI
http://w3id.org/zac/88665_lot_82,2,VASI | PIATTI
http://w3id.org/zac/88668_lot_23,2,Bruisseler und franzosische Gobelins; Point-Arbeiten; Stickereien | TAPPETI
http://w3id.org/zac/88668_lot_I,2,Holz- und Elfenbein-Skulpturen; Bronzekronen; Kandelaber | OGGETTI VARI
http://w3id.org/zac/88672_lot_2,2,KUNSTGEWERBE; SKULPTUREN | OGGETTI IN LEGNO
http://w3id.org/zac/88672_lot_5,2,KUNSTGEWERBE; SKULPTUREN | SCATOLE
http://w3id.org/zac/88672_lot_7,2,KUNSTGEWERBE; SKULPTUREN | SCATOLE
http://w3id.org/zac/88673_lot_1,2,CORNICI | OGGETTI IN ORO
http://w3id.org/zac/88673_lot_10,2,ARGENTI | OGGETTI IN RAME
http://w3id.org/zac/88673_lot_16,2,ARGENTI | DIPINTI
http://w3id.org/zac/88673_lot_2,2,MOBILI | OGGETTI IN RAME
http://w3id.org/zac/88673_lot_4,2,ARGENTI | OGGETTI IN RAME
http://w3id.org/zac/88673_lot_7,2,ARGENTI | OGGETTI IN RAME
http://w3id.org/zac/88674_lot_125,2,FOTOGRAFIE | OGGETTI VARI
http://w3id.org/zac/88679_lot_182,2,Gobelins; Perserteppiche | TERRECOTTE
http://w3id.org/zac/88679_lot_19,2,ANTICHITA' | Gobelins; Perserteppiche
http://w3id.org/zac/88679_lot_21,2,ANTICHITA' | OGGETTI IN ORO
http://w3id.org/zac/88679_lot_23,2,Antiquitaten; Gemalde; Graphik | Gobelins; Perserteppiche
http://w3id.org/zac/88679_lot_24,2,Antiquitaten; Gemalde; Graphik | Gobelins; Perserteppiche
http://w3id.org/zac/88680_lot_18,2,MYTHOLOGISCHE SZENE | OGGETTI IN RAME
http://w3id.org/zac/88681_lot_10,2,OGGETTI VARI | TERRECOTTE
http://w3id.org/zac/88681_lot_11,2,ARGENTI | TERRECOTTE
http://w3id.org/zac/88681_lot_14,2,PANNELLI | TERRECOTTE
http://w3id.org/zac/88681_lot_4,2,OGGETTI VARI | TERRECOTTE
http://w3id.org/zac/88681_lot_6,2,ARAZZI | TERRECOTTE
http://w3id.org/zac/88682_lot_2,2,OGGETTI IN LEGNO | STAMPE E INCISIONI
http://w3id.org/zac/88684_lot_104,2,OGGETTI IN LEGNO | SCULTURE
http://w3id.org/zac/88684_lot_116,2,OGGETTI IN LEGNO | SCULTURE
http://w3id.org/zac/88684_lot_118,2,BIANCHERIA | SCULTURE
http://w3id.org/zac/88684_lot_119,2,OGGETTI IN LEGNO | SCULTURE
http://w3id.org/zac/88684_lot_123,2,OGGETTI IN LEGNO | SCULTURE
http://w3id.org/zac/88684_lot_139,2,OGGETTI IN LEGNO | SCULTURE
http://w3id.org/zac/88684_lot_140,2,MOBEL; HOLZARBEITEN | LAMPADE | Mobel; Holzarbeiten
http://w3id.org/zac/88684_lot_152,2,ALABASTRI | SCULTURE
http://w3id.org/zac/88684_lot_160,2,OGGETTI IN LEGNO | SCULTURE
http://w3id.org/zac/88684_lot_222,2,ARTI GRAFICHE | DIPINTI
http://w3id.org/zac/88684_lot_226,2,ARTI GRAFICHE | STAMPE E INCISIONI
http://w3id.org/zac/88684_lot_3,2,Mobel; Holzarbeiten | MOBEL; HOLZARBEITEN | Ton; Steingut; Glas
http://w3id.org/zac/88687_lot_172,2,OGGETTI IN LATTA | PIATTI
http://w3id.org/zac/88687_lot_18,2,MAIOLICHE | MOBILI
http://w3id.org/zac/88687_lot_250,2,OGGETTI IN LEGNO | OGGETTI IN ORO
http://w3id.org/zac/88687_lot_3,2,DIPINTI | PIATTI
http://w3id.org/zac/88687_lot_6,2,DIPINTI | Steingut; Steinzeug; Ton
http://w3id.org/zac/88689_lot_143,2,CORNICI | OGGETTI IN LEGNO
http://w3id.org/zac/88689_lot_3,2,OGGETTI VARI | SCATOLE
http://w3id.org/zac/88690_lot_100,2,AVORI | PIATTI
http://w3id.org/zac/88690_lot_120,2,MINIATURE | Gobelins; Teppiche
http://w3id.org/zac/88690_lot_125,2,AVORI | MOBILI
http://w3id.org/zac/88690_lot_135,2,AVORI | SCATOLE
http://w3id.org/zac/88690_lot_140,2,Dosen; Flakons | Gobelins; Teppiche
http://w3id.org/zac/88690_lot_15,2,OGGETTI IN METALLO | TAPPETI
http://w3id.org/zac/88690_lot_180,2,Gobelins; Teppiche | OGGETTI IN METALLO
http://w3id.org/zac/88690_lot_2,2,OGGETTI IN METALLO | OGGETTI VARI
http://w3id.org/zac/88690_lot_235,2,Dosen; Flakons | OGGETTI IN METALLO
http://w3id.org/zac/88690_lot_260,2,MOBILI | OGGETTI IN METALLO
http://w3id.org/zac/88690_lot_27,2,Dosen; Flakons | PORCELLANE
http://w3id.org/zac/88690_lot_28,2,OGGETTI IN ORO | PORCELLANE
http://w3id.org/zac/88690_lot_295,2,ARMI | TESSUTI
http://w3id.org/zac/88690_lot_32,2,MOBILI | PORCELLANE
http://w3id.org/zac/88690_lot_320,2,MOBILI | Judische silberne Kultgegenstande
http://w3id.org/zac/88690_lot_330,2,DIPINTI | OGGETTI IN LATTA
http://w3id.org/zac/88690_lot_34,2,OGGETTI IN METALLO | OGGETTI IN ORO
http://w3id.org/zac/88690_lot_340,2,BAULI | MOBILI
http://w3id.org/zac/88690_lot_380,2,Judische silberne Kultgegenstande | DIPINTI
http://w3id.org/zac/88690_lot_46,2,Dosen; Flakons | PORCELLANE
http://w3id.org/zac/88690_lot_48,2,MINIATURE | PORCELLANE
http://w3id.org/zac/88690_lot_50,2,BOTTIGLIE | Leder; Holzarbeiten
http://w3id.org/zac/88690_lot_550,2,MINIATURE | SCULTURE
http://w3id.org/zac/88690_lot_65,2,PORCELLANE | VASI
http://w3id.org/zac/88690_lot_7,2,BOTTIGLIE | VETRI
http://w3id.org/zac/88690_lot_8,2,AVORI | OGGETTI IN LATTA
http://w3id.org/zac/88690_lot_81,2,AVORI | Judische silberne Kultgegenstande
http://w3id.org/zac/88690_lot_85,2,Gobelins; Teppiche | OGGETTI IN LEGNO
http://w3id.org/zac/88690_lot_I,2,SCULTURE | VETRI
http://w3id.org/zac/88691_lot_10,2,TERRECOTTE | Textilien; Teppiche; Gobelins
http://w3id.org/zac/88691_lot_15,2,VETRI | Textilien; Teppiche; Gobelins
http://w3id.org/zac/88691_lot_182,2,Kunstgewerbe; Plastik | OGGETTI IN LEGNO
http://w3id.org/zac/88691_lot_38,2,TERRECOTTE | Textilien; Teppiche; Gobelins
http://w3id.org/zac/88691_lot_45,2,Textilien; Teppiche; Gobelins | SPECCHI
http://w3id.org/zac/88691_lot_476,2,TERRECOTTE | SCATOLE
http://w3id.org/zac/88691_lot_479,2,OGGETTI VARI | TERRECOTTE
http://w3id.org/zac/88691_lot_80,2,MOBEL; BELEUCHTUNGEN | Mobel; Beleuchtungen | TERRECOTTE
http://w3id.org/zac/88692_lot_12,2,MOBILI | OGGETTI VARI
http://w3id.org/zac/88692_lot_22,2,MOBILI | OGGETTI IN ORO
http://w3id.org/zac/88692_lot_26,2,MOBILI | OGGETTI IN LEGNO
http://w3id.org/zac/88692_lot_30,2,MOBILI | OGGETTI IN LEGNO
http://w3id.org/zac/88692_lot_31,2,MOBILI | SCATOLE
http://w3id.org/zac/88694_lot_2,2,OGGETTI IN LEGNO | OGGETTI VARI
http://w3id.org/zac/88694_lot_3,2,FOTOGRAFIE | STAMPE E INCISIONI
http://w3id.org/zac/88694_lot_5,2,CORNICI | OGGETTI IN LEGNO
http://w3id.org/zac/88696_lot_1,2,ANTICHITA' | OGGETTI IN LEGNO
http://w3id.org/zac/88696_lot_10,2,ANTICHITA' | OGGETTI IN RAME
http://w3id.org/zac/88696_lot_11,2,ANTICHITA' | STAMPE E INCISIONI
http://w3id.org/zac/88696_lot_16,2,ANTICHITA' | OGGETTI VARI
http://w3id.org/zac/88696_lot_18,2,ANTICHITA' | OGGETTI IN LEGNO
http://w3id.org/zac/88696_lot_3,2,ANTICHITA' | OGGETTI IN LEGNO
http://w3id.org/zac/88696_lot_30,2,ANTICHITA' | OGGETTI IN LEGNO
http://w3id.org/zac/88696_lot_33,2,ANTICHITA' | CAMINI
http://w3id.org/zac/88696_lot_38,2,ANTICHITA' | OGGETTI VARI
http://w3id.org/zac/88696_lot_4,2,ANTICHITA' | OGGETTI IN LEGNO
http://w3id.org/zac/88696_lot_6,2,ANTICHITA' | OGGETTI IN LEGNO
http://w3id.org/zac/88696_lot_8,2,ANTICHITA' | OGGETTI IN LEGNO
http://w3id.org/zac/88696_lot_9,2,ANTICHITA' | OGGETTI IN LEGNO
http://w3id.org/zac/88697_lot_12,2,PIATTI | PORCELLANE
http://w3id.org/zac/88697_lot_13,2,PIATTI | PORCELLANE
http://w3id.org/zac/88697_lot_3,2,BRONZI | SCATOLE
http://w3id.org/zac/88697_lot_4,2,CORNICI | BRONZI
http://w3id.org/zac/88697_lot_8,2,SCULTURE | PORCELLANE
http://w3id.org/zac/88697_lot_9,2,OGGETTI IN LEGNO | PORCELLANE
http://w3id.org/zac/88699_lot_156,2,OGGETTI IN LATTA | Zinn; Messing; Bronze
http://w3id.org/zac/88699_lot_59,2,Decken; Gobelins; Teppiche | Zinn; Messing; Bronze
http://w3id.org/zac/88701_lot_3,2,TERRECOTTE | TESSUTI
http://w3id.org/zac/88702_lot_12,2,PIATTI | TAPPETI
http://w3id.org/zac/88702_lot_211,2,OGGETTI IN LEGNO | VETRI
http://w3id.org/zac/88702_lot_26,2,MAIOLICHE | PORCELLANE
http://w3id.org/zac/88702_lot_265,2,LAMPADE | TESSUTI
http://w3id.org/zac/88702_lot_27,2,PORCELLANE | TESSUTI
http://w3id.org/zac/88702_lot_350,2,OGGETTI IN LEGNO | VETRI
http://w3id.org/zac/88702_lot_363,2,BAULI | MOBILI
http://w3id.org/zac/88702_lot_47,2,OGGETTI VARI | PORCELLANE
http://w3id.org/zac/88702_lot_520,2,OGGETTI IN LEGNO | TESSUTI
http://w3id.org/zac/88702_lot_62,2,MAIOLICHE | PORCELLANE
http://w3id.org/zac/88702_lot_9,2,MINIATURE | PORCELLANE
http://w3id.org/zac/88704_lot_103,2,CERAMICHE | VASI
http://w3id.org/zac/88704_lot_106,2,CERAMICHE | OGGETTI VARI
http://w3id.org/zac/88704_lot_114,2,CERAMICHE | VASI
http://w3id.org/zac/88704_lot_120,2,CERAMICHE | SCATOLE
http://w3id.org/zac/88704_lot_127,2,CERAMICHE | PIATTI
http://w3id.org/zac/88704_lot_128,2,CERAMICHE | PIATTI
http://w3id.org/zac/88704_lot_130,2,CERAMICHE | PIATTI
http://w3id.org/zac/88704_lot_132,2,CERAMICHE | PIATTI
http://w3id.org/zac/88704_lot_141,2,CERAMICHE | PIATTI
http://w3id.org/zac/88704_lot_144,2,CERAMICHE | OGGETTI VARI
http://w3id.org/zac/88704_lot_145,2,CERAMICHE | PIATTI
http://w3id.org/zac/88704_lot_148,2,CERAMICHE | VASI
http://w3id.org/zac/88704_lot_155,2,CERAMICHE | VASI
http://w3id.org/zac/88704_lot_163,2,BIANCHERIA | CERAMICHE
http://w3id.org/zac/88704_lot_25,2,CERAMICHE | PIATTI
http://w3id.org/zac/88704_lot_26,2,CERAMICHE | PIATTI
http://w3id.org/zac/88704_lot_28,2,CERAMICHE | SPECCHI
http://w3id.org/zac/88704_lot_3,2,Gemalde; Miniaturen | TERRECOTTE
http://w3id.org/zac/88704_lot_42,2,CERAMICHE | PIATTI
http://w3id.org/zac/88704_lot_5,2,Gemalde; Miniaturen | TERRECOTTE
http://w3id.org/zac/88704_lot_68,2,CERAMICHE | OGGETTI VARI
http://w3id.org/zac/88704_lot_8,2,SCULTURE | TERRECOTTE
http://w3id.org/zac/88704_lot_83,2,CERAMICHE | PIATTI
http://w3id.org/zac/88704_lot_87,2,CERAMICHE | SCATOLE
http://w3id.org/zac/88704_lot_89,2,CERAMICHE | VASI
http://w3id.org/zac/88705_lot_12,2,PIATTI | PORZELLAN; BRONZEN; LACKARBEITEN
http://w3id.org/zac/88705_lot_14,2,OGGETTI IN ORO | PORZELLAN; BRONZEN; LACKARBEITEN
http://w3id.org/zac/88705_lot_356,2,PORZELLAN; FAYENCEN; MAJOLIKA | VASI
http://w3id.org/zac/88706_lot_104,2,OGGETTI IN ORO | OGGETTI IN LEGNO
http://w3id.org/zac/88707_lot_148,2,DIPINTI | OGGETTI IN LEGNO
http://w3id.org/zac/88707_lot_67,2,OGGETTI IN LEGNO | STAMPE E INCISIONI
http://w3id.org/zac/88709_lot_13,2,ARAZZI | DIPINTI
http://w3id.org/zac/88709_lot_19,2,ARAZZI | DIPINTI
http://w3id.org/zac/88709_lot_25,2,ARAZZI | DIPINTI
http://w3id.org/zac/88709_lot_26,2,ARAZZI | DIPINTI
http://w3id.org/zac/88709_lot_30,2,DIPINTI | OGGETTI VARI
http://w3id.org/zac/88709_lot_36,2,ARAZZI | OGGETTI VARI
http://w3id.org/zac/88709_lot_45,2,DIPINTI | OGGETTI VARI
http://w3id.org/zac/88709_lot_5,2,ARAZZI | DIPINTI
http://w3id.org/zac/88709_lot_61,2,OGGETTI IN METALLO | OGGETTI IN ORO
http://w3id.org/zac/88709_lot_62,2,DIPINTI | OGGETTI IN LEGNO
http://w3id.org/zac/88712_lot_181,2,MAIOLICHE | OGGETTI VARI
http://w3id.org/zac/88712_lot_230,2,MAIOLICHE | FAYENCE; STEINZEUG; TON; GLAS
http://w3id.org/zac/88712_lot_280,2,MAIOLICHE | OGGETTI IN LEGNO
http://w3id.org/zac/88714_lot_18,2,MOBILI | TESSUTI
http://w3id.org/zac/88714_lot_22,2,ARBEITEN IN METALL; HOLZ; STEIN; GLAS | MOBILI
http://w3id.org/zac/88714_lot_24,2,ARBEITEN IN METALL; HOLZ; STEIN; GLAS | MOBILI
http://w3id.org/zac/88714_lot_36,2,MOBILI | OGGETTI LACCATI
http://w3id.org/zac/88715_lot_99,2,SPECCHI | Textilien; Perser-Teppiche | TEXTILIEN; PERSER-TEPPICHE
http://w3id.org/zac/88716_lot_1,2,HANDZEICHNUNGEN; KUPFERSTICHE; GEMALDE | OGGETTI IN LEGNO
http://w3id.org/zac/88716_lot_11,2,KLEINMOBEL; BRONZEN; CHINAPORZELLAN; KANDELABER; APPLIQUES; LUSTER; PLASTIK | HANDZEICHNUNGEN; KUPFERSTICHE; GEMALDE
http://w3id.org/zac/88716_lot_12,2,LAMPADE | HANDZEICHNUNGEN; KUPFERSTICHE; GEMALDE
http://w3id.org/zac/88716_lot_14,2,KLEINMOBEL; BRONZEN; CHINAPORZELLAN; KANDELABER; APPLIQUES; LUSTER; PLASTIK | OGGETTI IN RAME
http://w3id.org/zac/88716_lot_15,2,KLEINMOBEL; BRONZEN; CHINAPORZELLAN; KANDELABER; APPLIQUES; LUSTER; PLASTIK | HANDZEICHNUNGEN; KUPFERSTICHE; GEMALDE
http://w3id.org/zac/88716_lot_20,2,KLEINMOBEL; BRONZEN; CHINAPORZELLAN; KANDELABER; APPLIQUES; LUSTER; PLASTIK | HANDZEICHNUNGEN; KUPFERSTICHE; GEMALDE
http://w3id.org/zac/88716_lot_21,2,HANDZEICHNUNGEN; KUPFERSTICHE; GEMALDE | KLEINMOBEL; BRONZEN; CHINAPORZELLAN; KANDELABER; APPLIQUES; LUSTER; PLASTIK
http://w3id.org/zac/88716_lot_5,2,OGGETTI VARI | TAPPETI
http://w3id.org/zac/88716_lot_9,2,HANDZEICHNUNGEN; KUPFERSTICHE; GEMALDE | KLEINMOBEL; BRONZEN; CHINAPORZELLAN; KANDELABER; APPLIQUES; LUSTER; PLASTIK
http://w3id.org/zac/88719_lot_1,2,OGGETTI D'ARTE ORIENTALE | VASI
http://w3id.org/zac/88719_lot_100,2,OGGETTI D'ARTE ORIENTALE | OGGETTI VARI
http://w3id.org/zac/88719_lot_101,2,OGGETTI D'ARTE ORIENTALE | OGGETTI VARI
http://w3id.org/zac/88719_lot_102,2,OGGETTI D'ARTE ORIENTALE | OGGETTI VARI
http://w3id.org/zac/88719_lot_103,2,OGGETTI D'ARTE ORIENTALE | OGGETTI VARI
http://w3id.org/zac/88719_lot_104,2,OGGETTI D'ARTE ORIENTALE | OGGETTI VARI
http://w3id.org/zac/88719_lot_105,2,OGGETTI D'ARTE ORIENTALE | OGGETTI VARI
http://w3id.org/zac/88719_lot_106,2,OGGETTI D'ARTE ORIENTALE | OGGETTI VARI
http://w3id.org/zac/88719_lot_108,2,OGGETTI D'ARTE ORIENTALE | OGGETTI VARI
http://w3id.org/zac/88719_lot_110,2,OGGETTI D'ARTE ORIENTALE | VASI
http://w3id.org/zac/88719_lot_111,2,OGGETTI D'ARTE ORIENTALE | OGGETTI VARI
http://w3id.org/zac/88719_lot_112,2,OGGETTI D'ARTE ORIENTALE | VASI
http://w3id.org/zac/88719_lot_113,2,OGGETTI D'ARTE ORIENTALE | OGGETTI VARI
http://w3id.org/zac/88719_lot_115,2,OGGETTI D'ARTE ORIENTALE | VASI
http://w3id.org/zac/88719_lot_118,2,OGGETTI D'ARTE ORIENTALE | VASI
http://w3id.org/zac/88719_lot_119,2,OGGETTI D'ARTE ORIENTALE | VASI
http://w3id.org/zac/88719_lot_12,2,OGGETTI D'ARTE ORIENTALE | VASI
http://w3id.org/zac/88719_lot_120,2,OGGETTI D'ARTE ORIENTALE | VASI
http://w3id.org/zac/88719_lot_14,2,OGGETTI D'ARTE ORIENTALE | OGGETTI VARI
http://w3id.org/zac/88719_lot_155,2,OGGETTI D'ARTE ORIENTALE | OGGETTI VARI
http://w3id.org/zac/88719_lot_159,2,OGGETTI D'ARTE ORIENTALE | OGGETTI VARI
http://w3id.org/zac/88719_lot_160,2,OGGETTI D'ARTE ORIENTALE | OGGETTI VARI
http://w3id.org/zac/88719_lot_162,2,OGGETTI D'ARTE ORIENTALE | OGGETTI VARI
http://w3id.org/zac/88719_lot_164,2,OGGETTI D'ARTE ORIENTALE | VASI
http://w3id.org/zac/88719_lot_165,2,OGGETTI D'ARTE ORIENTALE | SCATOLE
http://w3id.org/zac/88719_lot_166,2,OGGETTI D'ARTE ORIENTALE | SCATOLE
http://w3id.org/zac/88719_lot_17,2,OGGETTI D'ARTE ORIENTALE | OGGETTI VARI
http://w3id.org/zac/88719_lot_18,2,OGGETTI D'ARTE ORIENTALE | VASI
http://w3id.org/zac/88719_lot_19,2,OGGETTI D'ARTE ORIENTALE | OGGETTI VARI
http://w3id.org/zac/88719_lot_24,2,OGGETTI D'ARTE ORIENTALE | VETRI
http://w3id.org/zac/88719_lot_25,2,OGGETTI D'ARTE ORIENTALE | OGGETTI VARI
http://w3id.org/zac/88719_lot_26,2,OGGETTI D'ARTE ORIENTALE | OGGETTI VARI
http://w3id.org/zac/88719_lot_27,2,OGGETTI D'ARTE ORIENTALE | OGGETTI VARI
http://w3id.org/zac/88719_lot_28,2,OGGETTI D'ARTE ORIENTALE | VASI
http://w3id.org/zac/88719_lot_29,2,OGGETTI D'ARTE ORIENTALE | PIATTI
http://w3id.org/zac/88719_lot_30,2,OGGETTI D'ARTE ORIENTALE | VETRI
http://w3id.org/zac/88719_lot_31,2,OGGETTI D'ARTE ORIENTALE | VETRI
http://w3id.org/zac/88719_lot_32,2,OGGETTI D'ARTE ORIENTALE | OGGETTI VARI
http://w3id.org/zac/88719_lot_33,2,OGGETTI D'ARTE ORIENTALE | VASI
http://w3id.org/zac/88719_lot_34,2,OGGETTI D'ARTE ORIENTALE | VASI
http://w3id.org/zac/88719_lot_35,2,OGGETTI D'ARTE ORIENTALE | VASI
http://w3id.org/zac/88719_lot_36,2,OGGETTI D'ARTE ORIENTALE | VETRI
http://w3id.org/zac/88719_lot_38,2,OGGETTI D'ARTE ORIENTALE | OGGETTI VARI
http://w3id.org/zac/88719_lot_39,2,OGGETTI D'ARTE ORIENTALE | OGGETTI VARI
http://w3id.org/zac/88719_lot_40,2,OGGETTI D'ARTE ORIENTALE | OGGETTI VARI
http://w3id.org/zac/88719_lot_41,2,OGGETTI D'ARTE ORIENTALE | VASI
http://w3id.org/zac/88719_lot_42,2,OGGETTI D'ARTE ORIENTALE | OGGETTI VARI
http://w3id.org/zac/88719_lot_43,2,OGGETTI D'ARTE ORIENTALE | OGGETTI VARI
http://w3id.org/zac/88719_lot_46,2,OGGETTI D'ARTE ORIENTALE | OGGETTI VARI
http://w3id.org/zac/88719_lot_47,2,OGGETTI D'ARTE ORIENTALE | OGGETTI VARI
http://w3id.org/zac/88719_lot_48,2,OGGETTI D'ARTE ORIENTALE | OGGETTI VARI
http://w3id.org/zac/88719_lot_49,2,OGGETTI D'ARTE ORIENTALE | OGGETTI VARI
http://w3id.org/zac/88719_lot_50,2,OGGETTI D'ARTE ORIENTALE | OGGETTI VARI
http://w3id.org/zac/88719_lot_51,2,OGGETTI D'ARTE ORIENTALE | VASI
http://w3id.org/zac/88719_lot_53,2,OGGETTI D'ARTE ORIENTALE | VASI
http://w3id.org/zac/88719_lot_54,2,OGGETTI D'ARTE ORIENTALE | OGGETTI VARI
http://w3id.org/zac/88719_lot_55,2,OGGETTI D'ARTE ORIENTALE | OGGETTI VARI
http://w3id.org/zac/88719_lot_6,2,OGGETTI D'ARTE ORIENTALE | VASI
http://w3id.org/zac/88719_lot_61,2,OGGETTI D'ARTE ORIENTALE | OGGETTI VARI
http://w3id.org/zac/88719_lot_63,2,OGGETTI D'ARTE ORIENTALE | VASI
http://w3id.org/zac/88719_lot_64,2,OGGETTI D'ARTE ORIENTALE | OGGETTI VARI
http://w3id.org/zac/88719_lot_65,2,OGGETTI D'ARTE ORIENTALE | OGGETTI VARI
http://w3id.org/zac/88719_lot_67,2,OGGETTI D'ARTE ORIENTALE | OGGETTI VARI
http://w3id.org/zac/88719_lot_68,2,OGGETTI D'ARTE ORIENTALE | OGGETTI VARI
http://w3id.org/zac/88719_lot_69,2,OGGETTI D'ARTE ORIENTALE | OGGETTI VARI
http://w3id.org/zac/88719_lot_7,2,OGGETTI D'ARTE ORIENTALE | PIATTI
http://w3id.org/zac/88719_lot_70,2,OGGETTI D'ARTE ORIENTALE | VASI
http://w3id.org/zac/88719_lot_71,2,OGGETTI D'ARTE ORIENTALE | VASI
http://w3id.org/zac/88719_lot_72,2,OGGETTI D'ARTE ORIENTALE | OGGETTI VARI
http://w3id.org/zac/88719_lot_73,2,OGGETTI D'ARTE ORIENTALE | OGGETTI VARI
http://w3id.org/zac/88719_lot_74,2,OGGETTI D'ARTE ORIENTALE | OGGETTI VARI
http://w3id.org/zac/88719_lot_75,2,OGGETTI D'ARTE ORIENTALE | SCATOLE
http://w3id.org/zac/88719_lot_76,2,CERAMICHE | OGGETTI D'ARTE ORIENTALE
http://w3id.org/zac/88719_lot_77,2,CERAMICHE | OGGETTI D'ARTE ORIENTALE
http://w3id.org/zac/88719_lot_78,2,OGGETTI D'ARTE ORIENTALE | OGGETTI VARI
http://w3id.org/zac/88719_lot_79,2,CERAMICHE | OGGETTI D'ARTE ORIENTALE
http://w3id.org/zac/88719_lot_8,2,OGGETTI D'ARTE ORIENTALE | VASI
http://w3id.org/zac/88719_lot_80,2,CERAMICHE | OGGETTI D'ARTE ORIENTALE
http://w3id.org/zac/88719_lot_81,2,OGGETTI D'ARTE ORIENTALE | OGGETTI VARI
http://w3id.org/zac/88719_lot_82,2,OGGETTI D'ARTE ORIENTALE | OGGETTI VARI
http://w3id.org/zac/88719_lot_83,2,OGGETTI D'ARTE ORIENTALE | OGGETTI VARI
http://w3id.org/zac/88719_lot_84,2,OGGETTI D'ARTE ORIENTALE | OGGETTI VARI
http://w3id.org/zac/88719_lot_85,2,OGGETTI D'ARTE ORIENTALE | VASI
http://w3id.org/zac/88719_lot_86,2,OGGETTI D'ARTE ORIENTALE | PIATTI
http://w3id.org/zac/88719_lot_87,2,OGGETTI D'ARTE ORIENTALE | OGGETTI VARI
http://w3id.org/zac/88719_lot_88,2,CERAMICHE | OGGETTI D'ARTE ORIENTALE
http://w3id.org/zac/88719_lot_89,2,OGGETTI D'ARTE ORIENTALE | VASI
http://w3id.org/zac/88719_lot_9,2,OGGETTI D'ARTE ORIENTALE | OGGETTI VARI
http://w3id.org/zac/88719_lot_90,2,OGGETTI D'ARTE ORIENTALE | OGGETTI VARI
http://w3id.org/zac/88719_lot_91,2,OGGETTI D'ARTE ORIENTALE | OGGETTI VARI
http://w3id.org/zac/88719_lot_92,2,OGGETTI D'ARTE ORIENTALE | OGGETTI VARI
http://w3id.org/zac/88719_lot_93,2,OGGETTI D'ARTE ORIENTALE | OGGETTI VARI
http://w3id.org/zac/88719_lot_94,2,OGGETTI D'ARTE ORIENTALE | OGGETTI VARI
http://w3id.org/zac/88719_lot_95,2,OGGETTI D'ARTE ORIENTALE | OGGETTI VARI
http://w3id.org/zac/88719_lot_96,2,OGGETTI D'ARTE ORIENTALE | OGGETTI VARI
http://w3id.org/zac/88719_lot_97,2,OGGETTI D'ARTE ORIENTALE | OGGETTI VARI
http://w3id.org/zac/88719_lot_98,2,OGGETTI D'ARTE ORIENTALE | OGGETTI VARI
http://w3id.org/zac/88719_lot_99,2,OGGETTI D'ARTE ORIENTALE | OGGETTI VARI
http://w3id.org/zac/88720_lot_17,2,BIANCHERIA | MOBILI
http://w3id.org/zac/88720_lot_I,2,MOBILI | OGGETTI IN PELLE
http://w3id.org/zac/88721_lot_1,2,CERAMICHE | VETRI
http://w3id.org/zac/88721_lot_18,2,MAIOLICHE | VETRI
http://w3id.org/zac/88721_lot_5,2,LIBRI | VASI
http://w3id.org/zac/88721_lot_56,2,OGGETTI IN LATTA | VETRI
http://w3id.org/zac/88721_lot_I,2,FOTOGRAFIE | SCULTURE
http://w3id.org/zac/88723_lot_10,2,OGGETTI IN PIOMBO | TESSUTI
http://w3id.org/zac/88723_lot_100,2,ARTI GRAFICHE | OGGETTI IN METALLO
http://w3id.org/zac/88723_lot_110,2,ARTI GRAFICHE | Plastik; Holzarbeiten
http://w3id.org/zac/88723_lot_130,2,ARTI GRAFICHE | OGGETTI IN METALLO
http://w3id.org/zac/88723_lot_14,2,ARTI GRAFICHE | TESSUTI
http://w3id.org/zac/88723_lot_17,2,DISEGNI | SCATOLE
http://w3id.org/zac/88723_lot_19,2,DISEGNI | TESSUTI
http://w3id.org/zac/88723_lot_25,2,STAMPE E INCISIONI | Plastik; Holzarbeiten
http://w3id.org/zac/88723_lot_30,2,DISEGNI | OGGETTI IN LATTA
http://w3id.org/zac/88723_lot_35,2,DISEGNI | Plastik; Holzarbeiten
http://w3id.org/zac/88723_lot_36,2,DISEGNI | SCATOLE
http://w3id.org/zac/88723_lot_38,2,DISEGNI | OGGETTI VARI
http://w3id.org/zac/88723_lot_40,2,OGGETTI IN PIOMBO | Plastik; Holzarbeiten
http://w3id.org/zac/88723_lot_41,2,DISEGNI | MOBILI
http://w3id.org/zac/88723_lot_46,2,OGGETTI IN LEGNO | OGGETTI IN PIOMBO
http://w3id.org/zac/88723_lot_5,2,OGGETTI IN ORO | TESSUTI
http://w3id.org/zac/88723_lot_51,2,DISEGNI | OGGETTI IN LEGNO
http://w3id.org/zac/88723_lot_56,2,CORNICI | DISEGNI
http://w3id.org/zac/88723_lot_60,2,DISEGNI | Plastik; Holzarbeiten
http://w3id.org/zac/88723_lot_9,2,OGGETTI IN METALLO | TESSUTI
http://w3id.org/zac/88723_lot_II,2,DISEGNI | LIBRI
http://w3id.org/zac/88725_lot_2,2,ARGENTI | Teppiche; Textilien | TEPPICHE; TEXTILIEN
http://w3id.org/zac/88725_lot_219,2,OGGETTI IN PELLE | Teppiche; Textilien | TEPPICHE; TEXTILIEN
http://w3id.org/zac/88728_lot_3,2,LIBRI | TEXTILIEN; AUBUSSONS; PERSER TEPPICHE; TAPISSERIEN | Textilien; Aubussons; Perser Teppiche; Tapisserien
http://w3id.org/zac/88728_lot_55,2,OGGETTI D'ARTE | Textilien; Aubussons; Perser Teppiche; Tapisserien | TEXTILIEN; AUBUSSONS; PERSER TEPPICHE; TAPISSERIEN
http://w3id.org/zac/88731_lot_77,2,SPECCHI | TEXTILIEN; GOBELINS; TEPPICH
http://w3id.org/zac/88731_lot_90,2,ARAZZI | OGGETTI VARI
http://w3id.org/zac/88733_lot_2,2,OGGETTI IN RAME | OGGETTI VARI
http://w3id.org/zac/88734_lot_1,2,TERRECOTTE | PORCELLANE
http://w3id.org/zac/88734_lot_112,2,DIPINTI | PORCELLANE
http://w3id.org/zac/88734_lot_16,2,PORCELLANE | TERRECOTTE
http://w3id.org/zac/88734_lot_161,2,Dosen; Flakons | PORCELLANE
http://w3id.org/zac/88734_lot_18,2,OGGETTI IN METALLO | TERRECOTTE
http://w3id.org/zac/88734_lot_2,2,PORCELLANE | VETRI
http://w3id.org/zac/88734_lot_21,2,Glas; Fayence | OGGETTI IN ORO
http://w3id.org/zac/88734_lot_26,2,Glas; Fayence | Rustungen; Waffen
http://w3id.org/zac/88734_lot_261,2,BOTTIGLIE | Rustungen; Waffen
http://w3id.org/zac/88734_lot_3,2,LUSTRI | PORCELLANE
http://w3id.org/zac/88734_lot_40,2,Glas; Fayence | TAPPETI
http://w3id.org/zac/88734_lot_48,2,Glas; Fayence | SCOMPARTI
http://w3id.org/zac/88734_lot_7,2,SPECCHI | TERRECOTTE
http://w3id.org/zac/88734_lot_84,2,PORCELLANE | PIATTI
http://w3id.org/zac/88734_lot_9,2,TERRECOTTE | PIATTI
http://w3id.org/zac/88735_lot_111,2,ANTIKE MOBEL; BELEUCHTUNGEN | DIPINTI
http://w3id.org/zac/88735_lot_16,2,ANTIKE MOBEL; BELEUCHTUNGEN | PERSER TEPPICHE; GOBELINS
http://w3id.org/zac/88735_lot_21,2,PERSER TEPPICHE; GOBELINS | SPECCHI
http://w3id.org/zac/88735_lot_44,2,OGGETTI VARI | PORCELLANE
http://w3id.org/zac/88735_lot_48,2,DIPINTI | OGGETTI VARI
http://w3id.org/zac/88735_lot_57,2,ANTIKE MOBEL; BELEUCHTUNGEN | DIPINTI
http://w3id.org/zac/88735_lot_657,2,DIPINTI | STAMPE E INCISIONI
http://w3id.org/zac/88735_lot_75,2,ANTIKE MOBEL; BELEUCHTUNGEN | DIPINTI
http://w3id.org/zac/88737_lot_2,2,OGGETTI IN LEGNO | OGGETTI VARI
http://w3id.org/zac/88739_lot_108,2,SCOMPARTI | PIATTI
http://w3id.org/zac/88739_lot_372,2,BIANCHERIA | GRAPHIK; GEMALDE
http://w3id.org/zac/88739_lot_373,2,GRAPHIK; GEMALDE | STAMPE E INCISIONI
http://w3id.org/zac/88739_lot_384,2,GRAPHIK; GEMALDE | OGGETTI IN RAME
http://w3id.org/zac/88741_lot_12,2,OGGETTI IN METALLO | OGGETTI IN LEGNO
http://w3id.org/zac/88741_lot_15,2,OGGETTI IN LEGNO | OGGETTI IN METALLO
http://w3id.org/zac/88741_lot_18,2,DIPINTI | OGGETTI IN METALLO
http://w3id.org/zac/88741_lot_19,2,MINIATURE | OGGETTI IN METALLO
http://w3id.org/zac/88741_lot_22,2,MINIATURE | OGGETTI IN METALLO
http://w3id.org/zac/88741_lot_23,2,MINIATURE | OGGETTI IN METALLO
http://w3id.org/zac/88741_lot_29,2,BIANCHERIA | DISEGNI
http://w3id.org/zac/88741_lot_3,2,OGGETTI IN RAME | SCULTURE
http://w3id.org/zac/88741_lot_30,2,DISEGNI | SCULTURE
http://w3id.org/zac/88741_lot_33,2,DISEGNI | SCULTURE
http://w3id.org/zac/88741_lot_38,2,DISEGNI | SCULTURE
http://w3id.org/zac/88741_lot_4,2,DIPINTI | TAPPETI
http://w3id.org/zac/88742_lot_169,2,VASI | STAMPE E INCISIONI
http://w3id.org/zac/88743_lot_27,2,LAMPADE | OGGETTI VARI
http://w3id.org/zac/88743_lot_34,2,CAMINI | OGGETTI VARI
http://w3id.org/zac/88743_lot_36,2,OGGETTI VARI | VASI
http://w3id.org/zac/88743_lot_413,2,ABITI | MOBILI
http://w3id.org/zac/88743_lot_934,2,STAMPE E INCISIONI | RADIERUNGEN; KUPFERSTICHE
http://w3id.org/zac/88744_lot_135,2,Gemalde; Graphik; Bicher | TEXTILIEN; AUBUSSONS; PERSER TEPPICHE; TAPISSERIEN | Textilien; Aubussons; Perser Teppiche; Tapisserien
http://w3id.org/zac/88744_lot_15,2,ARAZZI | TEXTILIEN; AUBUSSONS; PERSER TEPPICHE; TAPISSERIEN | Textilien; Aubussons; Perser Teppiche; Tapisserien
http://w3id.org/zac/88744_lot_16,2,ARAZZI | TEXTILIEN; AUBUSSONS; PERSER TEPPICHE; TAPISSERIEN | Textilien; Aubussons; Perser Teppiche; Tapisserien
http://w3id.org/zac/88744_lot_82,2,Antike Mobel; Stilmobel | PIATTI
http://w3id.org/zac/88744_lot_92,2,Antike Mobel; Stilmobel | OGGETTI IN RAME
http://w3id.org/zac/88744_lot_98,2,DIPINTI | Gemalde; Graphik; Bicher
http://w3id.org/zac/88745_lot_1,2,LAMPADE | WIRTSCHAFTSGEGENSTANDE; GESCHIRR
http://w3id.org/zac/88745_lot_15,2,HAUSRAT; WANDTELLER; GIPSBUSTEN | PORCELLANE
http://w3id.org/zac/88745_lot_28,2,AVORI | METALL; STEIN; GLAS
http://w3id.org/zac/88745_lot_32,2,PORZELLAN; KERAMIK; ELFENBEINFIGUREN; ZWISCHENGOLDGLASER; BRONZEN | Silber; Schmuck | SILBER; SCHMUCK
http://w3id.org/zac/88745_lot_33,2,SILBER; SCHMUCK | PORZELLAN; KERAMIK; ELFENBEINFIGUREN; ZWISCHENGOLDGLASER; BRONZEN | Silber; Schmuck
http://w3id.org/zac/88747_lot_127,2,TEPPICHE; TEXTILIEN | Teppiche; Textilien | SCULTURE
http://w3id.org/zac/88747_lot_2,2,CERAMICHE | OGGETTI IN LEGNO
http://w3id.org/zac/88747_lot_6,2,CERAMICHE | DIPINTI
http://w3id.org/zac/88747_lot_I,2,DIPINTI | SCULTURE
http://w3id.org/zac/88749_lot_166,2,DIPINTI | OGGETTI VARI
http://w3id.org/zac/88749_lot_32,2,OGGETTI VARI | VASI
http://w3id.org/zac/88749_lot_637,2,VETRI | Plaketten; Porzellan
http://w3id.org/zac/88749_lot_72,2,MAIOLICHE | OGGETTI VARI
http://w3id.org/zac/88751_lot_15,2,OGGETTI IN PIETRA | OGGETTI IN RAME
http://w3id.org/zac/88751_lot_195,2,HANDZEICHNUNGEN  AQUARELLE UND GRAPHIK | OGGETTI IN RAME
http://w3id.org/zac/88751_lot_4,2,HANDZEICHNUNGEN  AQUARELLE UND GRAPHIK | STAMPE E INCISIONI
http://w3id.org/zac/88751_lot_7,2,HANDZEICHNUNGEN  AQUARELLE UND GRAPHIK | OGGETTI IN RAME
http://w3id.org/zac/88754_lot_I,2,DIPINTI | OGGETTI D'ARTE ORIENTALE
http://w3id.org/zac/88755_lot_10,2,MOBILI | Porzellan; Fayence | PORZELLAN; FAYENCE
http://w3id.org/zac/88755_lot_11,2,BRONZI | Porzellan; Fayence | PORZELLAN; FAYENCE
http://w3id.org/zac/88755_lot_15,2,Siberarbeiten; Mobel | SPECCHI
http://w3id.org/zac/88755_lot_16,2,BIANCHERIA | MOBILI
http://w3id.org/zac/88755_lot_185,2,SPECCHI | TAPPETI
http://w3id.org/zac/88755_lot_19,2,CORNICI | MOBILI
http://w3id.org/zac/88755_lot_26,2,Bronze; Zinn; Bildwerke | MOBILI
http://w3id.org/zac/88755_lot_28,2,Bronze; Zinn; Bildwerke | MOBILI
http://w3id.org/zac/88755_lot_46,2,MOBILI | TAPPETI
http://w3id.org/zac/88755_lot_55,2,MOBILI | Siberarbeiten; Mobel
http://w3id.org/zac/88755_lot_56,2,MOBILI | Siberarbeiten; Mobel
http://w3id.org/zac/88755_lot_58,2,MOBILI | Siberarbeiten; Mobel
http://w3id.org/zac/88755_lot_61,2,MOBILI | Siberarbeiten; Mobel
http://w3id.org/zac/88755_lot_65,2,MOBILI | Siberarbeiten; Mobel
http://w3id.org/zac/88759_lot_24,2,MOBEL; TEPPICHE; AUBUSSONS | PIATTI
http://w3id.org/zac/88759_lot_36,2,GRAPHIK; GEMALDE | MOBEL; TEPPICHE; AUBUSSONS
http://w3id.org/zac/88759_lot_4,2,MOBEL; TEPPICHE; AUBUSSONS | OGGETTI IN RAME
http://w3id.org/zac/88759_lot_43,2,MOBEL; TEPPICHE; AUBUSSONS | PIATTI
http://w3id.org/zac/88759_lot_52,2,GRAPHIK; GEMALDE | OGGETTI IN ORO
http://w3id.org/zac/88759_lot_675,2,GEMALDE; GRAPHIK | OGGETTI IN LEGNO
http://w3id.org/zac/88760_lot_11,2,ACQUEFORTI | OGGETTI IN RAME
http://w3id.org/zac/88760_lot_16,2,OGGETTI IN LEGNO | SCATOLE
http://w3id.org/zac/88760_lot_2,2,DECORAZIONI DA PARETE | OGGETTI IN LEGNO
http://w3id.org/zac/88760_lot_3,2,OGGETTI IN LEGNO | OGGETTI IN RAME
http://w3id.org/zac/88760_lot_6,2,OGGETTI IN LEGNO | STAMPE E INCISIONI
http://w3id.org/zac/88760_lot_8,2,OGGETTI IN PIOMBO | OGGETTI IN LEGNO
http://w3id.org/zac/88760_lot_9,2,OGGETTI IN RAME | OGGETTI IN PIOMBO
http://w3id.org/zac/88761_lot_10,2,Irdengut; Steinzeug | STAMPE E INCISIONI
http://w3id.org/zac/88761_lot_11,2,OGGETTI IN LATTA | STAMPE E INCISIONI
http://w3id.org/zac/88761_lot_12,2,OGGETTI IN LATTA | STAMPE E INCISIONI
http://w3id.org/zac/88761_lot_13,2,Irdengut; Steinzeug | STAMPE E INCISIONI
http://w3id.org/zac/88761_lot_14,2,Irdengut; Steinzeug | STAMPE E INCISIONI
http://w3id.org/zac/88761_lot_15,2,OGGETTI IN LATTA | STAMPE E INCISIONI
http://w3id.org/zac/88761_lot_16,2,OGGETTI IN LATTA | STAMPE E INCISIONI
http://w3id.org/zac/88761_lot_2,2,GIOIELLI | STAMPE E INCISIONI
http://w3id.org/zac/88761_lot_3,2,GIOIELLI | STAMPE E INCISIONI
http://w3id.org/zac/88761_lot_4,2,OGGETTI IN LATTA | STAMPE E INCISIONI
http://w3id.org/zac/88761_lot_6,2,Irdengut; Steinzeug | STAMPE E INCISIONI
http://w3id.org/zac/88761_lot_7,2,Irdengut; Steinzeug | STAMPE E INCISIONI
http://w3id.org/zac/88761_lot_8,2,OGGETTI IN LATTA | STAMPE E INCISIONI
http://w3id.org/zac/88761_lot_9,2,OGGETTI IN LATTA | STAMPE E INCISIONI
http://w3id.org/zac/88764_lot_12,2,Teppiche; Textilien | TEPPICHE; TEXTILIEN | VETRI
http://w3id.org/zac/88764_lot_16,2,TEPPICHE; TEXTILIEN | Teppiche; Textilien | VETRI
http://w3id.org/zac/88764_lot_17,2,VETRI | Teppiche; Textilien | TEPPICHE; TEXTILIEN
http://w3id.org/zac/88764_lot_19,2,TEPPICHE; TEXTILIEN | Teppiche; Textilien | SCATOLE
http://w3id.org/zac/88764_lot_20,2,Teppiche; Textilien | SCATOLE | TEPPICHE; TEXTILIEN
http://w3id.org/zac/88764_lot_23,2,OGGETTI LACCATI | Teppiche; Textilien | TEPPICHE; TEXTILIEN
http://w3id.org/zac/88764_lot_24,2,TEPPICHE; TEXTILIEN | Teppiche; Textilien | PIATTI
http://w3id.org/zac/88764_lot_25,2,TEPPICHE; TEXTILIEN | Teppiche; Textilien | PIATTI
http://w3id.org/zac/88764_lot_29,2,Teppiche; Textilien | TEPPICHE; TEXTILIEN | SPECCHI
http://w3id.org/zac/88764_lot_3,2,SCULTURE | Teppiche; Textilien | TEPPICHE; TEXTILIEN
http://w3id.org/zac/88764_lot_300,2,TAPPETI | TEPPICHE; TEXTILIEN | Teppiche; Textilien
http://w3id.org/zac/88765_lot_22,2,ANTICHITA' | BRONZI
http://w3id.org/zac/88765_lot_24,2,BRONZI | ANTICHITA'
http://w3id.org/zac/88765_lot_26,2,BRONZI | FAYENCEN; PORZELLANE
http://w3id.org/zac/88766_lot_17,2,ROLLBILDER; GRAPHIK | TESSUTI
http://w3id.org/zac/88766_lot_37,2,OGGETTI D'ARTE | TESSUTI
http://w3id.org/zac/88766_lot_46,2,PLASTIK; KUNSTGEWERBE | TESSUTI
http://w3id.org/zac/88768_lot_17,2,CORNICI | Holzschnitte; Aquarelle
http://w3id.org/zac/88768_lot_18,2,CORNICI | Holzschnitte; Aquarelle
http://w3id.org/zac/88770_lot_I,2,SPECCHI | SCULTURE
http://w3id.org/zac/88771_lot_25,2,OGGETTI D'ARTE ORIENTALE | FAYENCEN; MOBEL
http://w3id.org/zac/88771_lot_27,2,FAYENCEN; MOBEL | OGGETTI D'ARTE ORIENTALE
http://w3id.org/zac/88771_lot_35,2,OGGETTI D'ARTE ORIENTALE | FAYENCEN; MOBEL
http://w3id.org/zac/88772_lot_51,2,CANDELABRI | OGGETTI D'ARTE
http://w3id.org/zac/88772_lot_90,2,WEBEREIEN; KNUPFTEPPICHE | SPECCHI
http://w3id.org/zac/88772_lot_I,2,ABITI | OGGETTI D'ARTE
http://w3id.org/zac/88773_lot_17,2,DIPINTI | SPECCHI
http://w3id.org/zac/88773_lot_5,2,Keramik; Fayence | DIPINTI
http://w3id.org/zac/88773_lot_75,2,Schmudk; Silberarbeiten | SCULTURE
http://w3id.org/zac/88773_lot_9,2,DIPINTI | PIATTI
http://w3id.org/zac/88775_lot_I,2,CORNICI | OGGETTI VARI
http://w3id.org/zac/88778_lot_198,2,ARREDAMENTI | STICHE; GEMALDE
http://w3id.org/zac/88779_lot_I,2,COPPE | OGGETTI VARI
http://w3id.org/zac/88781_lot_107,2,MOBEL; PLASTIK; BELEUCHTUNGEN | DIPINTI
http://w3id.org/zac/88781_lot_3,2,BRONZI | DIPINTI
http://w3id.org/zac/88782_lot_109,2,LIBRI | MOBILI
http://w3id.org/zac/88782_lot_27,2,CERAMICHE | TEXTILIEN; AUBUSSONS; PERSER TEPPICHE
http://w3id.org/zac/88782_lot_31,2,CERAMICHE | SPECCHI
http://w3id.org/zac/88782_lot_32,2,CERAMICHE | SPECCHI
http://w3id.org/zac/88782_lot_426,2,GRAPHIK; GEMALDE | OGGETTI IN LEGNO
http://w3id.org/zac/88782_lot_49,2,CANDELABRI | SILBER; BRONZE; ZINN
http://w3id.org/zac/88782_lot_55,2,CERAMICHE | BIANCHERIA
http://w3id.org/zac/88783_lot_108,2,ARMI | VASI
http://w3id.org/zac/88783_lot_115,2,ARMI | VETRI
http://w3id.org/zac/88783_lot_12,2,OGGETTI IN LATTA | VETRI
http://w3id.org/zac/88783_lot_125,2,OGGETTI IN METALLO | VETRI
http://w3id.org/zac/88783_lot_13,2,GIOIELLI | MAIOLICHE
http://w3id.org/zac/88783_lot_130,2,Porzellan; Bronzen | VETRI
http://w3id.org/zac/88783_lot_135,2,VETRI | Porzellan; Steingut
http://w3id.org/zac/88783_lot_15,2,GIOIELLI | VETRI
http://w3id.org/zac/88783_lot_17,2,GIOIELLI | VETRI
http://w3id.org/zac/88783_lot_170,2,BAULI | VETRI
http://w3id.org/zac/88783_lot_18,2,OGGETTI VARI | VETRI
http://w3id.org/zac/88783_lot_180,2,OGGETTI VARI | VETRI
http://w3id.org/zac/88783_lot_2,2,GIOIELLI | VETRI
http://w3id.org/zac/88783_lot_200,2,ARMI | VETRI
http://w3id.org/zac/88783_lot_201,2,OGGETTI IN LATTA | Porzellan; Bronzen
http://w3id.org/zac/88783_lot_205,2,OGGETTI IN PELLE | VETRI
http://w3id.org/zac/88783_lot_207,2,OGGETTI VARI | VETRI
http://w3id.org/zac/88783_lot_235,2,Orientteppihe; Textilen | VETRI
http://w3id.org/zac/88783_lot_24,2,GIOIELLI | VETRI
http://w3id.org/zac/88783_lot_250,2,MOBILI | OGGETTI VARI
http://w3id.org/zac/88783_lot_260,2,CORNICI | MAIOLICHE
http://w3id.org/zac/88783_lot_315,2,ARMI | Porzellan; Bronzen
http://w3id.org/zac/88783_lot_32,2,MAIOLICHE | GIOIELLI
http://w3id.org/zac/88783_lot_34,2,MAIOLICHE | OGGETTI IN PELLE
http://w3id.org/zac/88783_lot_350,2,ARMI | Orientteppihe; Textilen
http://w3id.org/zac/88783_lot_36,2,MAIOLICHE | VETRI
http://w3id.org/zac/88783_lot_38,2,ARMI | MAIOLICHE
http://w3id.org/zac/88783_lot_45,2,MAIOLICHE | Orientteppihe; Textilen
http://w3id.org/zac/88783_lot_480,2,MOBILI | DIPINTI
http://w3id.org/zac/88783_lot_5,2,GIOIELLI | VETRI
http://w3id.org/zac/88783_lot_530,2,DIPINTI | Orientteppihe; Textilen
http://w3id.org/zac/88783_lot_550,2,MOBILI | OGGETTI IN LEGNO
http://w3id.org/zac/88783_lot_6,2,GIOIELLI | SCULTURE
http://w3id.org/zac/88783_lot_64,2,MAIOLICHE | GIOIELLI
http://w3id.org/zac/88783_lot_8,2,GIOIELLI | LIBRI
http://w3id.org/zac/88783_lot_9,2,DIPINTI | GIOIELLI
http://w3id.org/zac/88783_lot_95,2,OGGETTI IN PELLE | Porzellan; Steingut
http://w3id.org/zac/88783_lot_98,2,GIOIELLI | Porzellan; Steingut
http://w3id.org/zac/88783_lot_I,2,DIPINTI | VETRI
http://w3id.org/zac/88785_lot_18,2,TEPPICHE; TEXTILIEN | Teppiche; Textilien | Ton; Irdengut; Steinzeug
http://w3id.org/zac/88785_lot_2,2,CERAMICHE | Teppiche; Textilien | TEPPICHE; TEXTILIEN
http://w3id.org/zac/88785_lot_24,2,MAIOLICHE | PLACCHETTE
http://w3id.org/zac/88785_lot_3,2,OGGETTI IN LEGNO | Ton; Irdengut; Steinzeug
http://w3id.org/zac/88785_lot_37,2,MAIOLICHE | DIPINTI
http://w3id.org/zac/88785_lot_5,2,CERAMICHE | DIPINTI
http://w3id.org/zac/88785_lot_58,2,MOBILI | MAIOLICHE
http://w3id.org/zac/88785_lot_8,2,GIOIELLI | Ton; Irdengut; Steinzeug
http://w3id.org/zac/88786_lot_I,2,OGGETTI VARI | SCULTURE
http://w3id.org/zac/88789_lot_241,2,BIANCHERIA | OGGETTI D'ARTE POPOLARE
http://w3id.org/zac/88790_lot_10,2,ANTICHITA' | SCATOLE
http://w3id.org/zac/88790_lot_13,2,ANTICHITA' | OGGETTI D'ARTE ORIENTALE
http://w3id.org/zac/88790_lot_14,2,OGGETTI D'ARTE ORIENTALE | PORCELLANE
http://w3id.org/zac/88790_lot_15,2,OGGETTI D'ARTE ORIENTALE | PORCELLANE
http://w3id.org/zac/88790_lot_16,2,OGGETTI D'ARTE ORIENTALE | PORCELLANE
http://w3id.org/zac/88790_lot_18,2,OGGETTI D'ARTE ORIENTALE | PORCELLANE
http://w3id.org/zac/88790_lot_19,2,OGGETTI D'ARTE ORIENTALE | PORCELLANE
http://w3id.org/zac/88790_lot_2,2,OGGETTI D'ARTE ORIENTALE | PORCELLANE
http://w3id.org/zac/88790_lot_20,2,OGGETTI D'ARTE ORIENTALE | OGGETTI IN ORO
http://w3id.org/zac/88790_lot_33,2,OGGETTI D'ARTE ORIENTALE | OGGETTI IN ORO
http://w3id.org/zac/88790_lot_536,2,SCATOLE | PORCELLANE
http://w3id.org/zac/88790_lot_7,2,OGGETTI D'ARTE ORIENTALE | PORCELLANE
http://w3id.org/zac/88790_lot_889,2,OGGETTI D'ARTE ORIENTALE | STAMPE E INCISIONI
http://w3id.org/zac/88790_lot_9,2,ANTICHITA' | OGGETTI D'ARTE ORIENTALE
http://w3id.org/zac/88792_lot_10,2,ARGENTI | OGGETTI VARI
http://w3id.org/zac/88792_lot_1485,2,OGGETTI IN ORO | TAPPETI
http://w3id.org/zac/88792_lot_18,2,ARGENTI | BRONZI
http://w3id.org/zac/88792_lot_9,2,LAMPADE | OGGETTI VARI
http://w3id.org/zac/88793_lot_20,2,OGGETTI IN LEGNO | OGGETTI IN RAME
http://w3id.org/zac/88794_lot_168,2,DIPINTI | OGGETTI IN LEGNO
http://w3id.org/zac/88794_lot_67,2,LIBRI | OGGETTI VARI
http://w3id.org/zac/88794_lot_70,2,DIPINTI | SCOMPARTI
http://w3id.org/zac/88795_lot_22,2,Bronze; Messing; Kupfer | BRONZE; MESSING; KUPFER | STEINZEUG; FAYENCE; GLAS
http://w3id.org/zac/88799_lot_1,2,OGGETTI D'ARTE ORIENTALE | OGGETTI VARI
http://w3id.org/zac/88802_lot_I,2,MAIOLICHE | OGGETTI IN LEGNO
http://w3id.org/zac/88803_lot_162,2,Porzellan; Fayencen | Stickereien; Teppiche; Gobelins
http://w3id.org/zac/88803_lot_3,2,MINIATURE | Porzellan; Fayencen
http://w3id.org/zac/88804_lot_17,2,OGGETTI IN RAME | SCULTURE
http://w3id.org/zac/88804_lot_18,2,BRONZI | MOBILI
http://w3id.org/zac/88804_lot_4,2,MOBILI | OGGETTI IN LEGNO
http://w3id.org/zac/88806_lot_1,2,CERAMICHE | OGGETTI IN METALLO
http://w3id.org/zac/88806_lot_11,2,OGGETTI IN METALLO | Ton; Steinzeug; Fayence
http://w3id.org/zac/88806_lot_13,2,OGGETTI IN METALLO | Ton; Steinzeug; Fayence
http://w3id.org/zac/88806_lot_15,2,OGGETTI IN LEGNO | PIATTI
http://w3id.org/zac/88806_lot_17,2,MAIOLICHE | DIPINTI
http://w3id.org/zac/88806_lot_26,2,OGGETTI VARI | TAPPETI
http://w3id.org/zac/88806_lot_28,2,MOBEL; EINRICHTUNGSGEGENSTANDE | Mobel; Einrichtungsgegenstande | PORCELLANE
http://w3id.org/zac/88806_lot_36,2,OGGETTI IN ORO | PORCELLANE
http://w3id.org/zac/88806_lot_38,2,DISEGNI | PORCELLANE
http://w3id.org/zac/88806_lot_40,2,DISEGNI | PORCELLANE
http://w3id.org/zac/88806_lot_41,2,DIPINTI | PORCELLANE
http://w3id.org/zac/88806_lot_6,2,OGGETTI VARI | PORCELLANE
http://w3id.org/zac/88806_lot_8,2,VASI | Ton; Steinzeug; Fayence
http://w3id.org/zac/88806_lot_9,2,OGGETTI VARI | OGGETTI IN METALLO
http://w3id.org/zac/88808_lot_4,2,CORNICI | OGGETTI IN LEGNO
http://w3id.org/zac/88812_lot_21,2,DIPINTI | PORCELLANE
http://w3id.org/zac/88812_lot_338,2,CERAMICHE | SCATOLE
http://w3id.org/zac/88814_lot_140,2,OGGETTI VARI | PORCELLANE
http://w3id.org/zac/88814_lot_17,2,MOBILI | VETRI
http://w3id.org/zac/88814_lot_175,2,OGGETTI VARI | PORCELLANE
http://w3id.org/zac/88814_lot_18,2,ARREDAMENTI | MOBILI
http://w3id.org/zac/88814_lot_185,2,PORCELLANE | VETRI
http://w3id.org/zac/88814_lot_2,2,OGGETTI VARI | PORCELLANE
http://w3id.org/zac/88814_lot_235,2,VETRI | PORCELLANE
http://w3id.org/zac/88814_lot_282,2,ARREDAMENTI | Unedles Metall; Mebinltrumente
http://w3id.org/zac/88814_lot_295,2,PORCELLANE | Unedles Metall; Mebinltrumente
http://w3id.org/zac/88814_lot_300,2,MOBILI | PORCELLANE
http://w3id.org/zac/88814_lot_320,2,MOBILI | PORCELLANE
http://w3id.org/zac/88814_lot_37,2,ARREDAMENTI | DISEGNI
http://w3id.org/zac/88814_lot_370,2,DIPINTI | Unedles Metall; Mebinltrumente
http://w3id.org/zac/88814_lot_410,2,SCATOLE | PORCELLANE
http://w3id.org/zac/88814_lot_44,2,ARREDAMENTI | SCULTURE
http://w3id.org/zac/88814_lot_5,2,DISEGNI | TERRECOTTE
http://w3id.org/zac/88814_lot_I,2,DIPINTI | OGGETTI IN METALLO
http://w3id.org/zac/90052_lot_10,2,OGGETTI VARI | VASI
http://w3id.org/zac/90052_lot_2,2,LAMPADE | SEDIE
http://w3id.org/zac/90052_lot_4,2,LAMPADE | POLTRONE
http://w3id.org/zac/90052_lot_6,2,SPECCHI | POLTRONE
http://w3id.org/zac/90052_lot_8,2,CORNICI | SEDIE
http://w3id.org/zac/90076_lot_26,2,BISCOTTI | MINIATURE
http://w3id.org/zac/90076_lot_3,2,BASSORILIEVI | MINIATURE
http://w3id.org/zac/90076_lot_44,2,BISCOTTI | PIATTI
http://w3id.org/zac/90079_lot_2,2,ANTICHITA' | OGGETTI D'ARTE
http://w3id.org/zac/90079_lot_6,2,VASI | SCUDI
http://w3id.org/zac/90087_lot_1010,2,ARMI | OGGETTI IN LEGNO
http://w3id.org/zac/90087_lot_111,2,JAGDBESTECKE; JAGDUTENSILIEN | VETRI
http://w3id.org/zac/90087_lot_1301,2,AVORI | TABACCHIERE
http://w3id.org/zac/90087_lot_14,2,OGGETTI IN LATTA | ROSENKRANZE; ROSENKRANZANHANGER
http://w3id.org/zac/90087_lot_16,2,AVORI | TERRECOTTE
http://w3id.org/zac/90087_lot_165,2,OGGETTI IN LATTA | PORCELLANE
http://w3id.org/zac/90087_lot_1660,2,OGGETTI IN LEGNO | Samte; Brokate; Damaste; Stickereien; Spitzen
http://w3id.org/zac/90087_lot_185,2,MATHEMATISCHE INSTRUMENTE; OPTISCHE INSTRUMENTE | VASI
http://w3id.org/zac/90087_lot_201,2,OGGETTI VARI | PORCELLANE
http://w3id.org/zac/90087_lot_21,2,OGGETTI D'ARTE | Samte; Brokate; Damaste; Stickereien; Spitzen
http://w3id.org/zac/90087_lot_24,2,ARGENTI | GIOIELLI
http://w3id.org/zac/90087_lot_259,2,LIBRI | MERLETTI
http://w3id.org/zac/90087_lot_26,2,ARGENTI | GIOIELLI
http://w3id.org/zac/90087_lot_266,2,LIBRI | STAGNI
http://w3id.org/zac/90087_lot_270,2,OGGETTI VARI | Samte; Brokate; Damaste; Stickereien; Spitzen
http://w3id.org/zac/90087_lot_28,2,MATHEMATISCHE INSTRUMENTE; OPTISCHE INSTRUMENTE | TERRECOTTE
http://w3id.org/zac/90087_lot_280,2,Dosen; Bichschen | OGGETTI IN LEGNO
http://w3id.org/zac/90087_lot_281,2,Dosen; Bichschen | VETRI
http://w3id.org/zac/90087_lot_308,2,AVORI | VETRI
http://w3id.org/zac/90087_lot_309,2,AVORI | OGGETTI VARI
http://w3id.org/zac/90087_lot_337,2,ARREDAMENTI | STAGNI
http://w3id.org/zac/90087_lot_34,2,OGGETTI VARI | ROSENKRANZE; ROSENKRANZANHANGER
http://w3id.org/zac/90087_lot_340,2,MOBILI | GIOIELLI
http://w3id.org/zac/90087_lot_36,2,JAGDBESTECKE; JAGDUTENSILIEN | TERRECOTTE
http://w3id.org/zac/90087_lot_4,2,GIOIELLI | VETRI
http://w3id.org/zac/90087_lot_41,2,Fayencen; Majoliken | Samte; Brokate; Damaste; Stickereien; Spitzen
http://w3id.org/zac/90087_lot_426,2,ARBEITEN IN BRONZE; MESSING; KUPFER | OGGETTI IN ORO
http://w3id.org/zac/90087_lot_450,2,OGGETTI IN LEGNO | OGGETTI VARI
http://w3id.org/zac/90087_lot_48,2,MEDAGLIE | Samte; Brokate; Damaste; Stickereien; Spitzen
http://w3id.org/zac/90087_lot_52,2,MAIOLICHE | VETRI
http://w3id.org/zac/90087_lot_58,2,ARGENTI | Fayencen; Majoliken
http://w3id.org/zac/90087_lot_6,2,GIOIELLI | VETRI
http://w3id.org/zac/90087_lot_61,2,GIOIELLI | JAGDBESTECKE; JAGDUTENSILIEN
http://w3id.org/zac/90087_lot_63,2,ARMI | PORCELLANE
http://w3id.org/zac/90087_lot_650,2,OGGETTI IN LEGNO | TERRECOTTE
http://w3id.org/zac/90087_lot_66,2,AVORI | PORCELLANE
http://w3id.org/zac/90087_lot_7,2,ARMI | ARBEITEN IN BRONZE; MESSING; KUPFER
http://w3id.org/zac/90087_lot_71,2,OGGETTI IN FERRO | OGGETTI VARI
http://w3id.org/zac/90087_lot_751,2,ARBEITEN IN BRONZE; MESSING; KUPFER | OGGETTI IN RAME
http://w3id.org/zac/90087_lot_78,2,GIOIELLI | MERLETTI
http://w3id.org/zac/90087_lot_860,2,OGGETTI IN FERRO | OGGETTI IN RAME
http://w3id.org/zac/90087_lot_894,2,OGGETTI IN FERRO | VASI
http://w3id.org/zac/90087_lot_911,2,ARBEITEN IN BRONZE; MESSING; KUPFER | OGGETTI IN FERRO
http://w3id.org/zac/90087_lot_916,2,GIOIELLI | OGGETTI IN FERRO
http://w3id.org/zac/90088_lot_13,2,ABITI | DENTELLES; GUIPURES
http://w3id.org/zac/90088_lot_15,2,ABITI | DENTELLES; GUIPURES
http://w3id.org/zac/90088_lot_16,2,ABITI | DENTELLES; GUIPURES
http://w3id.org/zac/90088_lot_19,2,ABITI | ROBES; COSTUMES
http://w3id.org/zac/90088_lot_2,2,ABITI | LIBRI
http://w3id.org/zac/90088_lot_3,2,ABITI | ROBES; COSTUMES
http://w3id.org/zac/90097_lot_1,2,GIOIELLI | STAMPE E INCISIONI
http://w3id.org/zac/90097_lot_13,2,MAIOLICHE | PIATTI
http://w3id.org/zac/90097_lot_4,2,OGGETTI IN LEGNO | SCULTURE
http://w3id.org/zac/B003522_lot_6,2,VASI | SCATOLE
http://w3id.org/zac/B1210_lot_14,2,BASSORILIEVI | OGGETTI IN LEGNO
http://w3id.org/zac/B14151_lot_17,2,CORNICI | VASI
http://w3id.org/zac/B14151_lot_27,2,ARREDAMENTI | MINIATURE
http://w3id.org/zac/B14151_lot_5,2,ARREDAMENTI | OGGETTI VARI
http://w3id.org/zac/B15101_lot_109,2,OGGETTI IN LEGNO | OGGETTI VARI
http://w3id.org/zac/B15101_lot_112,2,GIOIELLI | OGGETTI IN LEGNO
http://w3id.org/zac/B15101_lot_116,2,GIOIELLI | VASI
http://w3id.org/zac/B15101_lot_118,2,GIOIELLI | STAMPE E INCISIONI
http://w3id.org/zac/B15101_lot_128,2,GIOIELLI | OGGETTI VARI
http://w3id.org/zac/B15101_lot_131,2,GIOIELLI | OGGETTI VARI
http://w3id.org/zac/B15101_lot_132,2,GIOIELLI | VASI
http://w3id.org/zac/B15101_lot_133,2,ARREDAMENTI | GIOIELLI
http://w3id.org/zac/B15101_lot_135,2,GIOIELLI | OGGETTI IN LEGNO
http://w3id.org/zac/B15101_lot_138,2,ARAZZI | OGGETTI VARI
http://w3id.org/zac/B15101_lot_143,2,OGGETTI IN LEGNO | VASI
http://w3id.org/zac/B15101_lot_15,2,OGGETTI VARI | SCOMPARTI
http://w3id.org/zac/B15101_lot_156,2,CANDELABRI | VASI
http://w3id.org/zac/B15101_lot_163,2,TESSUTI | VASI
http://w3id.org/zac/B15101_lot_167,2,BISCOTTI | DIPINTI
http://w3id.org/zac/B15101_lot_169,2,OGGETTI IN LEGNO | VASI
http://w3id.org/zac/B15101_lot_175,2,OGGETTI IN LEGNO | VASI
http://w3id.org/zac/B15101_lot_178,2,DECORAZIONI DA PARETE | OGGETTI IN LEGNO
http://w3id.org/zac/B15101_lot_181,2,BASSORILIEVI | OGGETTI IN LEGNO
http://w3id.org/zac/B15101_lot_185,2,AQUARELLES; PASTELS | OGGETTI IN LEGNO
http://w3id.org/zac/B15101_lot_19,2,GIOIELLI | OGGETTI IN LEGNO
http://w3id.org/zac/B15101_lot_223,2,MINIATURE | GIOIELLI
http://w3id.org/zac/B15101_lot_35,2,OGGETTI VARI | OGGETTI IN LEGNO
http://w3id.org/zac/B15101_lot_53,2,LAMPADE | OGGETTI VARI
http://w3id.org/zac/B15101_lot_58,2,OGGETTI VARI | PORCELLANE
http://w3id.org/zac/B15101_lot_61,2,DECORAZIONI DA PARETE | PORCELLANE
http://w3id.org/zac/B15101_lot_628,2,OGGETTI IN LEGNO | PORCELLANE
http://w3id.org/zac/B15101_lot_63,2,VASI | PORCELLANE
http://w3id.org/zac/B15101_lot_66,2,DECORAZIONI DA PARETE | TABACCHIERE
http://w3id.org/zac/B15101_lot_68,2,TABACCHIERE | STAMPE E INCISIONI
http://w3id.org/zac/B15101_lot_7,2,OGGETTI IN LEGNO | TABACCHIERE
http://w3id.org/zac/B15101_lot_75,2,ARMI | OGGETTI IN LEGNO
http://w3id.org/zac/B15101_lot_76,2,CANDELABRI | ARMI
http://w3id.org/zac/B15101_lot_82,2,OGGETTI VARI | OGGETTI IN LEGNO
http://w3id.org/zac/B15101_lot_9,2,BIANCHERIA | OGGETTI IN LEGNO
http://w3id.org/zac/B2246_lot_122,2,BRONZI | ARMI
http://w3id.org/zac/B2246_lot_189,2,BRONZI | PORCELLANE
http://w3id.org/zac/B2246_lot_272,2,BRONZI | VASI
http://w3id.org/zac/B2246_lot_383,2,LUSTRI | PORCELLANE
http://w3id.org/zac/B2246_lot_384,2,BRONZI | PORCELLANE
http://w3id.org/zac/B2246_lot_457,2,BRONZI | OGGETTI VARI
http://w3id.org/zac/B2246_lot_99,2,BRONZI | OGGETTI VARI
http://w3id.org/zac/B2246_lot_I,2,MARMI | PORCELLANE
